themes,solution,epd,rating,rating_dev,to_move,cp_eval,move1cp,nodes,move1multiPV,move1sel_depth,move1w,move1d,move1l,move2cp,move2multiPV,move2sel_depth,move2w,move2d,move2l,move3cp,move3multiPV,move3sel_depth,move3w,move3d,move3l,orig_w,orig_d,orig_l,white_material,black_material,material_balance,total_material,white_P,white_N,white_B,white_R,white_Q,white_K,black_p,black_n,black_b,black_r,black_q,black_k,crushing,hangingPiece,long,middlegame,advantage,endgame,short,rookEndgame,fork,pawnEndgame,mate,mateIn2,operaMate,master,interference,kingsideAttack,veryLong,zugzwang,exposedKing,skewer,mateIn1,oneMove,opening,pin,quietMove,backRankMate,discoveredAttack,sacrifice,bishopEndgame,bodenMate,deflection,morphysMate,smotheredMate,advancedPawn,attraction,promotion,mateIn3,masterVsMaster,superGM,queensideAttack,knightEndgame,cornerMate,defensiveMove,queenEndgame,attackingF2F7,queenRookEndgame,clearance,intermezzo,equality,pillsburysMate,trappedPiece,hookMate,discoveredCheck,xRayAttack,capturingDefender,swallowstailMate,doubleBishopMate,doubleCheck,arabianMate,mateIn4,epauletteMate,enPassant,vukovicMate,dovetailMate,triangleMate,balestraMate,collinearMove,killBoxMate,anastasiaMate,blindSwineMate,castling,mateIn5,underPromotion,collinear,meaningful_L1,meaningful_L2,meaningful_L3,branching_L2,branching_L3,avg_branching,narrow_L1,narrow_L2,narrow_L3,distance_L1,distance_L2,distance_L3,pieces_L1,pieces_L2,pieces_L3,all_pieces_involved,winning_no_mate,possible_L1,possible_L2,possible_L3,all_possible_moves,all_narrow_solutions,tree_size,move_ratio_L1,move_ratio_L2,move_ratio_L3,sum_distance,avg_distance,solved1320,solved1500,solved1750,solved2000,solved2250,solved2500,solved2750,solved3000
crushing hangingPiece long middlegame,f2g3 e6e7 b2b1 b3c1 b1c1 h6c1,r6k/pp2r2p/4Rp1Q/3p4/8/1N1P2b1/PqP3PP/7K w - -,1935,76,1,742,785,2151415,1,62,1000,0,0,-559,2,25,0,0,1000,-627.0,3.0,23.0,0.0,0.0,1000.0,1000,0,0,22,27,-5,49,5,1,0,1,1,1,5,0,1,2,1,1,1,1,1,1,0,0,0,0,0,0,0,0,0,0,0,0,0,0,0,0,0,0,0,0,0,0,0,0,0,0,0,0,0,0,0,0,0,0,0,0,0,0,0,0,0,0,0,0,0,0,0,0,0,0,0,0,0,0,0,0,0,0,0,0,0,0,0,0,0,0,0,0,0,0,1,2,2,2.0,1.0,1.5,1,0,2,1,2,4,1,1,1,3,1,39,1399,48160,49598,3,5,0.0256410256410256,0.0014295925661186,4.152823920265781e-05,7,1.4,1,1,1,1,1,1,1,1
advantage endgame short,d3d6 f8d8 d6d8 f6d8,5rk1/1p3ppp/pq1Q1b2/8/8/1P3N2/P4PPP/3R2K1 b - -,1414,75,-1,468,470,338132,1,32,1000,0,0,31,2,30,12,988,0,22.0,3.0,34.0,6.0,994.0,0.0,1000,0,0,22,22,0,44,5,1,0,1,1,1,5,0,1,1,1,1,0,0,0,0,1,1,1,0,0,0,0,0,0,0,0,0,0,0,0,0,0,0,0,0,0,0,0,0,0,0,0,0,0,0,0,0,0,0,0,0,0,0,0,0,0,0,0,0,0,0,0,0,0,0,0,0,0,0,0,0,0,0,0,0,0,0,0,0,0,0,0,0,0,0,1,1,2,1.0,2.0,1.5,1,1,0,2,2,9,1,1,2,2,1,33,1403,47263,48699,2,4,0.0303030303030303,0.0007127583749109,4.231639972071176e-05,13,3.25,0,0,1,1,1,1,1,1
advantage endgame rookEndgame short,e7f7 f5e5 e2f1 e5e6,8/5R2/1p2P3/p4r2/P6p/1P3Pk1/4K3/8 b - -,1385,80,-1,243,290,265488,1,31,1000,0,0,-314,2,21,0,0,1000,-473.0,3.0,31.0,0.0,0.0,1000.0,1000,0,0,9,8,1,17,4,0,0,1,0,1,3,0,0,1,0,1,0,0,0,0,1,1,1,1,0,0,0,0,0,0,0,0,0,0,0,0,0,0,0,0,0,0,0,0,0,0,0,0,0,0,0,0,0,0,0,0,0,0,0,0,0,0,0,0,0,0,0,0,0,0,0,0,0,0,0,0,0,0,0,0,0,0,0,0,0,0,0,0,0,0,1,2,2,2.0,1.0,1.5,1,0,2,1,2,2,1,1,1,2,1,16,281,4156,4453,3,5,0.0625,0.0071174377224199,0.0004812319538017,5,1.0,0,1,1,1,1,1,1,1
advantage middlegame short,b6c5 e2g4 h3g4 d1g4,r2qr1k1/b1p2ppp/p5n1/P1p1p3/4P1n1/B2P2Pb/3NBP1P/RN1QR1K1 w - -,1084,74,1,281,277,94038,1,25,999,1,0,-157,2,23,0,86,914,-167.0,3.0,24.0,0.0,58.0,942.0,999,1,0,37,38,-1,75,6,2,2,2,1,1,7,2,2,2,1,1,0,0,0,1,1,0,1,0,0,0,0,0,0,0,0,0,0,0,0,0,0,0,0,0,0,0,0,0,0,0,0,0,0,0,0,0,0,0,0,0,0,0,0,0,0,0,0,0,0,0,0,0,0,0,0,0,0,0,0,0,0,0,0,0,0,0,0,0,0,0,0,0,0,0,1,1,1,1.0,1.0,1.0,1,1,1,2,1,3,1,1,1,2,1,22,831,21271,22124,3,3,0.0454545454545454,0.0012033694344163,4.701236425179822e-05,6,2.0,0,1,1,1,1,1,1,1
crushing endgame fork short,e4d2 d4e2 g1f1 e2c3,6k1/5p1p/4p3/4q3/3n4/2Q3P1/PP1N1P1P/6K1 b - -,1550,75,-1,549,550,546839,1,38,1000,0,0,-211,2,18,0,1,999,-273.0,3.0,15.0,0.0,0.0,1000.0,1000,0,0,17,15,2,32,5,1,0,0,1,1,3,1,0,0,1,1,1,0,0,0,0,1,1,0,1,0,0,0,0,0,0,0,0,0,0,0,0,0,0,0,0,0,0,0,0,0,0,0,0,0,0,0,0,0,0,0,0,0,0,0,0,0,0,0,0,0,0,0,0,0,0,0,0,0,0,0,0,0,0,0,0,0,0,0,0,0,0,0,0,0,1,2,2,2.0,1.0,1.5,1,0,2,2,2,4,1,1,1,2,1,33,960,28443,29436,3,5,0.0303030303030303,0.0020833333333333,7.031607073796716e-05,8,1.6,1,1,1,1,1,1,1,1
advantage endgame short,c4c2 e4c2 a2a1 c2b1,2Q2bk1/5p1p/p5p1/2p3P1/4B3/7P/qPr2P2/2K4R w - -,1582,75,1,401,441,1035729,1,44,1000,0,0,0,2,17,2,997,1,1500.0,3.0,3.0,0.0,0.0,1000.0,1000,0,0,21,22,-1,43,4,0,1,1,1,1,5,0,1,1,1,1,0,0,0,0,1,1,1,0,0,0,0,0,0,0,0,0,0,0,0,0,0,0,0,0,0,0,0,0,0,0,0,0,0,0,0,0,0,0,0,0,0,0,0,0,0,0,0,0,0,0,0,0,0,0,0,0,0,0,0,0,0,0,0,0,0,0,0,0,0,0,0,0,0,0,1,1,1,1.0,1.0,1.0,1,1,1,2,1,1,1,1,1,3,1,3,61,1752,1816,3,3,0.3333333333333333,0.0163934426229508,0.0005707762557077,4,1.3333333333333333,1,1,1,1,1,1,1,1
crushing endgame long,g6f5 d5c5 c2e4 h5g5 g7h8 g5f6,r4r2/1p3pkp/p7/3R1p1Q/3P4/8/P1q2P2/3R2K1 w - -,2861,108,1,432,437,95739,1,37,1000,0,0,16,2,30,5,994,1,0.0,3.0,20.0,2.0,996.0,2.0,1000,0,0,22,24,-2,46,3,0,0,2,1,1,5,0,0,2,1,1,1,0,1,0,0,1,0,0,0,0,0,0,0,0,0,0,0,0,0,0,0,0,0,0,0,0,0,0,0,0,0,0,0,0,0,0,0,0,0,0,0,0,0,0,0,0,0,0,0,0,0,0,0,0,0,0,0,0,0,0,0,0,0,0,0,0,0,0,0,0,0,0,0,0,1,1,1,1.0,1.0,1.0,1,1,1,1,1,1,1,1,1,2,1,36,1161,39722,40919,3,3,0.0277777777777777,0.0008613264427217,2.517496601379588e-05,3,1.0,0,1,0,0,1,1,1,1
crushing endgame long pawnEndgame,g4h5 g6h5 f4f5 e6e5 f5f6 e5f6,8/8/4k1p1/2KpP2P/5P2/8/8/8 b - -,1574,78,-1,398,515,267774,1,22,1000,0,0,-512,2,42,0,0,1000,-538.0,3.0,26.0,0.0,0.0,1000.0,1000,0,0,3,2,1,5,3,0,0,0,0,1,2,0,0,0,0,1,1,0,1,0,0,1,0,0,0,1,0,0,0,0,0,0,0,0,0,0,0,0,0,0,0,0,0,0,0,0,0,0,0,0,0,0,0,0,0,0,0,0,0,0,0,0,0,0,0,0,0,0,0,0,0,0,0,0,0,0,0,0,0,0,0,0,0,0,0,0,0,0,0,0,1,2,3,2.0,1.5,1.75,1,0,1,1,2,3,1,1,1,2,1,7,63,448,518,2,6,0.1428571428571428,0.0317460317460317,0.0066964285714285,6,1.0,1,1,1,1,1,1,1,1
endgame mate mateIn2 operaMate short,e5f6 e8e1 g1f2 e1f1,4r3/1k6/pp3P2/1b5p/3R1p2/P1R2P2/1P4PP/6K1 b - -,1376,75,-1,-1500,-1500,56417,1,4,1000,0,0,-519,2,18,0,0,1000,-581.0,3.0,20.0,0.0,0.0,1000.0,1000,0,0,16,12,4,28,6,0,0,2,0,1,4,0,1,1,0,1,0,0,0,0,0,1,1,0,0,0,1,1,1,0,0,0,0,0,0,0,0,0,0,0,0,0,0,0,0,0,0,0,0,0,0,0,0,0,0,0,0,0,0,0,0,0,0,0,0,0,0,0,0,0,0,0,0,0,0,0,0,0,0,0,0,0,0,0,0,0,0,0,0,0,1,1,0,1.0,0.0,0.5,1,1,0,7,1,0,1,1,0,2,0,26,792,18291,19109,2,2,0.0384615384615384,0.0012626262626262,0.0,8,4.0,0,1,1,1,1,1,1,1
advantage master middlegame short,g5e7 a5c3 b2c3 c6e7,r4rk1/pp2Bppp/2n1b3/q1pp4/8/P1Q2NP1/1PP1PP1P/2KR3R b - -,1414,78,-1,482,482,153171,1,26,1000,0,0,79,2,19,242,758,0,-16.0,3.0,16.0,2.0,987.0,11.0,1000,0,0,32,32,0,64,7,1,1,2,1,1,7,1,1,2,1,1,0,0,0,1,1,0,1,0,0,0,0,0,0,1,0,0,0,0,0,0,0,0,0,0,0,0,0,0,0,0,0,0,0,0,0,0,0,0,0,0,0,0,0,0,0,0,0,0,0,0,0,0,0,0,0,0,0,0,0,0,0,0,0,0,0,0,0,0,0,0,0,0,0,0,1,1,1,1.0,1.0,1.0,1,1,1,2,1,2,1,1,1,3,1,40,1841,70976,72857,3,3,0.025,0.0005431830526887,1.40892696122633e-05,5,1.6666666666666667,0,1,1,1,1,1,1,1
advantage interference kingsideAttack middlegame veryLong,e4e6 f6f3 g2f3 h5h2 g1f1 h2h3 f1e2 h3e6,5rk1/p5p1/3bRr1p/1Pp4q/3p4/1P1Q1N2/P4PPP/4R1K1 b - -,2071,76,-1,426,466,1682051,1,43,1000,0,0,-171,2,23,0,13,987,-208.0,3.0,19.0,0.0,1.0,999.0,1000,0,0,28,27,1,55,6,1,0,2,1,1,5,0,1,2,1,1,0,0,0,1,1,0,0,0,0,0,0,0,0,0,1,1,1,0,0,0,0,0,0,0,0,0,0,0,0,0,0,0,0,0,0,0,0,0,0,0,0,0,0,0,0,0,0,0,0,0,0,0,0,0,0,0,0,0,0,0,0,0,0,0,0,0,0,0,0,0,0,0,0,0,1,1,1,1.0,1.0,1.0,1,1,1,3,4,2,1,1,1,1,1,38,1661,61576,63275,3,3,0.0263157894736842,0.0006020469596628,1.6240093542938807e-05,9,3.0,0,0,1,1,1,1,1,1
mate mateIn2 middlegame short,e8f7 e2e6 f7f8 e6f7,r1bq3r/pp1nbkp1/2p1p2p/8/2BP4/1PN3P1/P3QP1P/3R1RK1 w - -,1575,78,1,1500,1500,53867,1,4,1000,0,0,80,2,24,253,747,0,10.0,3.0,29.0,9.0,988.0,3.0,1000,0,0,31,34,-3,65,6,1,1,2,1,1,6,1,2,2,1,1,0,0,0,1,0,0,1,0,0,0,1,1,0,0,0,0,0,0,0,0,0,0,0,0,0,0,0,0,0,0,0,0,0,0,0,0,0,0,0,0,0,0,0,0,0,0,0,0,0,0,0,0,0,0,0,0,0,0,0,0,0,0,0,0,0,0,0,0,0,0,0,0,0,0,1,2,1,2.0,0.5,1.25,1,0,1,4,2,2,1,1,1,2,0,40,1384,56000,57424,2,4,0.025,0.0014450867052023,1.785714285714286e-05,8,2.0,1,0,1,1,1,1,1,1
crushing endgame long,f8g8 f5d5 g8f8 d4c5 c2c5 d5c5,6k1/1p4pp/p5n1/5Q2/3BpP2/1P2PP1K/P1q4P/7r w - -,2152,77,1,458,533,2314201,1,43,1000,0,0,-441,2,40,0,0,1000,1500.0,3.0,15.0,0.0,0.0,1000.0,1000,0,0,18,22,-4,40,6,0,1,0,1,1,5,1,0,1,1,1,1,0,1,0,0,1,0,0,0,0,0,0,0,0,0,0,0,0,0,0,0,0,0,0,0,0,0,0,0,0,0,0,0,0,0,0,0,0,0,0,0,0,0,0,0,0,0,0,0,0,0,0,0,0,0,0,0,0,0,0,0,0,0,0,0,0,0,0,0,0,0,0,0,0,1,1,1,1.0,1.0,1.0,1,1,1,2,1,3,1,1,1,2,1,31,1026,27632,28689,3,3,0.032258064516129,0.0009746588693957,3.618992472495657e-05,6,2.0,0,0,1,1,1,1,1,1
crushing middlegame short,e3g3 f7f4 e5f4 f8f4,5r1k/5rp1/p7/1b2B2p/1P1P1Pq1/2R3Q1/P3p1P1/2R3K1 b - -,1957,84,-1,381,406,324600,1,34,1000,0,0,33,2,25,16,984,0,33.0,3.0,16.0,15.0,985.0,0.0,1000,0,0,27,26,1,53,5,0,1,2,1,1,4,0,1,2,1,1,1,0,0,1,0,0,1,0,0,0,0,0,0,0,0,0,0,0,0,0,0,0,0,0,0,0,0,0,0,0,0,0,0,0,0,0,0,0,0,0,0,0,0,0,0,0,0,0,0,0,0,0,0,0,0,0,0,0,0,0,0,0,0,0,0,0,0,0,0,0,0,0,0,0,1,1,23,1.0,23.0,12.0,1,1,0,3,1,36,1,1,5,5,1,39,1416,55440,56895,2,25,0.0256410256410256,0.0007062146892655,0.0004148629148629,40,1.6,0,1,1,1,1,1,1,1
crushing endgame pawnEndgame short zugzwang,e7d6 d3d4 g6g5 f4g5,8/2p5/3k2p1/1p1P1p2/1P3P2/3K2Pp/7P/8 w - -,944,78,1,441,480,224408,1,30,1000,0,0,-438,2,39,0,0,1000,-443.0,3.0,31.0,0.0,0.0,1000.0,1000,0,0,5,5,0,10,5,0,0,0,0,1,5,0,0,0,0,1,1,0,0,0,0,1,1,0,0,1,0,0,0,0,0,0,0,1,0,0,0,0,0,0,0,0,0,0,0,0,0,0,0,0,0,0,0,0,0,0,0,0,0,0,0,0,0,0,0,0,0,0,0,0,0,0,0,0,0,0,0,0,0,0,0,0,0,0,0,0,0,0,0,0,1,3,5,3.0,1.6666666666666667,2.333333333333333,1,0,1,1,4,5,1,2,2,2,1,7,42,360,409,2,9,0.1428571428571428,0.0714285714285714,0.0138888888888888,10,1.1111111111111112,0,1,1,1,1,1,1,1
crushing endgame exposedKing long skewer,f2f1 f4f3 f1e1 c2c1 e1d2 c1g1,8/7R/8/5p2/4bk1P/8/2r5/5KR1 b - -,2054,75,-1,508,565,659183,1,45,1000,0,0,21,2,21,6,994,0,14.0,3.0,30.0,4.0,995.0,1.0,1000,0,0,11,9,2,20,1,0,0,2,0,1,1,0,1,1,0,1,1,0,1,0,0,1,0,0,0,0,0,0,0,0,0,0,0,0,1,1,0,0,0,0,0,0,0,0,0,0,0,0,0,0,0,0,0,0,0,0,0,0,0,0,0,0,0,0,0,0,0,0,0,0,0,0,0,0,0,0,0,0,0,0,0,0,0,0,0,0,0,0,0,0,1,1,1,1.0,1.0,1.0,1,1,1,1,4,1,1,1,1,2,1,25,430,10490,10945,3,3,0.04,0.0023255813953488,9.532888465204957e-05,6,2.0,0,1,1,1,1,1,1,1
crushing endgame fork master short,a6a5 e5c7 a5b4 c7d8,3R4/8/8/KB2b3/1p6/1P2k3/3p4/8 b - -,1110,82,-1,621,707,135864,1,29,1000,0,0,-200,2,17,0,1,999,-254.0,3.0,19.0,0.0,0.0,1000.0,1000,0,0,9,5,4,14,1,0,1,1,0,1,2,0,1,0,0,1,1,0,0,0,0,1,1,0,1,0,0,0,0,1,0,0,0,0,0,0,0,0,0,0,0,0,0,0,0,0,0,0,0,0,0,0,0,0,0,0,0,0,0,0,0,0,0,0,0,0,0,0,0,0,0,0,0,0,0,0,0,0,0,0,0,0,0,0,0,0,0,0,0,0,1,2,2,2.0,1.0,1.5,1,0,2,2,2,2,1,1,1,2,1,21,517,9548,10086,3,5,0.0476190476190476,0.0038684719535783,0.0002094679514034,6,1.2,1,1,1,1,1,1,1,1
kingsideAttack mate mateIn1 oneMove opening,d4e6 d6h2,2kr1b1r/p1p2pp1/2pqN3/7p/6n1/2NPB3/PPP2PPP/R2Q1RK1 b - -,716,95,-1,-1500,-1500,50999,1,2,1000,0,0,-42,2,25,1,950,49,-90.0,3.0,21.0,0.0,631.0,369.0,1000,0,0,35,31,4,66,7,2,1,2,1,1,6,1,1,2,1,1,0,0,0,0,0,0,0,0,0,0,1,0,0,0,0,1,0,0,0,0,1,1,1,0,0,0,0,0,0,0,0,0,0,0,0,0,0,0,0,0,0,0,0,0,0,0,0,0,0,0,0,0,0,0,0,0,0,0,0,0,0,0,0,0,0,0,0,0,0,0,0,0,0,0,0,0,0,0.0,0.0,0.0,0,0,0,0,0,0,0,0,0,0,0,37,1557,59841,61435,0,0,0.0,0.0,0.0,0,0.0,1,1,1,1,1,1,1,1
advantage middlegame short,d8f6 d1h5 h7h6 h5c5,r4rk1/5ppp/1np2q2/p1b5/2p1B3/P7/1P3PPP/R1BQ1RK1 w - -,1823,79,1,385,404,70577,1,23,1000,0,0,38,2,21,29,971,0,-26.0,3.0,18.0,1.0,984.0,15.0,1000,0,0,30,31,-1,61,5,0,2,2,1,1,6,1,1,2,1,1,0,0,0,1,1,0,1,0,0,0,0,0,0,0,0,0,0,0,0,0,0,0,0,0,0,0,0,0,0,0,0,0,0,0,0,0,0,0,0,0,0,0,0,0,0,0,0,0,0,0,0,0,0,0,0,0,0,0,0,0,0,0,0,0,0,0,0,0,0,0,0,0,0,0,1,31,57,31.0,1.8387096774193548,16.419354838709676,1,0,27,4,57,145,1,6,5,6,1,40,1705,63812,65557,28,89,0.025,0.0181818181818181,0.0008932489186986,206,2.3146067415730336,0,0,1,1,1,1,1,1
advantage fork long middlegame,e5c4 d3c4 b6c4 d1a4 d8d7 a4c4,r2qk2r/pp2ppbp/1n1p2p1/3P4/2n5/2NBBP1P/PP3P2/R2QK2R w KQkq -,1506,76,1,344,345,272311,1,31,1000,0,0,-197,2,16,0,9,991,-207.0,3.0,21.0,0.0,5.0,995.0,1000,0,0,34,35,-1,69,6,1,2,2,1,1,7,2,1,2,1,1,0,0,1,1,1,0,0,0,1,0,0,0,0,0,0,0,0,0,0,0,0,0,0,0,0,0,0,0,0,0,0,0,0,0,0,0,0,0,0,0,0,0,0,0,0,0,0,0,0,0,0,0,0,0,0,0,0,0,0,0,0,0,0,0,0,0,0,0,0,0,0,0,0,0,1,6,35,6.0,5.833333333333333,5.916666666666666,1,0,2,1,12,63,1,6,3,6,1,42,1474,58433,59949,3,42,0.0238095238095238,0.0040705563093622,0.0005989766056851,76,1.809523809523809,1,0,1,1,1,1,1,1
crushing endgame exposedKing rookEndgame veryLong,f5e6 f8e8 e6f5 e8e5 f5e5 c4d3 e5d5 d3e3 a6a5 e3f4 d5c4 f4g4,5R2/1p6/p1p1k3/2P1r3/2K3p1/2P1p1P1/1P5P/8 w - -,1845,74,1,303,361,298714,1,50,1000,0,0,22,2,22,6,994,0,10.0,3.0,21.0,3.0,996.0,1.0,1000,0,0,10,10,0,20,5,0,0,1,0,1,5,0,0,1,0,1,1,0,0,0,0,1,0,1,0,0,0,0,0,0,0,0,1,0,1,0,0,0,0,0,0,0,0,0,0,0,0,0,0,0,0,0,0,0,0,0,0,0,0,0,0,0,0,0,0,0,0,0,0,0,0,0,0,0,0,0,0,0,0,0,0,0,0,0,0,0,0,0,0,0,1,2,2,2.0,1.0,1.5,1,0,2,1,2,6,1,1,1,2,1,22,269,4364,4655,3,5,0.0454545454545454,0.0074349442379182,0.0004582951420714,9,1.8,1,0,0,1,1,1,1,1
advantage endgame pin short,b7b6 d4a1 a7a5 f1c1,2kr3r/p4p2/1p2p2p/1N1p2p1/3Q4/1P1P4/2q2PPP/5RK1 w - -,2627,117,1,319,307,176364,1,25,1000,0,0,-68,2,27,0,883,117,-123.0,3.0,28.0,0.0,182.0,818.0,1000,0,0,22,26,-4,48,5,1,0,1,1,1,7,0,0,2,1,1,0,0,0,0,1,1,1,0,0,0,0,0,0,0,0,0,0,0,0,0,0,0,0,1,0,0,0,0,0,0,0,0,0,0,0,0,0,0,0,0,0,0,0,0,0,0,0,0,0,0,0,0,0,0,0,0,0,0,0,0,0,0,0,0,0,0,0,0,0,0,0,0,0,0,1,1,1,1.0,1.0,1.0,1,1,1,3,1,3,1,1,1,2,1,36,1076,36580,37692,3,3,0.0277777777777777,0.0009293680297397,2.733734281027884e-05,7,2.333333333333333,0,1,1,1,1,1,1,1
advantage middlegame veryLong,c8c7 d4e2 g1h2 a4f4 h2h1 e2g3 f2g3 f4f1,5r1k/pQR3pp/5rp1/3B4/q2n4/7P/P4PP1/5RK1 b - -,1562,75,-1,274,365,211956,1,26,1000,0,0,-128,2,18,0,152,848,-137.0,3.0,19.0,0.0,89.0,911.0,1000,0,0,26,26,0,52,4,0,1,2,1,1,4,1,0,2,1,1,0,0,0,1,1,0,0,0,0,0,0,0,0,0,0,0,1,0,0,0,0,0,0,0,0,0,0,0,0,0,0,0,0,0,0,0,0,0,0,0,0,0,0,0,0,0,0,0,0,0,0,0,0,0,0,0,0,0,0,0,0,0,0,0,0,0,0,0,0,0,0,0,0,0,1,1,1,1.0,1.0,1.0,1,1,1,2,1,4,1,1,1,3,1,43,1763,75358,77164,3,3,0.0232558139534883,0.0005672149744753,1.326999124180578e-05,7,2.333333333333333,0,0,0,1,1,1,1,1
advantage endgame long pin,b6d4 f4f6 d4f2 f6f2 d2f2 g1f2,6k1/pp1r1pp1/2p1p2p/4P2P/3q1Q2/1P4R1/P1Pr1PP1/R5K1 w - -,2391,115,1,424,489,133608,1,29,1000,0,0,-171,2,16,0,11,989,-416.0,3.0,23.0,0.0,0.0,1000.0,1000,0,0,26,26,0,52,7,0,0,2,1,1,7,0,0,2,1,1,0,0,1,0,1,1,0,0,0,0,0,0,0,0,0,0,0,0,0,0,0,0,0,1,0,0,0,0,0,0,0,0,0,0,0,0,0,0,0,0,0,0,0,0,0,0,0,0,0,0,0,0,0,0,0,0,0,0,0,0,0,0,0,0,0,0,0,0,0,0,0,0,0,0,1,30,154,30.0,5.133333333333334,17.566666666666666,1,0,10,2,44,345,1,4,4,4,1,34,1209,39251,40494,11,185,0.0294117647058823,0.0248138957816377,0.0039234669180403,391,2.1135135135135137,0,1,1,1,1,1,1,1
mate mateIn1 middlegame oneMove,h8g8 f1f8,6k1/p1p3pp/4N3/1p6/2q1r1n1/2B5/PP4PP/3R1R1K w - -,585,84,1,1500,1500,16769,1,2,1000,0,0,1500,2,2,1000,0,0,-22.0,3.0,16.0,0.0,994.0,6.0,1000,0,0,20,22,-2,42,4,1,1,2,0,1,5,1,0,1,1,1,0,0,0,1,0,0,0,0,0,0,1,0,0,0,0,0,0,0,0,0,1,1,0,0,0,0,0,0,0,0,0,0,0,0,0,0,0,0,0,0,0,0,0,0,0,0,0,0,0,0,0,0,0,0,0,0,0,0,0,0,0,0,0,0,0,0,0,0,0,0,0,0,0,0,0,0,0,0.0,0.0,0.0,0,0,0,0,0,0,0,0,0,0,0,44,1543,59519,61106,0,0,0.0,0.0,0.0,0,0.0,1,0,0,0,1,0,1,0
crushing endgame long quietMove,d1a4 a2a4 b5a4 b4b5 g8f7 b5b6,6k1/4p1bp/6p1/1p1pP3/qPpPp3/2P1P3/Q2B1KPP/8 w - -,2078,78,1,512,633,1757819,1,32,1000,0,0,2,2,18,2,997,1,-7.0,3.0,22.0,1.0,997.0,2.0,1000,0,0,19,19,0,38,7,0,1,0,1,1,7,0,1,0,1,1,1,0,1,0,0,1,0,0,0,0,0,0,0,0,0,0,0,0,0,0,0,0,0,0,1,0,0,0,0,0,0,0,0,0,0,0,0,0,0,0,0,0,0,0,0,0,0,0,0,0,0,0,0,0,0,0,0,0,0,0,0,0,0,0,0,0,0,0,0,0,0,0,0,0,1,1,1,1.0,1.0,1.0,1,1,1,2,1,4,1,1,1,2,1,20,435,8658,9113,3,3,0.05,0.0022988505747126,0.0001155001155001,7,2.333333333333333,0,1,1,1,1,1,1,1
backRankMate endgame mate mateIn2 short,e8e5 d1d8 e5e8 d8e8,6k1/5ppp/r1p5/p1n1rP2/8/2P2N1P/2P3P1/3R2K1 w - -,1118,82,1,1500,1500,55136,1,4,1000,0,0,-90,2,19,0,660,340,-479.0,3.0,19.0,0.0,0.0,1000.0,1000,0,0,13,18,-5,31,5,1,0,1,0,1,5,1,0,2,0,1,0,0,0,0,0,1,1,0,0,0,1,1,0,0,0,0,0,0,0,0,0,0,0,0,0,1,0,0,0,0,0,0,0,0,0,0,0,0,0,0,0,0,0,0,0,0,0,0,0,0,0,0,0,0,0,0,0,0,0,0,0,0,0,0,0,0,0,0,0,0,0,0,0,0,1,1,0,1.0,0.0,0.5,1,1,0,7,3,0,1,1,0,1,0,28,723,17737,18488,2,2,0.0357142857142857,0.0013831258644536,0.0,10,5.0,1,1,1,1,1,1,1,1
crushing discoveredAttack long master middlegame sacrifice,b8c7 b1b7 c7b7 e4f6 e7f6 g2b7,2r2rk1/pbq1bppp/8/8/2p1N3/P1Bn2P1/2Q2PBP/1R3RK1 w - -,1687,75,1,419,402,792251,1,42,1000,0,0,-28,2,19,1,976,23,-129.0,3.0,18.0,0.0,174.0,826.0,1000,0,0,32,33,-1,65,4,1,2,2,1,1,5,1,2,2,1,1,1,0,1,1,0,0,0,0,0,0,0,0,0,1,0,0,0,0,0,0,0,0,0,0,0,0,1,1,0,0,0,0,0,0,0,0,0,0,0,0,0,0,0,0,0,0,0,0,0,0,0,0,0,0,0,0,0,0,0,0,0,0,0,0,0,0,0,0,0,0,0,0,0,0,1,2,33,2.0,16.5,9.25,1,0,1,6,2,61,1,1,6,6,1,47,2154,98583,100784,2,36,0.0212765957446808,0.000928505106778,0.0003347433127415,69,1.9166666666666667,1,1,1,1,1,1,1,1
crushing endgame hangingPiece long quietMove,d2e2 f1e2 g3g2 e3e4 f3d4 e2f2,6k1/5p2/4p3/P1B5/2P4P/4Pnp1/Rb2r3/5K2 w - -,2060,79,1,536,563,710911,1,48,1000,0,0,1500,2,5,0,0,1000,1500.0,3.0,5.0,0.0,0.0,1000.0,1000,0,0,12,14,-2,26,4,0,1,1,0,1,3,1,1,1,0,1,1,1,1,0,0,1,0,0,0,0,0,0,0,0,0,0,0,0,0,0,0,0,0,0,1,0,0,0,0,0,0,0,0,0,0,0,0,0,0,0,0,0,0,0,0,0,0,0,0,0,0,0,0,0,0,0,0,0,0,0,0,0,0,0,0,0,0,0,0,0,0,0,0,0,1,2,6,2.0,3.0,2.5,1,0,1,1,3,6,1,2,2,3,1,16,479,7159,7654,2,9,0.0625,0.0041753653444676,0.0008381058807095,10,1.1111111111111112,0,1,1,1,1,1,1,1
bishopEndgame endgame mate mateIn1 oneMove,c5c4 d7e8,8/3B2pp/p5k1/6P1/1ppp1K2/8/1P6/8 w - -,1709,81,1,1500,1500,135598,1,2,1000,0,0,-66,2,17,0,904,96,-131.0,3.0,41.0,0.0,111.0,889.0,1000,0,0,5,6,-1,11,2,0,1,0,0,1,6,0,0,0,0,1,0,0,0,0,0,1,0,0,0,0,1,0,0,0,0,0,0,0,0,0,1,1,0,0,0,0,0,0,1,0,0,0,0,0,0,0,0,0,0,0,0,0,0,0,0,0,0,0,0,0,0,0,0,0,0,0,0,0,0,0,0,0,0,0,0,0,0,0,0,0,0,0,0,0,0,0,0,0.0,0.0,0.0,0,0,0,0,0,0,0,0,0,0,0,15,108,1638,1761,0,0,0.0,0.0,0.0,0,0.0,1,1,1,1,1,1,1,1
bodenMate hangingPiece mate mateIn1 middlegame oneMove,c7a8 a5c3,N6r/1p1k1ppp/2np4/b3p3/4P1b1/N1Q5/P4PPP/R3KB1R b KQ -,819,119,-1,-1500,-1500,102851,1,2,1000,0,0,-427,2,22,0,0,1000,-538.0,3.0,28.0,0.0,0.0,1000.0,1000,0,0,33,20,13,53,5,2,1,2,1,1,6,1,2,1,0,1,0,1,0,1,0,0,0,0,0,0,1,0,0,0,0,0,0,0,0,0,1,1,0,0,0,0,0,0,0,1,0,0,0,0,0,0,0,0,0,0,0,0,0,0,0,0,0,0,0,0,0,0,0,0,0,0,0,0,0,0,0,0,0,0,0,0,0,0,0,0,0,0,0,0,0,0,0,0.0,0.0,0.0,0,0,0,0,0,0,0,0,0,0,0,39,980,34457,35476,0,0,0.0,0.0,0.0,0,0.0,1,1,1,1,1,1,1,1
crushing deflection kingsideAttack long middlegame sacrifice,c4e2 h4h7 c7h7 c1c8 g8g7 c8c7,2r3k1/2r4p/4p1p1/1p1q1pP1/p2P1P1Q/P6R/4bB2/2R3K1 w - -,1780,76,1,257,410,161292,1,51,1000,0,0,-200,2,20,0,2,998,-280.0,3.0,29.0,0.0,0.0,1000.0,1000,0,0,26,28,-2,54,4,0,1,2,1,1,6,0,1,2,1,1,1,0,1,1,0,0,0,0,0,0,0,0,0,0,0,1,0,0,0,0,0,0,0,0,0,0,0,1,0,0,1,0,0,0,0,0,0,0,0,0,0,0,0,0,0,0,0,0,0,0,0,0,0,0,0,0,0,0,0,0,0,0,0,0,0,0,0,0,0,0,0,0,0,0,1,1,2,1.0,2.0,1.5,1,1,0,3,1,7,1,1,2,3,1,28,1256,33162,34446,2,4,0.0357142857142857,0.000796178343949,6.030999336590073e-05,11,2.75,1,1,0,1,1,1,1,1
advantage opening pin short,e7c5 d1h5 f7g8 h5c5,rnbq3r/1p3kpp/p4n2/2b5/2pNP3/2N5/PPP3PP/R1BQ1RK1 w - -,1857,76,1,513,499,471766,1,42,1000,0,0,-25,2,18,3,969,28,-32.0,3.0,21.0,2.0,959.0,39.0,1000,0,0,34,36,-2,70,6,2,1,2,1,1,5,2,2,2,1,1,0,0,0,0,1,0,1,0,0,0,0,0,0,0,0,0,0,0,0,0,0,0,1,1,0,0,0,0,0,0,0,0,0,0,0,0,0,0,0,0,0,0,0,0,0,0,0,0,0,0,0,0,0,0,0,0,0,0,0,0,0,0,0,0,0,0,0,0,0,0,0,0,0,0,1,1,1,1.0,1.0,1.0,1,1,1,4,1,5,1,1,1,2,1,35,1415,51213,52663,3,3,0.0285714285714285,0.0007067137809187,1.9526292152383183e-05,10,3.333333333333333,1,1,1,1,1,1,1,1
advantage endgame short skewer,e2e6 h8h1 f1e2 h1a1,7r/6k1/2b1Rp2/8/P1N3p1/5nP1/5P2/Q4K2 b - -,1459,76,-1,382,406,223309,1,37,1000,0,0,-313,2,22,0,0,1000,-462.0,3.0,21.0,0.0,0.0,1000.0,1000,0,0,20,13,7,33,3,1,0,1,1,1,2,1,1,1,0,1,0,0,0,0,1,1,1,0,0,0,0,0,0,0,0,0,0,0,0,1,0,0,0,0,0,0,0,0,0,0,0,0,0,0,0,0,0,0,0,0,0,0,0,0,0,0,0,0,0,0,0,0,0,0,0,0,0,0,0,0,0,0,0,0,0,0,0,0,0,0,0,0,0,0,1,1,1,1.0,1.0,1.0,1,1,1,7,1,7,1,1,1,2,1,36,1081,33020,34137,3,3,0.0277777777777777,0.0009250693802035,3.028467595396729e-05,15,5.0,1,1,1,1,1,1,1,1
mate mateIn2 middlegame morphysMate short,g4h4 c5f2 g2g3 f2g3,5r1k/pp4pp/5p2/1BbQp1r1/7K/7P/1PP3P1/3R3R b - -,1018,80,-1,-1500,-1500,98825,1,4,1000,0,0,-253,2,25,0,0,1000,-261.0,3.0,21.0,0.0,0.0,1000.0,1000,0,0,26,19,7,45,4,0,1,2,1,1,6,0,1,2,0,1,0,0,0,1,0,0,1,0,0,0,1,1,0,0,0,0,0,0,0,0,0,0,0,0,0,0,0,0,0,0,0,1,0,0,0,0,0,0,0,0,0,0,0,0,0,0,0,0,0,0,0,0,0,0,0,0,0,0,0,0,0,0,0,0,0,0,0,0,0,0,0,0,0,0,1,1,0,1.0,0.0,0.5,1,1,0,3,1,0,1,1,0,2,0,30,1248,36118,37396,2,2,0.0333333333333333,0.000801282051282,0.0,4,2.0,1,1,1,1,1,1,1,1
mate mateIn1 middlegame oneMove smotheredMate,f1g1 h3f2,r4rk1/pp3ppp/3b4/2p1pPB1/7N/2PP3n/PP4PP/R2Q2RK b - -,870,76,-1,-1500,-1500,84705,1,2,1000,0,0,-514,2,23,0,0,1000,-541.0,3.0,21.0,0.0,0.0,1000.0,1000,0,0,32,23,9,55,7,1,1,2,1,1,7,1,1,2,0,1,0,0,0,1,0,0,0,0,0,0,1,0,0,0,0,0,0,0,0,0,1,1,0,0,0,0,0,0,0,0,0,0,1,0,0,0,0,0,0,0,0,0,0,0,0,0,0,0,0,0,0,0,0,0,0,0,0,0,0,0,0,0,0,0,0,0,0,0,0,0,0,0,0,0,0,0,0,0.0,0.0,0.0,0,0,0,0,0,0,0,0,0,0,0,26,887,23240,24153,0,0,0.0,0.0,0.0,0,0.0,1,1,1,1,1,1,1,1
advantage hangingPiece middlegame short,c7b6 a6c8 g8h7 c8b7,2r3k1/p4pp1/Qq2p2p/b1Np4/2nP1P2/4P1P1/5K1P/2B1N3 w - -,2190,80,1,246,255,149434,1,37,1000,0,0,-493,2,21,0,0,1000,-499.0,3.0,18.0,0.0,0.0,1000.0,1000,0,0,23,26,-3,49,5,2,1,0,1,1,6,1,1,1,1,1,0,1,0,1,1,0,1,0,0,0,0,0,0,0,0,0,0,0,0,0,0,0,0,0,0,0,0,0,0,0,0,0,0,0,0,0,0,0,0,0,0,0,0,0,0,0,0,0,0,0,0,0,0,0,0,0,0,0,0,0,0,0,0,0,0,0,0,0,0,0,0,0,0,0,0,0,0,0.0,0.0,0.0,0,0,0,0,0,0,0,0,0,0,0,31,1189,36762,37982,0,0,0.0,0.0,0.0,0,0.0,1,1,1,1,1,1,1,1
advantage long middlegame,f7f6 f3d2 c4d2 c2d2 c5c1 e2c1,6k1/1p4p1/1p3p1p/2r1p3/2n5/r3PN2/2RnNPPP/2R3K1 w - -,1908,76,1,284,277,190276,1,28,1000,0,0,-226,2,24,0,0,1000,-234.0,3.0,21.0,0.0,0.0,1000.0,1000,0,0,20,22,-2,42,4,2,0,2,0,1,6,2,0,2,0,1,0,0,1,1,1,0,0,0,0,0,0,0,0,0,0,0,0,0,0,0,0,0,0,0,0,0,0,0,0,0,0,0,0,0,0,0,0,0,0,0,0,0,0,0,0,0,0,0,0,0,0,0,0,0,0,0,0,0,0,0,0,0,0,0,0,0,0,0,0,0,0,0,0,0,1,2,17,2.0,8.5,5.25,1,0,1,2,4,27,1,1,4,4,1,26,924,25256,26206,2,20,0.0384615384615384,0.0021645021645021,0.0006731073804244,33,1.65,0,1,1,1,1,1,1,1
advancedPawn attraction mate mateIn2 middlegame promotion short,f8f7 c2h7 g8h7 g7g8q,1rb3k1/q4rP1/4p2p/3p3p/3P1P2/2P5/2QK3P/3R2R1 w - -,1039,80,1,1500,1500,67630,1,4,1000,0,0,-188,2,22,0,4,996,-270.0,3.0,21.0,0.0,0.0,1000.0,1000,0,0,24,26,-2,50,5,0,0,2,1,1,4,0,1,2,1,1,0,0,0,1,0,0,1,0,0,0,1,1,0,0,0,0,0,0,0,0,0,0,0,0,0,0,0,0,0,0,0,0,0,1,1,1,0,0,0,0,0,0,0,0,0,0,0,0,0,0,0,0,0,0,0,0,0,0,0,0,0,0,0,0,0,0,0,0,0,0,0,0,0,0,1,1,0,1.0,0.0,0.5,1,1,0,5,1,0,1,1,0,2,0,33,1160,37963,39156,2,2,0.0303030303030303,0.0008620689655172,0.0,6,3.0,1,1,1,1,1,1,1,1
endgame long mate mateIn3,b7b5 b4a5 a6b7 c4d6 b7b8 a5d8,6nr/p4p1p/k1p5/1p6/1QN5/2P1P3/4KPqP/8 w - -,1179,84,1,1500,1500,111288,1,6,1000,0,0,-172,2,24,0,9,991,-189.0,3.0,25.0,0.0,3.0,997.0,1000,0,0,16,22,-6,38,4,1,0,0,1,1,5,1,0,1,1,1,0,0,1,0,0,1,0,0,0,0,1,0,0,0,0,0,0,0,0,0,0,0,0,0,0,0,0,0,0,0,0,0,0,0,0,0,1,0,0,0,0,0,0,0,0,0,0,0,0,0,0,0,0,0,0,0,0,0,0,0,0,0,0,0,0,0,0,0,0,0,0,0,0,0,1,1,1,1.0,1.0,1.0,1,1,1,1,1,2,1,1,1,3,0,25,512,12363,12900,3,3,0.04,0.001953125,8.08865162177465e-05,4,1.3333333333333333,0,0,0,1,1,1,1,1
mate mateIn1 middlegame oneMove,h2g3 g6h5,r3k2r/pb1p1ppp/1b4q1/1Q2P3/8/2NP1PP1/PP4P1/R1B2R1K b kq -,1158,77,-1,-1500,-1500,45723,1,2,1000,0,0,36,2,23,28,971,1,0.0,3.0,11.0,4.0,992.0,4.0,1000,0,0,32,30,2,62,7,1,1,2,1,1,5,0,2,2,1,1,0,0,0,1,0,0,0,0,0,0,1,0,0,0,0,0,0,0,0,0,1,1,0,0,0,0,0,0,0,0,0,0,0,0,0,0,0,0,0,0,0,0,0,0,0,0,0,0,0,0,0,0,0,0,0,0,0,0,0,0,0,0,0,0,0,0,0,0,0,0,0,0,0,0,0,0,0,0.0,0.0,0.0,0,0,0,0,0,0,0,0,0,0,0,42,1450,59067,60559,0,0,0.0,0.0,0.0,0,0.0,1,1,1,1,1,1,1,1
advantage fork master masterVsMaster middlegame short,f2f3 d6c5 g1h1 c5c4,r4rk1/p3ppbp/Pp1q1np1/3PpbB1/2B5/2N2P2/1PPQ2PP/3RR1K1 b - -,959,80,-1,311,314,165389,1,24,1000,0,0,-11,2,21,5,980,15,-82.0,3.0,23.0,0.0,699.0,301.0,1000,0,0,35,35,0,70,7,1,2,2,1,1,7,1,2,2,1,1,0,0,0,1,1,0,1,0,1,0,0,0,0,1,0,0,0,0,0,0,0,0,0,0,0,0,0,0,0,0,0,0,0,0,0,0,0,1,0,0,0,0,0,0,0,0,0,0,0,0,0,0,0,0,0,0,0,0,0,0,0,0,0,0,0,0,0,0,0,0,0,0,0,0,1,6,8,6.0,1.3333333333333333,3.6666666666666665,1,0,4,1,9,8,1,4,2,5,1,40,1664,63686,65390,5,15,0.025,0.0036057692307692,0.0001256163049963,18,1.2,0,0,1,1,1,1,1,1
crushing master masterVsMaster middlegame sacrifice short,d3a6 b6c5 a6c8 c5c4,k1r1b3/p1r1nppp/Bp1qpn2/2Np4/1P1P4/PQR1PN2/5PPP/2R3K1 b - -,1892,75,-1,352,330,144245,1,29,1000,0,0,-65,2,25,0,841,159,-187.0,3.0,24.0,0.0,16.0,984.0,1000,0,0,35,35,0,70,7,2,1,2,1,1,7,2,1,2,1,1,1,0,0,1,0,0,1,0,0,0,0,0,0,1,0,0,0,0,0,0,0,0,0,0,0,0,0,1,0,0,0,0,0,0,0,0,0,1,0,0,0,0,0,0,0,0,0,0,0,0,0,0,0,0,0,0,0,0,0,0,0,0,0,0,0,0,0,0,0,0,0,0,0,0,1,2,4,2.0,2.0,2.0,1,0,1,1,3,5,1,2,2,3,1,35,1478,50428,51941,2,7,0.0285714285714285,0.0013531799729364,7.932101213611486e-05,9,1.2857142857142858,0,0,0,1,1,1,1,1
advantage endgame master masterVsMaster short skewer superGM,g7f6 e7f7 f6e5 f7f4,8/4R3/p4kpp/3B4/5q2/8/5P1P/6K1 w - -,1088,80,1,219,247,203880,1,31,1000,0,0,-285,2,40,0,0,1000,-286.0,3.0,16.0,0.0,0.0,1000.0,1000,0,0,10,12,-2,22,2,0,1,1,0,1,3,0,0,0,1,1,0,0,0,0,1,1,1,0,0,0,0,0,0,1,0,0,0,0,0,1,0,0,0,0,0,0,0,0,0,0,0,0,0,0,0,0,0,1,1,0,0,0,0,0,0,0,0,0,0,0,0,0,0,0,0,0,0,0,0,0,0,0,0,0,0,0,0,0,0,0,0,0,0,0,1,2,2,2.0,1.0,1.5,1,0,2,1,2,6,1,1,1,2,1,33,793,17949,18775,3,5,0.0303030303030303,0.0025220680958385,0.0001114268204356,9,1.8,0,1,1,1,1,1,1,1
endgame mate mateIn1 oneMove queensideAttack,f2e3 g6c2,r5k1/pp4pp/4p1q1/4p3/3n4/P3Q1P1/1PP4P/2KR1R2 b - -,925,84,-1,-1500,-1500,37145,1,2,1000,0,0,0,2,21,2,996,2,-168.0,3.0,24.0,0.0,13.0,987.0,1000,0,0,24,23,1,47,5,0,0,2,1,1,6,1,0,1,1,1,0,0,0,0,0,1,0,0,0,0,1,0,0,0,0,0,0,0,0,0,1,1,0,0,0,0,0,0,0,0,0,0,0,0,0,0,0,0,0,1,0,0,0,0,0,0,0,0,0,0,0,0,0,0,0,0,0,0,0,0,0,0,0,0,0,0,0,0,0,0,0,0,0,0,0,0,0,0.0,0.0,0.0,0,0,0,0,0,0,0,0,0,0,0,32,1127,35966,37125,0,0,0.0,0.0,0.0,0,0.0,1,1,1,1,1,1,1,1
crushing endgame knightEndgame long,b7b6 b4b5 c3d1 e3e2 a6b5 a5a6,8/2p5/pp1p4/P2Pk2p/1PP1p2P/2n1K2P/3N4/8 w - -,1992,76,1,347,435,146193,1,28,1000,0,0,-112,2,24,0,319,681,-214.0,3.0,19.0,0.0,1.0,999.0,1000,0,0,9,9,0,18,6,1,0,0,0,1,6,1,0,0,0,1,1,0,1,0,0,1,0,0,0,0,0,0,0,0,0,0,0,0,0,0,0,0,0,0,0,0,0,0,0,0,0,0,0,0,0,0,0,0,0,0,1,0,0,0,0,0,0,0,0,0,0,0,0,0,0,0,0,0,0,0,0,0,0,0,0,0,0,0,0,0,0,0,0,0,0,0,0,0.0,0.0,0.0,0,0,0,0,0,0,0,0,0,0,0,9,112,1138,1259,0,0,0.0,0.0,0.0,0,0.0,0,1,1,1,1,1,1,1
crushing endgame fork short,f1c1 c3e2 g1f1 e2c1,5rk1/5ppp/4p3/4N3/8/1Pn5/5PPP/2R3K1 b - -,654,81,-1,545,577,743704,1,26,1000,0,0,12,2,16,3,996,1,10.0,3.0,17.0,3.0,996.0,1.0,1000,0,0,12,12,0,24,4,1,0,1,0,1,4,1,0,1,0,1,1,0,0,0,0,1,1,0,1,0,0,0,0,0,0,0,0,0,0,0,0,0,0,0,0,0,0,0,0,0,0,0,0,0,0,0,0,0,0,0,0,0,0,0,0,0,0,0,0,0,0,0,0,0,0,0,0,0,0,0,0,0,0,0,0,0,0,0,0,0,0,0,0,0,1,2,2,2.0,1.0,1.5,1,0,2,2,2,4,1,1,1,2,1,20,491,9952,10463,3,5,0.05,0.0040733197556008,0.000200964630225,8,1.6,1,1,1,1,1,1,1,1
master mate mateIn1 middlegame oneMove,g1f2 b8g3,1qr2rk1/1p1p1ppp/pB2p1n1/7n/2P1P3/1Q2NP1P/PP2BKPb/3R1R2 b - -,1125,77,-1,-1500,-1500,112733,1,2,1000,0,0,287,2,26,1000,0,0,266.0,3.0,27.0,1000.0,0.0,0.0,1000,0,0,35,35,0,70,7,1,2,2,1,1,7,2,1,2,1,1,0,0,0,1,0,0,0,0,0,0,1,0,0,1,0,0,0,0,0,0,1,1,0,0,0,0,0,0,0,0,0,0,0,0,0,0,0,0,0,0,0,0,0,0,0,0,0,0,0,0,0,0,0,0,0,0,0,0,0,0,0,0,0,0,0,0,0,0,0,0,0,0,0,0,8,155,3438,19.375,22.18064516129032,20.77782258064516,0,2,18,17,259,6447,4,4,6,6,1,37,1352,48938,50327,20,3601,0.2162162162162162,0.1146449704142011,0.0702521557889574,6723,1.8669813940572064,1,1,1,1,1,1,1,1
advancedPawn crushing endgame veryLong,d5f4 g5f4 h3h4 f2g2 h4h5 f4f3 d1d2 f3f2,8/8/8/6p1/5N2/3p3P/5kP1/3K4 b - -,1621,86,-1,500,503,46057,1,16,1000,0,0,-23,2,16,0,994,6,-30.0,3.0,20.0,0.0,990.0,10.0,1000,0,0,5,2,3,7,2,1,0,0,0,1,2,0,0,0,0,1,1,0,0,0,0,1,0,0,0,0,0,0,0,0,0,0,1,0,0,0,0,0,0,0,0,0,0,0,0,0,0,0,0,1,0,0,0,0,0,0,0,0,0,0,0,0,0,0,0,0,0,0,0,0,0,0,0,0,0,0,0,0,0,0,0,0,0,0,0,0,0,0,0,0,1,2,2,2.0,1.0,1.5,1,0,2,1,2,2,1,2,1,2,1,7,71,429,507,3,5,0.1428571428571428,0.028169014084507,0.0046620046620046,5,1.0,0,0,1,1,1,1,1,1
advantage fork middlegame short,c6e5 d4e5 d6e7 e5f6,r3brk1/5pp1/p2qpn1p/P2pn3/2pP4/2P1PN2/5PPP/RB1QK2R w KQ -,1205,85,1,352,401,80325,1,31,1000,0,0,-38,2,19,1,958,41,-461.0,3.0,17.0,0.0,0.0,1000.0,1000,0,0,32,35,-3,67,7,1,1,2,1,1,7,2,1,2,1,1,0,0,0,1,1,0,1,0,1,0,0,0,0,0,0,0,0,0,0,0,0,0,0,0,0,0,0,0,0,0,0,0,0,0,0,0,0,0,0,0,0,0,0,0,0,0,0,0,0,0,0,0,0,0,0,0,0,0,0,0,0,0,0,0,0,0,0,0,0,0,0,0,0,0,1,5,5,5.0,1.0,3.0,1,0,5,1,6,5,1,1,1,2,1,34,1090,36076,37200,6,11,0.0294117647058823,0.0045871559633027,0.0001385962967069,12,1.0909090909090908,0,1,1,1,1,1,1,1
crushing discoveredAttack middlegame short,f8e7 f3e5 c7e5 e2g4,r3k2r/ppq1bppp/4pn2/2Ppn3/1P4bP/2P2N2/P3BPP1/RNBQ1RK1 w kq -,1615,78,1,337,350,185310,1,31,1000,0,0,-15,2,19,9,961,30,-73.0,3.0,21.0,1.0,747.0,252.0,1000,0,0,38,38,0,76,7,2,2,2,1,1,7,2,2,2,1,1,1,0,0,1,0,0,1,0,0,0,0,0,0,0,0,0,0,0,0,0,0,0,0,0,0,0,1,0,0,0,0,0,0,0,0,0,0,0,0,0,0,0,0,0,0,0,0,0,0,0,0,0,0,0,0,0,0,0,0,0,0,0,0,0,0,0,0,0,0,0,0,0,0,0,1,1,1,1.0,1.0,1.0,1,1,1,2,2,2,1,1,1,3,1,37,1617,57888,59542,3,3,0.027027027027027,0.0006184291898577,1.7274737423991155e-05,6,2.0,0,1,1,1,1,1,1,1
advantage endgame interference long,d7g4 e3e5 f7f6 e5c7 g7h6 c7h2,7r/p4pk1/1pp3p1/8/6q1/4Q3/PP1R1P1r/5KN1 w - -,2285,99,1,384,377,634587,1,41,1000,0,0,-436,2,22,0,0,1000,-498.0,3.0,27.0,0.0,0.0,1000.0,1000,0,0,20,24,-4,44,3,1,0,1,1,1,5,0,0,2,1,1,0,0,1,0,1,1,0,0,0,0,0,0,0,0,1,0,0,0,0,0,0,0,0,0,0,0,0,0,0,0,0,0,0,0,0,0,0,0,0,0,0,0,0,0,0,0,0,0,0,0,0,0,0,0,0,0,0,0,0,0,0,0,0,0,0,0,0,0,0,0,0,0,0,0,1,1,1,1.0,1.0,1.0,1,1,1,2,1,6,1,1,1,3,1,39,1761,57690,59490,3,3,0.0256410256410256,0.0005678591709256,1.7334026694401108e-05,9,3.0,1,1,1,1,1,1,1,1
advantage middlegame short,d7e5 f5f6 e5f3 f1f3,3r1rk1/1b3pp1/3p4/p3nPPQ/4P3/3q1BN1/8/2R2RK1 w - -,2464,88,1,208,274,292003,1,28,1000,0,0,45,2,32,37,963,0,-7.0,3.0,21.0,2.0,994.0,4.0,1000,0,0,28,29,-1,57,3,1,1,2,1,1,4,1,1,2,1,1,0,0,0,1,1,0,1,0,0,0,0,0,0,0,0,0,0,0,0,0,0,0,0,0,0,0,0,0,0,0,0,0,0,0,0,0,0,0,0,0,0,0,0,0,0,0,0,0,0,0,0,0,0,0,0,0,0,0,0,0,0,0,0,0,0,0,0,0,0,0,0,0,0,0,0,0,0,0.0,0.0,0.0,0,0,0,0,0,0,0,0,0,0,0,37,1332,43961,45330,0,0,0.0,0.0,0.0,0,0.0,0,0,1,1,1,1,1,1
deflection mate mateIn2 middlegame short,g8f8 h7h8 f8e7 h8g7,rn1qrk2/ppp3pQ/3p1pP1/3Pp3/2P1P3/8/PP3PP1/R1B1K3 w Q -,908,77,1,1500,1500,83818,1,4,1000,0,0,177,2,21,991,9,0,168.0,3.0,31.0,985.0,15.0,0.0,1000,0,0,25,29,-4,54,8,0,1,1,1,1,7,1,0,2,1,1,0,0,0,1,0,0,1,0,0,0,1,1,0,0,0,0,0,0,0,0,0,0,0,0,0,0,0,0,0,0,1,0,0,0,0,0,0,0,0,0,0,0,0,0,0,0,0,0,0,0,0,0,0,0,0,0,0,0,0,0,0,0,0,0,0,0,0,0,0,0,0,0,0,0,1,1,0,1.0,0.0,0.5,1,1,0,1,1,0,1,1,0,2,0,28,415,12397,12840,2,2,0.0357142857142857,0.0024096385542168,0.0,2,1.0,1,1,1,1,1,1,1,1
crushing middlegame short,f5g4 e5g4 f6g4 d1g4,r3qrk1/2p2pp1/p2bpn1p/2ppN3/3P1Pb1/1PP1P1B1/P2N2PP/R2Q1RK1 w - -,964,94,1,461,455,305387,1,31,1000,0,0,-95,2,20,0,562,438,-102.0,3.0,26.0,0.0,483.0,517.0,1000,0,0,36,36,0,72,8,2,1,2,1,1,8,1,2,2,1,1,1,0,0,1,0,0,1,0,0,0,0,0,0,0,0,0,0,0,0,0,0,0,0,0,0,0,0,0,0,0,0,0,0,0,0,0,0,0,0,0,0,0,0,0,0,0,0,0,0,0,0,0,0,0,0,0,0,0,0,0,0,0,0,0,0,0,0,0,0,0,0,0,0,0,1,10,217,10.0,21.7,15.85,1,0,1,2,15,304,1,5,6,6,1,38,1247,46703,47988,2,228,0.0263157894736842,0.008019246190858,0.0046463824593709,321,1.4078947368421053,1,1,1,1,1,1,1,1
cornerMate mate mateIn1 middlegame oneMove,f4h6 f5g3,7k/p4R1p/3p3B/2pN1n2/2PbB1b1/3P2P1/P3r3/5R1K b - -,983,79,-1,-1500,-1500,61500,1,2,1000,0,0,-667,2,25,0,0,1000,-931.0,3.0,20.0,0.0,0.0,1000.0,1000,0,0,23,18,5,41,4,1,2,2,0,1,4,1,2,1,0,1,0,0,0,1,0,0,0,0,0,0,1,0,0,0,0,0,0,0,0,0,1,1,0,0,0,0,0,0,0,0,0,0,0,0,0,0,0,0,0,0,0,1,0,0,0,0,0,0,0,0,0,0,0,0,0,0,0,0,0,0,0,0,0,0,0,0,0,0,0,0,0,0,0,0,0,0,0,0.0,0.0,0.0,0,0,0,0,0,0,0,0,0,0,0,31,1143,32749,33923,0,0,0.0,0.0,0.0,0,0.0,1,1,1,1,1,1,1,1
advantage fork opening short,f1b5 e7b4 b1c3 b4b2,r3kbnr/ppp1qppp/2n5/1B1pP3/5B2/4PQ2/PPP2PPP/RN2K2R b KQkq -,1564,75,-1,100,121,162790,1,37,727,273,0,-178,2,17,0,26,974,-221.0,3.0,25.0,0.0,4.0,996.0,218,782,0,36,35,1,71,8,1,2,2,1,1,7,2,1,2,1,1,0,0,0,0,1,0,1,0,1,0,0,0,0,0,0,0,0,0,0,0,0,0,1,0,0,0,0,0,0,0,0,0,0,0,0,0,0,0,0,0,0,0,0,0,0,0,0,0,0,0,0,0,0,0,0,0,0,0,0,0,0,0,0,0,0,0,0,0,0,0,0,0,0,0,0,0,0,0.0,0.0,0.0,0,0,0,0,0,0,0,0,0,0,0,29,1128,35080,36237,0,0,0.0,0.0,0.0,0,0.0,0,0,0,0,0,1,1,1
crushing kingsideAttack middlegame short,g1h1 f6f4 d1f3 f4f3,r4rk1/pp3ppp/3p1q2/P1P1p3/2B5/2B2n2/2P2P1P/R2Q1R1K b - -,1663,76,-1,650,647,71274,1,31,1000,0,0,0,2,14,3,994,3,-71.0,3.0,18.0,0.0,843.0,157.0,1000,0,0,30,29,1,59,5,0,2,2,1,1,7,1,0,2,1,1,1,0,0,1,0,0,1,0,0,0,0,0,0,0,0,1,0,0,0,0,0,0,0,0,0,0,0,0,0,0,0,0,0,0,0,0,0,0,0,0,0,0,0,0,0,0,0,0,0,0,0,0,0,0,0,0,0,0,0,0,0,0,0,0,0,0,0,0,0,0,0,0,0,0,1,1,1,1.0,1.0,1.0,1,1,1,2,3,1,1,1,1,3,1,35,1348,46636,48019,3,3,0.0285714285714285,0.0007418397626112,2.144266232095377e-05,6,2.0,1,1,1,1,1,1,1,1
crushing defensiveMove endgame long rookEndgame,c4c3 h3c3 b3c3 a5a4 c3b2 a4b4,8/8/1p6/k7/P7/1KR4r/8/8 b - -,1684,75,-1,728,1519,313140,1,19,1000,0,0,22,2,17,6,994,0,14.0,3.0,20.0,3.0,996.0,1.0,1000,0,0,6,6,0,12,1,0,0,1,0,1,1,0,0,1,0,1,1,0,1,0,0,1,0,1,0,0,0,0,0,0,0,0,0,0,0,0,0,0,0,0,0,0,0,0,0,0,0,0,0,0,0,0,0,0,0,0,0,0,1,0,0,0,0,0,0,0,0,0,0,0,0,0,0,0,0,0,0,0,0,0,0,0,0,0,0,0,0,0,0,0,1,2,3,2.0,1.5,1.75,1,0,1,5,2,3,1,1,1,2,1,14,170,2456,2640,2,6,0.0714285714285714,0.0117647058823529,0.0012214983713355,10,1.6666666666666667,1,1,1,1,1,1,1,1
crushing endgame short,e6d5 d4f6 g5f5 c6d5,8/6p1/2B2n2/3b2k1/3B4/6K1/4P3/8 w - -,1469,79,1,508,510,133156,1,31,1000,0,0,12,2,20,3,996,1,9.0,3.0,17.0,2.0,997.0,1.0,1000,0,0,7,7,0,14,1,0,2,0,0,1,1,1,1,0,0,1,1,0,0,0,0,1,1,0,0,0,0,0,0,0,0,0,0,0,0,0,0,0,0,0,0,0,0,0,0,0,0,0,0,0,0,0,0,0,0,0,0,0,0,0,0,0,0,0,0,0,0,0,0,0,0,0,0,0,0,0,0,0,0,0,0,0,0,0,0,0,0,0,0,0,1,3,5,3.0,1.6666666666666667,2.333333333333333,1,0,2,2,3,5,1,1,1,2,1,23,493,10523,11039,3,9,0.0434782608695652,0.0060851926977687,0.0004751496721467,10,1.1111111111111112,1,1,1,1,1,1,1,1
endgame hangingPiece master mate mateIn1 oneMove,f4d2 e7e8,4r1k1/1p2R1p1/p2p2Pp/P1pP4/8/1R3p2/1P1q3P/5B1K w - -,1231,99,1,1500,1500,117376,1,2,1000,0,0,22,2,20,6,994,0,0.0,3.0,11.0,2.0,997.0,1.0,1000,0,0,18,21,-3,39,5,0,1,2,0,1,7,0,0,1,1,1,0,1,0,0,0,1,0,0,0,0,1,0,0,1,0,0,0,0,0,0,1,1,0,0,0,0,0,0,0,0,0,0,0,0,0,0,0,0,0,0,0,0,0,0,0,0,0,0,0,0,0,0,0,0,0,0,0,0,0,0,0,0,0,0,0,0,0,0,0,0,0,0,0,0,0,0,0,0.0,0.0,0.0,0,0,0,0,0,0,0,0,0,0,0,31,925,23605,24561,0,0,0.0,0.0,0.0,0,0.0,1,1,1,1,1,1,1,1
advantage endgame hangingPiece short,c6b5 a3b5 c3c2 e2d2,8/7p/4k3/pb1p1pPB/1n1P3P/N1p1P3/4K3/8 w - -,1113,85,1,355,399,86823,1,25,1000,0,0,-183,2,24,0,4,996,-348.0,3.0,27.0,0.0,0.0,1000.0,1000,0,0,10,11,-1,21,4,1,1,0,0,1,5,1,1,0,0,1,0,1,0,0,1,1,1,0,0,0,0,0,0,0,0,0,0,0,0,0,0,0,0,0,0,0,0,0,0,0,0,0,0,0,0,0,0,0,0,0,0,0,0,0,0,0,0,0,0,0,0,0,0,0,0,0,0,0,0,0,0,0,0,0,0,0,0,0,0,0,0,0,0,0,1,3,15,3.0,5.0,4.0,1,0,1,2,3,23,1,1,4,4,1,6,113,1671,1790,2,19,0.1666666666666666,0.0265486725663716,0.0089766606822262,28,1.4736842105263157,1,1,1,1,1,1,1,1
crushing long middlegame sacrifice,f7g8 g4c4 g8h8 h1h7 g6h7 g5f7,r2q2k1/pp1n2bp/3P2b1/6N1/6Q1/P3P3/6P1/4K2R w K -,2632,78,1,521,495,99921,1,19,1000,0,0,-239,2,29,0,0,1000,-391.0,3.0,23.0,0.0,0.0,1000.0,1000,0,0,21,26,-5,47,4,1,0,1,1,1,3,1,2,1,1,1,1,0,1,1,0,0,0,0,0,0,0,0,0,0,0,0,0,0,0,0,0,0,0,0,0,0,0,1,0,0,0,0,0,0,0,0,0,0,0,0,0,0,0,0,0,0,0,0,0,0,0,0,0,0,0,0,0,0,0,0,0,0,0,0,0,0,0,0,0,0,0,0,0,0,1,1,1,1.0,1.0,1.0,1,1,1,4,1,3,1,1,1,2,1,39,1572,56030,57641,3,3,0.0256410256410256,0.0006361323155216,1.7847581652686062e-05,8,2.6666666666666665,0,0,1,1,1,1,1,1
crushing defensiveMove master middlegame pin short,a8d8 d2h6 g7g6 g3h3,3rnrk1/1b3pp1/4pb2/p3q3/1p1N4/3B2R1/PPPQN2P/1K4R1 w - -,2505,79,1,643,666,983569,1,41,1000,0,0,0,2,23,5,990,5,0.0,3.0,22.0,5.0,990.0,5.0,1000,0,0,32,33,-1,65,4,2,1,2,1,1,5,1,2,2,1,1,1,0,0,1,0,0,1,0,0,0,0,0,0,1,0,0,0,0,0,0,0,0,0,1,0,0,0,0,0,0,0,0,0,0,0,0,0,0,0,0,0,0,1,0,0,0,0,0,0,0,0,0,0,0,0,0,0,0,0,0,0,0,0,0,0,0,0,0,0,0,0,0,0,0,1,1,1,1.0,1.0,1.0,1,1,1,4,3,1,1,1,1,1,1,48,1897,90266,92211,3,3,0.0208333333333333,0.0005271481286241,1.1078368377905304e-05,8,2.6666666666666665,0,1,1,1,1,1,1,1
advantage middlegame quietMove short,g2f2 f8e8 c6e8 e5e8,5r1k/B1p3pp/2Qb1p2/3Pq3/P6P/8/2P2K2/3R1R2 b - -,2385,81,-1,267,248,353590,1,35,1000,0,0,-209,2,18,0,1,999,-229.0,3.0,16.0,0.0,0.0,1000.0,1000,0,0,26,21,5,47,4,0,1,2,1,1,4,0,1,1,1,1,0,0,0,1,1,0,1,0,0,0,0,0,0,0,0,0,0,0,0,0,0,0,0,0,1,0,0,0,0,0,0,0,0,0,0,0,0,0,0,0,0,0,0,0,0,0,0,0,0,0,0,0,0,0,0,0,0,0,0,0,0,0,0,0,0,0,0,0,0,0,0,0,0,0,1,2,3,2.0,1.5,1.75,1,0,1,1,3,8,1,1,1,2,1,35,933,32893,33861,2,6,0.0285714285714285,0.0021436227224008,9.120481561426444e-05,12,2.0,0,0,1,1,1,1,1,1
kingsideAttack mate mateIn2 middlegame short,f6d5 c2h7 g8f8 h7h8,r1bqr1k1/pp1nbpp1/2p5/3n2P1/2BP4/P7/1PQNNPP1/R3K2R w KQ -,908,79,1,1500,1500,30845,1,4,1000,0,0,83,2,19,311,689,0,-154.0,3.0,28.0,0.0,72.0,928.0,1000,0,0,34,36,-2,70,6,2,1,2,1,1,5,2,2,2,1,1,0,0,0,1,0,0,1,0,0,0,1,1,0,0,0,1,0,0,0,0,0,0,0,0,0,0,0,0,0,0,0,0,0,0,0,0,0,0,0,0,0,0,0,0,0,0,0,0,0,0,0,0,0,0,0,0,0,0,0,0,0,0,0,0,0,0,0,0,0,0,0,0,0,0,1,1,0,1.0,0.0,0.5,1,1,0,5,1,0,1,1,0,2,0,52,1696,81901,83649,2,2,0.0192307692307692,0.0005896226415094,0.0,6,3.0,1,0,1,1,1,1,1,1
crushing kingsideAttack long middlegame pin,d7e6 e2f4 c5d4 f4g6 f7g6 h5h6,r6k/q1p2p1p/1b2bPr1/p1ppP2Q/3P2p1/4B3/PP2NRPP/3R2K1 w - -,1795,74,1,290,291,197273,1,19,1000,0,0,110,2,30,626,374,0,51.0,3.0,26.0,68.0,932.0,0.0,1000,0,0,32,32,0,64,7,1,1,2,1,1,7,0,2,2,1,1,1,0,1,1,0,0,0,0,0,0,0,0,0,0,0,1,0,0,0,0,0,0,0,1,0,0,0,0,0,0,0,0,0,0,0,0,0,0,0,0,0,0,0,0,0,0,0,0,0,0,0,0,0,0,0,0,0,0,0,0,0,0,0,0,0,0,0,0,0,0,0,0,0,0,1,1,23,1.0,23.0,12.0,1,1,0,2,4,34,1,1,6,6,1,38,893,33857,34788,2,25,0.0263157894736842,0.0011198208286674,0.0006793277608766,40,1.6,0,0,1,1,1,0,1,1
advantage middlegame short,d3f5 e6f5 e1e7 c6e7,r2r2k1/1p2qppp/2n1p3/5Q2/p2P4/P4N2/BP3PPP/2R1R1K1 b - -,1562,76,-1,210,247,116976,1,32,1000,0,0,-406,2,20,0,0,1000,-451.0,3.0,17.0,0.0,0.0,1000.0,1000,0,0,31,28,3,59,6,1,1,2,1,1,6,1,0,2,1,1,0,0,0,1,1,0,1,0,0,0,0,0,0,0,0,0,0,0,0,0,0,0,0,0,0,0,0,0,0,0,0,0,0,0,0,0,0,0,0,0,0,0,0,0,0,0,0,0,0,0,0,0,0,0,0,0,0,0,0,0,0,0,0,0,0,0,0,0,0,0,0,0,0,0,1,1,1,1.0,1.0,1.0,1,1,1,1,6,2,1,1,1,3,1,41,2109,80620,82770,3,3,0.024390243902439,0.0004741583688952,1.2403870007442322e-05,9,3.0,1,1,1,1,1,1,1,1
endgame master mate mateIn1 oneMove rookEndgame,c6b6 a1h1,8/6k1/1R5p/5p1P/5P1K/6P1/8/r7 b - -,446,93,-1,-1500,-1500,34444,1,2,1000,0,0,0,2,24,1,998,1,-6.0,3.0,19.0,1.0,997.0,2.0,1000,0,0,8,7,1,15,3,0,0,1,0,1,2,0,0,1,0,1,0,0,0,0,0,1,0,1,0,0,1,0,0,1,0,0,0,0,0,0,1,1,0,0,0,0,0,0,0,0,0,0,0,0,0,0,0,0,0,0,0,0,0,0,0,0,0,0,0,0,0,0,0,0,0,0,0,0,0,0,0,0,0,0,0,0,0,0,0,0,0,0,0,0,0,0,0,0.0,0.0,0.0,0,0,0,0,0,0,0,0,0,0,0,19,288,4479,4786,0,0,0.0,0.0,0.0,0,0.0,1,1,1,1,1,1,1,1
crushing endgame long,g6h4 c5b5 h4g2 b5a6 g2e3 a6b7,2nk4/8/2PBp3/1pK1P1p1/1P4Pn/8/8/8 w - -,2065,96,1,287,212,176974,1,41,999,1,0,0,2,20,1,998,1,-44.0,3.0,18.0,0.0,976.0,24.0,1000,0,0,7,9,-2,16,4,0,1,0,0,1,3,2,0,0,0,1,1,0,1,0,0,1,0,0,0,0,0,0,0,0,0,0,0,0,0,0,0,0,0,0,0,0,0,0,0,0,0,0,0,0,0,0,0,0,0,0,0,0,0,0,0,0,0,0,0,0,0,0,0,0,0,0,0,0,0,0,0,0,0,0,0,0,0,0,0,0,0,0,0,0,1,1,1,1.0,1.0,1.0,1,1,1,1,2,1,1,1,1,2,1,7,47,357,411,3,3,0.1428571428571428,0.0212765957446808,0.0028011204481792,4,1.3333333333333333,0,0,1,1,1,0,1,1
backRankMate mate mateIn2 middlegame short,g6e4 d1d8 f6e8 d8e8,6k1/5ppp/5n2/pp6/4b1rP/5N1Q/Pq2r1P1/3R2RK w - -,538,92,1,1500,1500,50787,1,4,1000,0,0,-120,2,21,0,225,775,-465.0,3.0,20.0,0.0,0.0,1000.0,1000,0,0,25,30,-5,55,3,1,0,2,1,1,5,1,1,2,1,1,0,0,0,1,0,0,1,0,0,0,1,1,0,0,0,0,0,0,0,0,0,0,0,0,0,1,0,0,0,0,0,0,0,0,0,0,0,0,0,0,0,0,0,0,0,0,0,0,0,0,0,0,0,0,0,0,0,0,0,0,0,0,0,0,0,0,0,0,0,0,0,0,0,0,1,1,0,1.0,0.0,0.5,1,1,0,7,2,0,1,1,0,2,0,28,1231,34315,35574,2,2,0.0357142857142857,0.000812347684809,0.0,9,4.5,1,1,1,1,1,1,1,1
crushing endgame pawnEndgame quietMove short,e3d3 h5h4 d3c4 e5d6,8/2p5/8/2pPk2p/8/3K3P/6P1/8 b - -,2264,75,-1,428,461,97124,1,21,1000,0,0,31,2,27,10,990,0,-22.0,3.0,18.0,0.0,994.0,6.0,1000,0,0,3,3,0,6,3,0,0,0,0,1,3,0,0,0,0,1,1,0,0,0,0,1,1,0,0,1,0,0,0,0,0,0,0,0,0,0,0,0,0,0,1,0,0,0,0,0,0,0,0,0,0,0,0,0,0,0,0,0,0,0,0,0,0,0,0,0,0,0,0,0,0,0,0,0,0,0,0,0,0,0,0,0,0,0,0,0,0,0,0,0,1,5,22,5.0,4.4,4.7,1,0,1,1,5,22,1,2,2,2,1,8,74,608,690,2,28,0.125,0.0675675675675675,0.0361842105263157,28,1.0,0,1,1,1,1,1,1,1
crushing defensiveMove endgame long rookEndgame skewer,d4a4 b8b1 e1f2 b1h1 a4a7 e7f8,1r5r/p3kp2/4p2p/4P3/R4Pp1/6P1/P1P4P/4K2R b K -,1087,90,-1,428,439,244781,1,38,1000,0,0,-40,2,20,0,980,20,-45.0,3.0,20.0,0.0,972.0,28.0,1000,0,0,16,15,1,31,6,0,0,2,0,1,5,0,0,2,0,1,1,0,1,0,0,1,0,1,0,0,0,0,0,0,0,0,0,0,0,1,0,0,0,0,0,0,0,0,0,0,0,0,0,0,0,0,0,0,0,0,0,0,1,0,0,0,0,0,0,0,0,0,0,0,0,0,0,0,0,0,0,0,0,0,0,0,0,0,0,0,0,0,0,0,1,2,2,2.0,1.0,1.5,1,0,2,7,2,12,1,1,1,2,1,28,590,14210,14828,3,5,0.0357142857142857,0.0033898305084745,0.0001407459535538,21,4.2,1,1,1,1,1,1,1,1
kingsideAttack mate mateIn1 middlegame oneMove,c5d4 c2h7,2r2rk1/5ppp/bq2p3/p2pP1N1/Pb1p2P1/1P2P2P/2QN4/2R1K2R w K -,1029,77,1,1500,1500,86206,1,2,1000,0,0,-559,2,22,0,0,1000,-584.0,3.0,19.0,0.0,0.0,1000.0,1000,0,0,31,32,-1,63,6,2,0,2,1,1,7,0,2,2,1,1,0,0,0,1,0,0,0,0,0,0,1,0,0,0,0,1,0,0,0,0,1,1,0,0,0,0,0,0,0,0,0,0,0,0,0,0,0,0,0,0,0,0,0,0,0,0,0,0,0,0,0,0,0,0,0,0,0,0,0,0,0,0,0,0,0,0,0,0,0,0,0,0,0,0,0,0,0,0.0,0.0,0.0,0,0,0,0,0,0,0,0,0,0,0,31,1212,37980,39223,0,0,0.0,0.0,0.0,0,0.0,1,1,1,1,1,1,1,1
crushing long middlegame pin,d3f5 e5e3 f5f4 h2h4 g5f5 e3h3,3r4/p4R2/1pb2Pp1/n1p1Qqkp/8/P7/1P4PP/6RK w - -,2296,75,1,576,582,1146537,1,52,1000,0,0,64,2,25,90,910,0,38.0,3.0,21.0,19.0,981.0,0.0,1000,0,0,24,25,-1,49,5,0,0,2,1,1,5,1,1,1,1,1,1,0,1,1,0,0,0,0,0,0,0,0,0,0,0,0,0,0,0,0,0,0,0,1,0,0,0,0,0,0,0,0,0,0,0,0,0,0,0,0,0,0,0,0,0,0,0,0,0,0,0,0,0,0,0,0,0,0,0,0,0,0,0,0,0,0,0,0,0,0,0,0,0,0,1,2,10,2.0,5.0,3.5,1,0,1,2,2,20,1,1,3,4,1,36,1232,42714,43982,2,13,0.0277777777777777,0.0016233766233766,0.000234115278363,24,1.8461538461538465,0,0,1,1,1,1,1,1
crushing deflection endgame master short,e2g2 g3e1 g2g1 e1d2,8/5kp1/p3pb2/8/6Pp/1P4qP/P2R2Q1/7K b - -,1096,81,-1,539,571,213999,1,34,1000,0,0,-267,2,29,0,0,1000,-272.0,3.0,24.0,0.0,0.0,1000.0,1000,0,0,18,16,2,34,4,0,0,1,1,1,4,0,1,0,1,1,1,0,0,0,0,1,1,0,0,0,0,0,0,1,0,0,0,0,0,0,0,0,0,0,0,0,0,0,0,0,1,0,0,0,0,0,0,0,0,0,0,0,0,0,0,0,0,0,0,0,0,0,0,0,0,0,0,0,0,0,0,0,0,0,0,0,0,0,0,0,0,0,0,0,1,1,1,1.0,1.0,1.0,1,1,1,2,1,1,1,1,1,3,1,33,802,23176,24011,3,3,0.0303030303030303,0.0012468827930174,4.3148084225060405e-05,4,1.3333333333333333,0,1,1,1,1,1,1,1
endgame mate mateIn1 oneMove,f4f5 e4g3,8/3pk3/R7/1R2PK1p/2PPn1r1/8/8/8 b - -,1717,84,-1,-1500,-1500,105228,1,2,1000,0,0,-297,2,22,0,0,1000,-348.0,3.0,26.0,0.0,0.0,1000.0,1000,0,0,13,10,3,23,3,0,0,2,0,1,2,1,0,1,0,1,0,0,0,0,0,1,0,0,0,0,1,0,0,0,0,0,0,0,0,0,1,1,0,0,0,0,0,0,0,0,0,0,0,0,0,0,0,0,0,0,0,0,0,0,0,0,0,0,0,0,0,0,0,0,0,0,0,0,0,0,0,0,0,0,0,0,0,0,0,0,0,0,0,0,0,0,0,0.0,0.0,0.0,0,0,0,0,0,0,0,0,0,0,0,24,557,12728,13309,0,0,0.0,0.0,0.0,0,0.0,1,1,1,1,1,1,1,1
advantage fork master middlegame short,d4a7 e7g5 c1b1 g5h6,6k1/Q2bqr1p/2rpp1pR/p7/Pp2P3/1B3P2/1PP3P1/2KR4 b - -,993,81,-1,273,306,692860,1,33,1000,0,0,-123,2,22,0,204,796,-156.0,3.0,25.0,0.0,33.0,967.0,1000,0,0,28,28,0,56,6,0,1,2,1,1,6,0,1,2,1,1,0,0,0,1,1,0,1,0,1,0,0,0,0,1,0,0,0,0,0,0,0,0,0,0,0,0,0,0,0,0,0,0,0,0,0,0,0,0,0,0,0,0,0,0,0,0,0,0,0,0,0,0,0,0,0,0,0,0,0,0,0,0,0,0,0,0,0,0,0,0,0,0,0,0,1,1,1,1.0,1.0,1.0,1,1,1,2,1,1,1,1,1,2,1,28,1058,30342,31428,3,3,0.0357142857142857,0.0009451795841209,3.295761650517435e-05,4,1.3333333333333333,1,0,0,1,1,1,1,1
advantage middlegame pin short,a8b8 g5e6 f8g8 e6c7,1r3k1r/pNqnppb1/6pn/2p3Np/7P/2P2Q2/PP3PP1/R1B1K2R w KQ -,1380,74,1,603,622,422734,1,33,1000,0,0,-119,2,22,0,284,716,-231.0,3.0,19.0,0.0,1.0,999.0,1000,0,0,34,34,0,68,6,2,1,2,1,1,6,2,1,2,1,1,0,0,0,1,1,0,1,0,0,0,0,0,0,0,0,0,0,0,0,0,0,0,0,1,0,0,0,0,0,0,0,0,0,0,0,0,0,0,0,0,0,0,0,0,0,0,0,0,0,0,0,0,0,0,0,0,0,0,0,0,0,0,0,0,0,0,0,0,0,0,0,0,0,0,1,1,1,1.0,1.0,1.0,1,1,1,2,1,2,1,1,1,2,1,44,1534,64399,65977,3,3,0.0227272727272727,0.0006518904823989,1.5528191431543968e-05,5,1.6666666666666667,1,1,1,1,1,1,1,1
backRankMate endgame fork mate mateIn2 short,e1e4 f3d2 b1a1 c8c1,2r5/pR5p/5p1k/4p3/4R3/B4nPP/PP3P2/1K6 b - -,1516,88,-1,-1500,-1500,92812,1,4,1000,0,0,-499,2,24,0,0,1000,-541.0,3.0,27.0,0.0,0.0,1000.0,1000,0,0,18,12,6,30,5,0,1,2,0,1,4,1,0,1,0,1,0,0,0,0,0,1,1,0,1,0,1,1,0,0,0,0,0,0,0,0,0,0,0,0,0,1,0,0,0,0,0,0,0,0,0,0,0,0,0,0,0,0,0,0,0,0,0,0,0,0,0,0,0,0,0,0,0,0,0,0,0,0,0,0,0,0,0,0,0,0,0,0,0,0,1,1,0,1.0,0.0,0.5,1,1,0,2,1,0,1,1,0,2,0,27,842,18969,19838,2,2,0.037037037037037,0.001187648456057,0.0,3,1.5,0,1,1,1,1,1,1,1
advantage endgame queenEndgame short,c4d5 e2e4 d5e4 f3e4,8/6pk/7p/2pq4/3p4/5PP1/P3QK1P/8 w - -,1476,75,1,398,513,840035,1,33,1000,0,0,0,2,18,2,996,2,0.0,3.0,16.0,2.0,996.0,2.0,1000,0,0,13,13,0,26,4,0,0,0,1,1,4,0,0,0,1,1,0,0,0,0,1,1,1,0,0,0,0,0,0,0,0,0,0,0,0,0,0,0,0,0,0,0,0,0,0,0,0,0,0,0,0,0,0,0,0,0,0,0,0,1,0,0,0,0,0,0,0,0,0,0,0,0,0,0,0,0,0,0,0,0,0,0,0,0,0,0,0,0,0,0,1,1,1,1.0,1.0,1.0,1,1,1,2,1,1,1,1,1,2,1,26,601,15186,15813,3,3,0.0384615384615384,0.0016638935108153,6.585012511523772e-05,4,1.3333333333333333,0,1,1,1,1,1,1,1
attackingF2F7 mate mateIn1 middlegame oneMove,c1f4 h4f2,r4rk1/1pp2ppp/p2p4/2bPp3/2P1PB1q/P1N2B2/1P3P2/R2QK1R1 b Q -,1054,86,-1,-1500,-1500,159030,1,2,1000,0,0,65,2,38,131,869,0,-209.0,3.0,20.0,0.0,3.0,997.0,1000,0,0,34,30,4,64,6,1,2,2,1,1,8,0,1,2,1,1,0,0,0,1,0,0,0,0,0,0,1,0,0,0,0,0,0,0,0,0,1,1,0,0,0,0,0,0,0,0,0,0,0,0,0,0,0,0,0,0,0,0,0,0,1,0,0,0,0,0,0,0,0,0,0,0,0,0,0,0,0,0,0,0,0,0,0,0,0,0,0,0,0,0,0,0,0,0.0,0.0,0.0,0,0,0,0,0,0,0,0,0,0,0,41,1683,63671,65395,0,0,0.0,0.0,0.0,0,0.0,1,1,1,1,1,1,1,1
advancedPawn crushing defensiveMove endgame long rookEndgame,h4h5 b3b2 b4b6 f6e5 f3f4 g5f4,8/8/5k1p/6pP/1R4P1/1p2KP2/8/1r6 b - -,1925,75,-1,384,478,157957,1,43,1000,0,0,10,2,22,2,997,1,0.0,3.0,21.0,1.0,998.0,1.0,1000,0,0,8,8,0,16,3,0,0,1,0,1,3,0,0,1,0,1,1,0,1,0,0,1,0,1,0,0,0,0,0,0,0,0,0,0,0,0,0,0,0,0,0,0,0,0,0,0,0,0,0,1,0,0,0,0,0,0,0,0,1,0,0,0,0,0,0,0,0,0,0,0,0,0,0,0,0,0,0,0,0,0,0,0,0,0,0,0,0,0,0,0,1,1,1,1.0,1.0,1.0,1,1,1,1,4,1,1,1,1,2,1,14,217,3099,3330,3,3,0.0714285714285714,0.0046082949308755,0.0003226847370119,6,2.0,0,0,1,1,0,1,1,1
advantage attraction discoveredAttack exposedKing middlegame sacrifice veryLong,d4e5 f1f8 e8f8 e3c5 c8c5 e2e5 c5c1 g1f2,2r1kbnr/pp4pp/4p3/3pq1N1/8/1P2B3/P3Q1PP/nN3RK1 w k -,2141,82,1,364,393,449978,1,39,1000,0,0,-234,2,20,0,1,999,-259.0,3.0,20.0,0.0,0.0,1000.0,1000,0,0,27,34,-7,61,4,2,1,1,1,1,6,2,1,2,1,1,0,0,0,1,1,0,0,0,0,0,0,0,0,0,0,0,1,0,1,0,0,0,0,0,0,0,1,1,0,0,0,0,0,0,1,0,0,0,0,0,0,0,0,0,0,0,0,0,0,0,0,0,0,0,0,0,0,0,0,0,0,0,0,0,0,0,0,0,0,0,0,0,0,0,1,1,1,1.0,1.0,1.0,1,1,1,7,1,2,1,1,1,3,1,49,2071,92539,94659,3,3,0.0204081632653061,0.0004828585224529,1.0806254660197324e-05,10,3.333333333333333,0,1,1,0,1,1,1,1
crushing exposedKing long middlegame skewer,h7g8 h1h8 g8f7 h8h7 f7e8 h7e7,6k1/r1b1q3/2p3p1/2Pp4/1P2p1n1/2B1P3/NQ6/2K4R w - -,1156,79,1,505,519,985786,1,43,1000,0,0,34,2,20,15,985,0,27.0,3.0,32.0,9.0,991.0,0.0,1000,0,0,23,24,-1,47,3,1,1,1,1,1,4,1,1,1,1,1,1,0,1,1,0,0,0,0,0,0,0,0,0,0,0,0,0,0,1,1,0,0,0,0,0,0,0,0,0,0,0,0,0,0,0,0,0,0,0,0,0,0,0,0,0,0,0,0,0,0,0,0,0,0,0,0,0,0,0,0,0,0,0,0,0,0,0,0,0,0,0,0,0,0,1,1,1,1.0,1.0,1.0,1,1,1,7,1,1,1,1,1,2,1,33,1273,41482,42788,3,3,0.0303030303030303,0.0007855459544383,2.410684152162384e-05,9,3.0,0,1,1,1,1,1,1,1
advantage endgame long,d7b7 e5h5 f7e7 e3c5 c2c5 h5c5,8/1q3kpp/1P2p3/4Q3/5P2/4B2P/2r3PK/8 w - -,1681,96,1,61,320,101199,1,24,1000,0,0,-87,2,21,0,694,306,-140.0,3.0,19.0,0.0,68.0,932.0,1000,0,0,16,17,-1,33,4,0,1,0,1,1,3,0,0,1,1,1,0,0,1,0,1,1,0,0,0,0,0,0,0,0,0,0,0,0,0,0,0,0,0,0,0,0,0,0,0,0,0,0,0,0,0,0,0,0,0,0,0,0,0,0,0,0,0,0,0,0,0,0,0,0,0,0,0,0,0,0,0,0,0,0,0,0,0,0,0,0,0,0,0,0,0,0,0,0.0,0.0,0.0,0,0,0,0,0,0,0,0,0,0,0,29,836,23337,24202,0,0,0.0,0.0,0.0,0,0.0,0,0,1,1,1,1,1,1
crushing fork long middlegame,f3f2 e5d3 f2e3 d3f4 h1h5 f4h5,rn3rk1/p5pp/3N4/4np1q/5Q2/1P6/PB1P1KP1/2R4R b - -,1065,79,-1,341,369,109861,1,25,1000,0,0,-408,2,22,0,0,1000,-415.0,3.0,24.0,0.0,0.0,1000.0,1000,0,0,29,29,0,58,4,1,1,2,1,1,4,2,0,2,1,1,1,0,1,1,0,0,0,0,1,0,0,0,0,0,0,0,0,0,0,0,0,0,0,0,0,0,0,0,0,0,0,0,0,0,0,0,0,0,0,0,0,0,0,0,0,0,0,0,0,0,0,0,0,0,0,0,0,0,0,0,0,0,0,0,0,0,0,0,0,0,0,0,0,0,1,2,3,2.0,1.5,1.75,1,0,1,2,2,8,1,1,2,3,1,35,1846,61427,63308,2,6,0.0285714285714285,0.0010834236186348,4.883845865824475e-05,12,2.0,0,1,1,1,1,1,1,1
crushing fork master middlegame short,c6c5 d4a4 a6b5 a4b5,r3kb1r/p4ppp/b3p3/2pq4/3Q4/4BN2/PPP2PPP/R3K2R w KQkq -,1096,82,1,535,527,178044,1,32,1000,0,0,64,2,18,119,881,0,26.0,3.0,26.0,16.0,983.0,1.0,1000,0,0,31,31,0,62,6,1,1,2,1,1,6,0,2,2,1,1,1,0,0,1,0,0,1,0,1,0,0,0,0,1,0,0,0,0,0,0,0,0,0,0,0,0,0,0,0,0,0,0,0,0,0,0,0,0,0,0,0,0,0,0,0,0,0,0,0,0,0,0,0,0,0,0,0,0,0,0,0,0,0,0,0,0,0,0,0,0,0,0,0,0,1,2,2,2.0,1.0,1.5,1,0,2,3,3,3,1,2,1,2,1,44,1740,72743,74527,3,5,0.0227272727272727,0.0011494252873563,2.749405441073368e-05,9,1.8,1,1,1,1,1,1,1,1
crushing endgame fork short,b8h8 d6f7 e5e4 f7h8,7R/1p2k2p/p2n2p1/4K3/8/6P1/P6P/8 b - -,1007,84,-1,496,493,88812,1,35,1000,0,0,-413,2,20,0,0,1000,-417.0,3.0,20.0,0.0,0.0,1000.0,1000,0,0,8,7,1,15,3,0,0,1,0,1,4,1,0,0,0,1,1,0,0,0,0,1,1,0,1,0,0,0,0,0,0,0,0,0,0,0,0,0,0,0,0,0,0,0,0,0,0,0,0,0,0,0,0,0,0,0,0,0,0,0,0,0,0,0,0,0,0,0,0,0,0,0,0,0,0,0,0,0,0,0,0,0,0,0,0,0,0,0,0,0,1,4,5,4.0,1.25,2.625,1,0,3,2,4,9,1,1,2,3,1,15,217,2910,3142,4,10,0.0666666666666666,0.0184331797235023,0.0017182130584192,15,1.5,1,1,1,1,1,1,1,1
crushing defensiveMove middlegame veryLong,f1e1 g3e4 e1e4 d5e4 d1h5 h4h5 b3f7 h5f7,r1b1k2N/ppp3pp/2n5/2bp4/7q/1B4n1/PPPP1P1P/RNBQR1K1 b q -,2162,77,-1,220,228,109757,1,33,998,2,0,-149,2,18,0,87,913,-198.0,3.0,22.0,0.0,9.0,991.0,1000,0,0,37,32,5,69,6,2,2,2,1,1,6,2,2,1,1,1,1,0,0,1,0,0,0,0,0,0,0,0,0,0,0,0,1,0,0,0,0,0,0,0,0,0,0,0,0,0,0,0,0,0,0,0,0,0,0,0,0,0,1,0,0,0,0,0,0,0,0,0,0,0,0,0,0,0,0,0,0,0,0,0,0,0,0,0,0,0,0,0,0,0,1,1,25,1.0,25.0,13.0,1,1,0,2,1,44,1,1,6,6,1,12,299,12919,13230,2,27,0.0833333333333333,0.0033444816053511,0.0019351342983203,47,1.7407407407407407,1,1,1,1,1,1,1,1
advantage attraction fork long middlegame sacrifice,a8e8 e1e8 f8e8 d5f6 e8e7 f6g4,4rk1r/1pp2p2/p2p3p/3N4/3P2q1/8/PPP5/1K2Q1NR w - -,1331,76,1,508,514,258730,1,29,1000,0,0,-89,2,25,0,662,338,-332.0,3.0,25.0,0.0,0.0,1000.0,1000,0,0,24,25,-1,49,4,2,0,1,1,1,6,0,0,2,1,1,0,0,1,1,1,0,0,0,1,0,0,0,0,0,0,0,0,0,0,0,0,0,0,0,0,0,0,1,0,0,0,0,0,0,1,0,0,0,0,0,0,0,0,0,0,0,0,0,0,0,0,0,0,0,0,0,0,0,0,0,0,0,0,0,0,0,0,0,0,0,0,0,0,0,1,2,4,2.0,2.0,2.0,1,0,1,7,2,20,1,1,2,3,1,41,1648,60094,61783,2,7,0.024390243902439,0.0012135922330097,6.656238559589975e-05,29,4.142857142857143,0,0,1,1,1,1,1,1
crushing kingsideAttack master middlegame pin short,f1g1 f5g3 f2g3 g8g3,6rk/pp6/2n5/3ppn1p/3p4/2P2P1q/PP3QNB/R5RK b - -,1287,87,-1,465,471,88311,1,30,1000,0,0,-176,2,23,0,9,991,-246.0,3.0,18.0,0.0,0.0,1000.0,1000,0,0,29,26,3,55,4,1,1,2,1,1,6,2,0,1,1,1,1,0,0,1,0,0,1,0,0,0,0,0,0,1,0,1,0,0,0,0,0,0,0,1,0,0,0,0,0,0,0,0,0,0,0,0,0,0,0,0,0,0,0,0,0,0,0,0,0,0,0,0,0,0,0,0,0,0,0,0,0,0,0,0,0,0,0,0,0,0,0,0,0,0,1,1,1,1.0,1.0,1.0,1,1,1,2,1,5,1,1,1,3,1,40,1119,43116,44275,3,3,0.025,0.000893655049151,2.3193246126727892e-05,8,2.6666666666666665,1,1,1,1,1,1,1,1
advantage fork master opening short,g1f3 d8a5 d1d2 a5b5,r1bqk2r/pp1nbppp/3p4/1B1p4/3P1B2/5N2/PPP2PPP/R2QK2R b KQkq -,1003,83,-1,385,369,203096,1,35,1000,0,0,-64,2,17,0,844,156,-95.0,3.0,23.0,0.0,563.0,437.0,1000,0,0,35,35,0,70,7,1,2,2,1,1,7,1,2,2,1,1,0,0,0,0,1,0,1,0,1,0,0,0,0,1,0,0,0,0,0,0,0,0,1,0,0,0,0,0,0,0,0,0,0,0,0,0,0,0,0,0,0,0,0,0,0,0,0,0,0,0,0,0,0,0,0,0,0,0,0,0,0,0,0,0,0,0,0,0,0,0,0,0,0,0,1,1,1,1.0,1.0,1.0,1,1,1,3,1,1,1,1,1,1,1,21,884,19644,20549,3,3,0.0476190476190476,0.001131221719457,5.090612909794339e-05,5,1.6666666666666667,0,1,1,1,1,1,1,1
crushing fork middlegame short,d5e6 b4d3 f2g1 d3f4,r2qr1k1/ppp2ppp/4P3/8/1nP2Q2/2N2N1P/PP3KP1/R4R2 b - -,1107,79,-1,446,463,795633,1,43,1000,0,0,-337,2,24,0,0,1000,-427.0,3.0,15.0,0.0,0.0,1000.0,1000,0,0,31,28,3,59,6,2,0,2,1,1,6,1,0,2,1,1,1,0,0,1,0,0,1,0,1,0,0,0,0,0,0,0,0,0,0,0,0,0,0,0,0,0,0,0,0,0,0,0,0,0,0,0,0,0,0,0,0,0,0,0,0,0,0,0,0,0,0,0,0,0,0,0,0,0,0,0,0,0,0,0,0,0,0,0,0,0,0,0,0,0,1,2,2,2.0,1.0,1.5,1,0,2,2,2,4,1,1,1,2,1,39,1964,72940,74943,3,5,0.0256410256410256,0.0010183299389002,2.7419797093501507e-05,8,1.6,1,1,1,1,1,1,1,1
advantage discoveredAttack middlegame pin short,a1f1 f6d6 f4d6 f8f1,2r2rk1/6pp/3Q1q2/8/3N1B2/6P1/PP1K3P/5R2 b - -,1814,79,-1,297,334,1356088,1,44,1000,0,0,-117,2,21,0,245,755,-323.0,3.0,26.0,0.0,0.0,1000.0,1000,0,0,24,21,3,45,4,1,1,1,1,1,2,0,0,2,1,1,0,0,0,1,1,0,1,0,0,0,0,0,0,0,0,0,0,0,0,0,0,0,0,1,0,0,1,0,0,0,0,0,0,0,0,0,0,0,0,0,0,0,0,0,0,0,0,0,0,0,0,0,0,0,0,0,0,0,0,0,0,0,0,0,0,0,0,0,0,0,0,0,0,0,1,1,1,1.0,1.0,1.0,1,1,1,2,1,2,1,1,1,2,1,33,1461,48383,49877,3,3,0.0303030303030303,0.000684462696783,2.066841659260484e-05,5,1.6666666666666667,0,1,1,1,1,1,1,1
advancedPawn advantage endgame short,h1h2 g3h2 f3h3 f6g4,r7/p2k1pp1/p1p1pn2/3p4/3P4/P3PQp1/1PP2P1R/2K5 b - -,1201,76,-1,0,147,146905,1,26,956,44,0,-506,2,24,0,0,1000,-558.0,3.0,17.0,0.0,0.0,1000.0,999,1,0,20,16,4,36,6,0,0,1,1,1,8,1,0,1,0,1,0,0,0,0,1,1,1,0,0,0,0,0,0,0,0,0,0,0,0,0,0,0,0,0,0,0,0,0,0,0,0,0,0,1,0,0,0,0,0,0,0,0,0,0,0,0,0,0,0,0,0,0,0,0,0,0,0,0,0,0,0,0,0,0,0,0,0,0,0,0,0,0,0,0,0,0,0,0.0,0.0,0.0,0,0,0,0,0,0,0,0,0,0,0,27,803,19949,20779,0,0,0.0,0.0,0.0,0,0.0,0,1,1,1,1,1,1,1
backRankMate mate mateIn2 middlegame short,d6e5 d2d8 b6d8 d1d8,3r2k1/4nppp/pq3b2/1p2p3/2r2P2/2P1NR2/PP1Q2BP/3R2K1 w - -,555,106,1,1500,1500,36851,1,4,1000,0,0,-260,2,16,0,0,1000,-330.0,3.0,20.0,0.0,0.0,1000.0,1000,0,0,30,31,-1,61,5,1,1,2,1,1,6,1,1,2,1,1,0,0,0,1,0,0,1,0,0,0,1,1,0,0,0,0,0,0,0,0,0,0,0,0,0,1,0,0,0,0,0,0,0,0,0,0,0,0,0,0,0,0,0,0,0,0,0,0,0,0,0,0,0,0,0,0,0,0,0,0,0,0,0,0,0,0,0,0,0,0,0,0,0,0,1,1,0,1.0,0.0,0.5,1,1,0,6,2,0,1,1,0,1,0,34,1606,58563,60203,2,2,0.0294117647058823,0.0006226650062266,0.0,8,4.0,1,1,1,1,1,1,1,1
backRankMate endgame mate mateIn1 oneMove queenRookEndgame,d8f8 f4f8,5r1k/pp4pp/2p5/6q1/5R2/2P5/P1P2PPP/3rR1K1 w - -,579,89,1,1500,1500,144857,1,2,1000,0,0,-663,2,36,0,0,1000,-742.0,3.0,17.0,0.0,0.0,1000.0,1000,0,0,16,24,-8,40,6,0,0,2,0,1,5,0,0,2,1,1,0,0,0,0,0,1,0,0,0,0,1,0,0,0,0,0,0,0,0,0,1,1,0,0,0,1,0,0,0,0,0,0,0,0,0,0,0,0,0,0,0,0,0,0,0,1,0,0,0,0,0,0,0,0,0,0,0,0,0,0,0,0,0,0,0,0,0,0,0,0,0,0,0,0,0,0,0,0.0,0.0,0.0,0,0,0,0,0,0,0,0,0,0,0,24,1098,25587,26709,0,0,0.0,0.0,0.0,0,0.0,1,1,1,1,1,1,1,1
crushing endgame exposedKing fork long master,g2f1 b3b1 f1e2 b1b2 e2d1 b2a2,8/1N3k2/6p1/8/2P3P1/pr6/R7/5K2 b - -,1766,75,-1,379,452,151417,1,35,1000,0,0,0,2,19,1,998,1,-17.0,3.0,19.0,0.0,996.0,4.0,1000,0,0,10,7,3,17,2,1,0,1,0,1,2,0,0,1,0,1,1,0,1,0,0,1,0,0,1,0,0,0,0,1,0,0,0,0,1,0,0,0,0,0,0,0,0,0,0,0,0,0,0,0,0,0,0,0,0,0,0,0,0,0,0,0,0,0,0,0,0,0,0,0,0,0,0,0,0,0,0,0,0,0,0,0,0,0,0,0,0,0,0,0,1,3,3,3.0,1.0,2.0,1,0,3,2,3,3,1,1,1,2,1,20,351,6182,6553,4,7,0.05,0.0085470085470085,0.0004852798447104,8,1.1428571428571428,1,1,1,1,1,1,1,1
crushing endgame exposedKing long rookEndgame,f6c6 e4e1 d1e1 e8e1 h1g2 d4d3,4r3/p5k1/2R4p/2Pp4/1P1pr1P1/P6P/8/3R3K b - -,1138,75,-1,387,425,1009127,1,42,1000,0,0,-3,2,14,1,997,2,-26.0,3.0,30.0,0.0,992.0,8.0,1000,0,0,15,14,1,29,5,0,0,2,0,1,4,0,0,2,0,1,1,0,1,0,0,1,0,1,0,0,0,0,0,0,0,0,0,0,1,0,0,0,0,0,0,0,0,0,0,0,0,0,0,0,0,0,0,0,0,0,0,0,0,0,0,0,0,0,0,0,0,0,0,0,0,0,0,0,0,0,0,0,0,0,0,0,0,0,0,0,0,0,0,0,1,1,1,1.0,1.0,1.0,1,1,1,3,1,7,1,1,1,1,1,27,644,16064,16735,3,3,0.037037037037037,0.0015527950310559,6.225099601593625e-05,11,3.6666666666666665,0,0,1,1,1,1,1,1
advantage endgame short,g7f7 e8f7 e5h8 f8e7,4qk2/1b3R2/p7/1p2Q3/4P2P/P2P3K/2r5/3R4 b - -,1711,96,-1,282,294,287501,1,36,1000,0,0,-1500,2,27,0,0,1000,-1500.0,3.0,3.0,0.0,0.0,1000.0,1000,0,0,23,19,4,42,4,0,0,2,1,1,2,0,1,1,1,1,0,0,0,0,1,1,1,0,0,0,0,0,0,0,0,0,0,0,0,0,0,0,0,0,0,0,0,0,0,0,0,0,0,0,0,0,0,0,0,0,0,0,0,0,0,0,0,0,0,0,0,0,0,0,0,0,0,0,0,0,0,0,0,0,0,0,0,0,0,0,0,0,0,0,1,1,1,1.0,1.0,1.0,1,1,1,1,3,1,1,1,1,2,1,3,118,3415,3536,3,3,0.3333333333333333,0.0084745762711864,0.0002928257686676,5,1.6666666666666667,1,1,1,1,1,1,1,1
crushing endgame exposedKing long rookEndgame,g6f7 e6h6 f4f6 h6h7 f7g6 h7a7,8/5k2/4R2p/p7/5rPK/8/7P/8 w - -,2058,77,1,369,385,70736,1,29,1000,0,0,15,2,19,3,997,0,12.0,3.0,17.0,3.0,996.0,1.0,1000,0,0,7,7,0,14,2,0,0,1,0,1,2,0,0,1,0,1,1,0,1,0,0,1,0,1,0,0,0,0,0,0,0,0,0,0,1,0,0,0,0,0,0,0,0,0,0,0,0,0,0,0,0,0,0,0,0,0,0,0,0,0,0,0,0,0,0,0,0,0,0,0,0,0,0,0,0,0,0,0,0,0,0,0,0,0,0,0,0,0,0,0,1,15,148,15.0,9.866666666666667,12.433333333333334,1,0,1,3,29,360,1,3,3,3,1,18,287,4547,4852,2,164,0.0555555555555555,0.0522648083623693,0.0325489333626567,392,2.3902439024390243,0,0,0,1,1,1,1,1
cornerMate endgame mate mateIn1 oneMove,d2e3 a3c2,3r4/R7/2p5/p1P2p2/1p4k1/nP2K3/P3NP2/8 b - -,1297,82,-1,-1500,-1500,131027,1,2,1000,0,0,250,2,29,1000,0,0,52.0,3.0,31.0,44.0,956.0,0.0,1000,0,0,12,12,0,24,4,1,0,1,0,1,4,1,0,1,0,1,0,0,0,0,0,1,0,0,0,0,1,0,0,0,0,0,0,0,0,0,1,1,0,0,0,0,0,0,0,0,0,0,0,0,0,0,0,0,0,0,0,1,0,0,0,0,0,0,0,0,0,0,0,0,0,0,0,0,0,0,0,0,0,0,0,0,0,0,0,0,0,0,0,0,1,1,1,1.0,1.0,1.0,1,1,1,1,1,1,1,1,1,2,1,24,380,7350,7754,3,3,0.0416666666666666,0.0026315789473684,0.0001360544217687,3,1.0,1,1,1,1,1,1,1,1
advancedPawn crushing defensiveMove deflection endgame long promotion,e1g2 c3c2 b1a2 c2c1q h7d7 d2e2,8/7R/5p2/p7/7P/2p5/3k2N1/1K6 b - -,1187,77,-1,336,427,603010,1,49,1000,0,0,-543,2,21,0,0,1000,-553.0,3.0,27.0,0.0,0.0,1000.0,1000,0,0,9,3,6,12,1,1,0,1,0,1,3,0,0,0,0,1,1,0,1,0,0,1,0,0,0,0,0,0,0,0,0,0,0,0,0,0,0,0,0,0,0,0,0,0,0,0,1,0,0,1,0,1,0,0,0,0,0,0,1,0,0,0,0,0,0,0,0,0,0,0,0,0,0,0,0,0,0,0,0,0,0,0,0,0,0,0,0,0,0,0,1,1,1,1.0,1.0,1.0,1,1,1,1,1,1,1,1,1,2,1,6,86,572,664,3,3,0.1666666666666666,0.0116279069767441,0.0017482517482517,3,1.0,0,1,1,1,1,1,1,1
advancedPawn advantage endgame exposedKing long master,f6e7 d5d6 c7d6 c5d6 e7d6 e6e7,8/p1p1k2p/4P3/2PP1p1P/1r3r2/5B2/P3RK2/8 w - -,1259,74,1,390,371,394978,1,55,1000,0,0,-36,2,25,0,985,15,-60.0,3.0,33.0,0.0,929.0,71.0,1000,0,0,13,14,-1,27,5,0,1,1,0,1,4,0,0,2,0,1,0,0,1,0,1,1,0,0,0,0,0,0,0,1,0,0,0,0,1,0,0,0,0,0,0,0,0,0,0,0,0,0,0,1,0,0,0,0,0,0,0,0,0,0,0,0,0,0,0,0,0,0,0,0,0,0,0,0,0,0,0,0,0,0,0,0,0,0,0,0,0,0,0,0,1,1,1,1.0,1.0,1.0,1,1,1,1,1,1,1,1,1,2,1,18,427,8068,8513,3,3,0.0555555555555555,0.0023419203747072,0.0001239464551313,3,1.0,0,1,1,1,1,1,1,1
crushing deflection kingsideAttack middlegame pin sacrifice skewer veryLong,e1f1 d8d1 f1d1 g8g2 g1f1 g2g1 f1e2 g1d1,2kr2r1/1bp4n/1pq1p2p/p1P5/1P3B2/P6P/5RP1/RB3QK1 b - -,2202,80,-1,431,416,209728,1,39,1000,0,0,-52,2,18,0,941,59,-80.0,3.0,21.0,0.0,755.0,245.0,1000,0,0,30,30,0,60,5,0,2,2,1,1,5,1,1,2,1,1,1,0,0,1,0,0,0,0,0,0,0,0,0,0,0,1,1,0,0,1,0,0,0,1,0,0,0,1,0,0,1,0,0,0,0,0,0,0,0,0,0,0,0,0,0,0,0,0,0,0,0,0,0,0,0,0,0,0,0,0,0,0,0,0,0,0,0,0,0,0,0,0,0,0,1,1,1,1.0,1.0,1.0,1,1,1,7,1,2,1,1,1,2,1,41,1569,65132,66742,3,3,0.024390243902439,0.0006373486297004,1.5353436098998957e-05,10,3.333333333333333,0,1,1,1,1,1,1,1
attraction crushing discoveredAttack endgame long sacrifice,c5c4 g3g7 g8g7 f5f6 g7f6 h5b5,5rk1/5ppp/1p6/1q3P1Q/2pp3P/6R1/6PK/8 w - -,1746,78,1,283,343,167683,1,51,1000,0,0,-464,2,21,0,0,1000,-481.0,3.0,25.0,0.0,0.0,1000.0,1000,0,0,17,20,-3,37,3,0,0,1,1,1,6,0,0,1,1,1,1,0,1,0,0,1,0,0,0,0,0,0,0,0,0,0,0,0,0,0,0,0,0,0,0,0,1,1,0,0,0,0,0,0,1,0,0,0,0,0,0,0,0,0,0,0,0,0,0,0,0,0,0,0,0,0,0,0,0,0,0,0,0,0,0,0,0,0,0,0,0,0,0,0,1,1,1,1.0,1.0,1.0,1,1,1,4,1,1,1,1,1,2,1,24,556,13659,14239,3,3,0.0416666666666666,0.0017985611510791,7.321180174244088e-05,6,2.0,0,0,1,1,1,1,1,1
advantage interference long middlegame,d5e7 f1b5 c8d7 d1d6 d7b5 d6d8,r1bqk2r/p3nppp/3p4/1pp5/4P3/4Q3/PPP2PPP/2KR1B1R w kq -,1714,77,1,176,247,247915,1,34,1000,0,0,-241,2,19,0,0,1000,-302.0,3.0,19.0,0.0,0.0,1000.0,1000,0,0,29,32,-3,61,7,0,1,2,1,1,7,1,1,2,1,1,0,0,1,1,1,0,0,0,0,0,0,0,0,0,1,0,0,0,0,0,0,0,0,0,0,0,0,0,0,0,0,0,0,0,0,0,0,0,0,0,0,0,0,0,0,0,0,0,0,0,0,0,0,0,0,0,0,0,0,0,0,0,0,0,0,0,0,0,0,0,0,0,0,0,0,0,0,0.0,0.0,0.0,0,0,0,0,0,0,0,0,0,0,0,41,1322,52274,53637,0,0,0.0,0.0,0.0,0,0.0,0,0,1,1,1,1,1,1
mate mateIn1 middlegame oneMove,f1g1 c6h1,r6k/1b3pp1/p1q1pn1p/2p5/P1B5/1PN4Q/2P1RP1P/R5K1 b - -,919,83,-1,-1500,-1500,101065,1,2,1000,0,0,-216,2,25,0,1,999,-221.0,3.0,28.0,0.0,1.0,999.0,1000,0,0,30,26,4,56,5,1,1,2,1,1,6,1,1,1,1,1,0,0,0,1,0,0,0,0,0,0,1,0,0,0,0,0,0,0,0,0,1,1,0,0,0,0,0,0,0,0,0,0,0,0,0,0,0,0,0,0,0,0,0,0,0,0,0,0,0,0,0,0,0,0,0,0,0,0,0,0,0,0,0,0,0,0,0,0,0,0,0,0,0,0,0,0,0,0.0,0.0,0.0,0,0,0,0,0,0,0,0,0,0,0,36,1388,48441,49865,0,0,0.0,0.0,0.0,0,0.0,1,1,1,1,1,1,1,1
endgame mate mateIn2 short,a1b1 b8b1 d2d1 b1d1,1r4k1/p4ppp/2Q5/3pq3/8/P6P/2PR1PP1/1R4K1 b - -,1152,266,-1,-1500,-1500,108544,1,4,1000,0,0,-531,2,16,0,0,1000,-615.0,3.0,26.0,0.0,0.0,1000.0,1000,0,0,24,19,5,43,5,0,0,2,1,1,5,0,0,1,1,1,0,0,0,0,0,1,1,0,0,0,1,1,0,0,0,0,0,0,0,0,0,0,0,0,0,0,0,0,0,0,0,0,0,0,0,0,0,0,0,0,0,0,0,0,0,0,0,0,0,0,0,0,0,0,0,0,0,0,0,0,0,0,0,0,0,0,0,0,0,0,0,0,0,0,1,1,0,1.0,0.0,0.5,1,1,0,7,1,0,1,1,0,1,0,43,1803,66031,67877,2,2,0.0232558139534883,0.0005546311702717,0.0,8,4.0,1,1,1,1,1,1,1,1
endgame mate mateIn2 short,e7a3 b1b7 d7e8 c1c8,8/3k1p2/4p3/p2p4/3P1P2/q3P1rP/7r/1QR2K2 w - -,982,90,1,1500,1500,50500,1,4,1000,0,0,-553,2,27,0,0,1000,-607.0,3.0,21.0,0.0,0.0,1000.0,1000,0,0,18,23,-5,41,4,0,0,1,1,1,4,0,0,2,1,1,0,0,0,0,0,1,1,0,0,0,1,1,0,0,0,0,0,0,0,0,0,0,0,0,0,0,0,0,0,0,0,0,0,0,0,0,0,0,0,0,0,0,0,0,0,0,0,0,0,0,0,0,0,0,0,0,0,0,0,0,0,0,0,0,0,0,0,0,0,0,0,0,0,0,1,3,0,3.0,0.0,1.5,1,0,0,6,3,0,1,1,0,2,0,28,1018,24424,25470,1,4,0.0357142857142857,0.0029469548133595,0.0,9,2.25,1,1,1,1,1,1,1,1
advantage defensiveMove middlegame veryLong,d7d4 f4e3 d4f6 e1f1 f6e5 h5g6 e5e3 h3e3,r4rk1/5pbp/p1n1p1p1/2p3NP/1p1q1B2/3P3Q/PPP3P1/R3R1K1 w - -,2421,80,1,333,316,49578,1,29,1000,0,0,-125,2,29,0,204,796,-232.0,3.0,21.0,0.0,1.0,999.0,1000,0,0,31,32,-1,63,6,1,1,2,1,1,7,1,1,2,1,1,0,0,0,1,1,0,0,0,0,0,0,0,0,0,0,0,1,0,0,0,0,0,0,0,0,0,0,0,0,0,0,0,0,0,0,0,0,0,0,0,0,0,1,0,0,0,0,0,0,0,0,0,0,0,0,0,0,0,0,0,0,0,0,0,0,0,0,0,0,0,0,0,0,0,1,1,1,1.0,1.0,1.0,1,1,1,1,1,1,1,1,1,2,1,6,254,10066,10326,3,3,0.1666666666666666,0.0039370078740157,9.934432743890324e-05,3,1.0,0,0,1,1,1,1,1,1
advancedPawn bishopEndgame crushing deflection endgame promotion quietMove veryLong,g8f7 e7g5 f5f6 g5e3 a1e5 e3f4 e5f4 a2a1q,5k2/4bB2/4P3/2p2P2/2b5/8/p7/B6K b - -,2368,109,-1,510,528,247529,1,32,1000,0,0,19,2,27,5,995,0,8.0,3.0,31.0,2.0,997.0,1.0,1000,0,0,8,8,0,16,2,0,2,0,0,1,2,0,2,0,0,1,1,0,0,0,0,1,0,0,0,0,0,0,0,0,0,0,1,0,0,0,0,0,0,0,1,0,0,0,1,0,1,0,0,1,0,1,0,0,0,0,0,0,0,0,0,0,0,0,0,0,0,0,0,0,0,0,0,0,0,0,0,0,0,0,0,0,0,0,0,0,0,0,0,0,1,1,2,1.0,2.0,1.5,1,1,0,2,5,2,1,1,1,1,1,13,184,2880,3077,2,4,0.0769230769230769,0.0054347826086956,0.0006944444444444,9,2.25,0,1,1,0,1,1,1,1
crushing endgame long rookEndgame,g5g4 a6a7 e7f6 a7f7 f6f7 f3g4,8/4kr2/R2p4/1p1Pp3/5pp1/3K1P2/PPP5/8 w - -,1608,78,1,0,106,408942,1,46,589,411,0,-34,2,35,0,987,13,-64.0,3.0,25.0,0.0,914.0,86.0,798,202,0,10,10,0,20,5,0,0,1,0,1,5,0,0,1,0,1,1,0,1,0,0,1,0,1,0,0,0,0,0,0,0,0,0,0,0,0,0,0,0,0,0,0,0,0,0,0,0,0,0,0,0,0,0,0,0,0,0,0,0,0,0,0,0,0,0,0,0,0,0,0,0,0,0,0,0,0,0,0,0,0,0,0,0,0,0,0,0,0,0,0,0,0,0,0.0,0.0,0.0,0,0,0,0,0,0,0,0,0,0,0,19,251,4346,4616,0,0,0.0,0.0,0.0,0,0.0,0,0,0,1,1,1,1,1
kingsideAttack mate mateIn1 middlegame oneMove,f6d5 g3g7,r2r2k1/2q1bpp1/3p3p/1ppn4/1P1BP3/P5Q1/4RPPP/R5K1 w - -,453,105,1,1500,1500,190974,1,2,1000,0,0,-96,2,24,0,559,441,-329.0,3.0,33.0,0.0,0.0,1000.0,1000,0,0,28,31,-3,59,6,0,1,2,1,1,6,1,1,2,1,1,0,0,0,1,0,0,0,0,0,0,1,0,0,0,0,1,0,0,0,0,1,1,0,0,0,0,0,0,0,0,0,0,0,0,0,0,0,0,0,0,0,0,0,0,0,0,0,0,0,0,0,0,0,0,0,0,0,0,0,0,0,0,0,0,0,0,0,0,0,0,0,0,0,0,0,0,0,0.0,0.0,0.0,0,0,0,0,0,0,0,0,0,0,0,43,1704,71256,73003,0,0,0.0,0.0,0.0,0,0.0,1,1,1,1,1,1,1,1
kingsideAttack long mate mateIn3 middlegame sacrifice,b7c7 f6f2 f1f2 e8e1 f2f1 e1f1,4rr1k/p1Qn2pp/3p1q2/8/8/2P5/PP3PPP/RN3RK1 b - -,1209,76,-1,-1500,-1500,270870,1,6,1000,0,0,-7,2,35,1,996,3,-8.0,3.0,20.0,1.0,996.0,3.0,1000,0,0,28,26,2,54,6,1,0,2,1,1,4,1,0,2,1,1,0,0,1,1,0,0,0,0,0,0,1,0,0,0,0,1,0,0,0,0,0,0,0,0,0,0,0,1,0,0,0,0,0,0,0,0,1,0,0,0,0,0,0,0,0,0,0,0,0,0,0,0,0,0,0,0,0,0,0,0,0,0,0,0,0,0,0,0,0,0,0,0,0,0,1,1,1,1.0,1.0,1.0,1,1,1,4,1,7,1,1,1,2,0,40,1143,47008,48191,3,3,0.025,0.0008748906386701,2.127297481279782e-05,12,4.0,0,0,1,0,0,0,1,1
advantage endgame short skewer,d6c6 f8a8 c6d6 a8f3,5Q2/8/1bk1p1p1/5p2/3p4/5qPK/7P/8 w - -,1300,75,1,406,453,164280,1,32,1000,0,0,-502,2,24,0,0,1000,-508.0,3.0,21.0,0.0,0.0,1000.0,1000,0,0,11,16,-5,27,2,0,0,0,1,1,4,0,1,0,1,1,0,0,0,0,1,1,1,0,0,0,0,0,0,0,0,0,0,0,0,1,0,0,0,0,0,0,0,0,0,0,0,0,0,0,0,0,0,0,0,0,0,0,0,0,0,0,0,0,0,0,0,0,0,0,0,0,0,0,0,0,0,0,0,0,0,0,0,0,0,0,0,0,0,0,1,4,4,4.0,1.0,2.5,1,0,4,5,4,20,1,1,1,2,1,18,423,6080,6521,5,9,0.0555555555555555,0.0094562647754137,0.0006578947368421,29,3.2222222222222223,1,1,1,1,1,1,1,1
crushing fork middlegame short,c7d7 e4f6 d8f6 h6f6,3q2k1/3r4/pp3p1Q/2b1n3/P3N3/2P5/1P4PP/R6K w - -,898,75,1,548,570,395294,1,47,1000,0,0,-184,2,19,0,4,996,-188.0,3.0,17.0,0.0,3.0,997.0,1000,0,0,22,23,-1,45,5,1,0,1,1,1,3,1,1,1,1,1,1,0,0,1,0,0,1,0,1,0,0,0,0,0,0,0,0,0,0,0,0,0,0,0,0,0,0,0,0,0,0,0,0,0,0,0,0,0,0,0,0,0,0,0,0,0,0,0,0,0,0,0,0,0,0,0,0,0,0,0,0,0,0,0,0,0,0,0,0,0,0,0,0,0,1,1,2,1.0,2.0,1.5,1,1,0,2,1,7,1,1,2,3,1,37,1223,42956,44216,2,4,0.027027027027027,0.0008176614881439,4.6559269950647176e-05,10,2.5,1,1,1,1,1,1,1,1
crushing endgame short,b5a6 c7d8 a6b5 g7f5,8/2k3n1/K2p2p1/2pP2Pp/2P4P/7B/8/8 b - -,2191,95,-1,93,287,1227813,1,31,1000,0,0,-476,2,48,0,0,1000,-715.0,3.0,42.0,0.0,0.0,1000.0,1000,0,0,7,7,0,14,4,0,1,0,0,1,4,1,0,0,0,1,1,0,0,0,0,1,1,0,0,0,0,0,0,0,0,0,0,0,0,0,0,0,0,0,0,0,0,0,0,0,0,0,0,0,0,0,0,0,0,0,0,0,0,0,0,0,0,0,0,0,0,0,0,0,0,0,0,0,0,0,0,0,0,0,0,0,0,0,0,0,0,0,0,0,0,0,0,0.0,0.0,0.0,0,0,0,0,0,0,0,0,0,0,0,5,48,335,388,0,0,0.0,0.0,0.0,0,0.0,0,1,0,0,1,1,1,1
advantage clearance endgame hangingPiece long quietMove,b4c5 c4d2 c5c6 d6d5 g5g6 e7d6,6k1/p3b2p/1p1pP3/2P3P1/2np3B/P6P/3Q3K/8 b - -,2376,81,-1,265,259,97750,1,28,1000,0,0,-519,2,19,0,0,1000,-543.0,3.0,17.0,0.0,0.0,1000.0,1000,0,0,17,11,6,28,5,0,1,0,1,1,5,1,1,0,0,1,0,1,1,0,1,1,0,0,0,0,0,0,0,0,0,0,0,0,0,0,0,0,0,0,1,0,0,0,0,0,0,0,0,0,0,0,0,0,0,0,0,0,0,0,0,0,1,0,0,0,0,0,0,0,0,0,0,0,0,0,0,0,0,0,0,0,0,0,0,0,0,0,0,0,1,1,1,1.0,1.0,1.0,1,1,1,2,1,1,1,1,1,2,1,22,595,12711,13328,3,3,0.0454545454545454,0.0016806722689075,7.86720163637794e-05,4,1.3333333333333333,0,0,1,1,1,1,1,1
advantage endgame short,e6e8 d1d7 c7d7 g4d7,4r1k1/ppq3pp/2p2p2/4r3/4p1Q1/P5RP/1P3PP1/3R2K1 w - -,1326,77,1,436,443,421062,1,34,1000,0,0,-221,2,22,0,0,1000,-264.0,3.0,21.0,0.0,0.0,1000.0,1000,0,0,24,26,-2,50,5,0,0,2,1,1,7,0,0,2,1,1,0,0,0,0,1,1,1,0,0,0,0,0,0,0,0,0,0,0,0,0,0,0,0,0,0,0,0,0,0,0,0,0,0,0,0,0,0,0,0,0,0,0,0,0,0,0,0,0,0,0,0,0,0,0,0,0,0,0,0,0,0,0,0,0,0,0,0,0,0,0,0,0,0,0,1,30,109,30.0,3.633333333333333,16.816666666666666,1,0,16,6,49,239,1,4,4,4,1,39,1429,54903,56371,17,140,0.0256410256410256,0.0209937018894331,0.0019853195635939,294,2.1,0,1,1,1,1,1,1,1
kingsideAttack mate mateIn1 middlegame oneMove,f3e5 c6g2,r4rk1/1bp2ppp/p1q1pn2/2P1N3/8/3B4/P1P1QPPP/R4RK1 b - -,1474,479,-1,-1500,-1500,40055,1,2,1000,0,0,93,2,22,407,593,0,70.0,3.0,18.0,160.0,840.0,0.0,1000,0,0,31,31,0,62,6,1,1,2,1,1,6,1,1,2,1,1,0,0,0,1,0,0,0,0,0,0,1,0,0,0,0,1,0,0,0,0,1,1,0,0,0,0,0,0,0,0,0,0,0,0,0,0,0,0,0,0,0,0,0,0,0,0,0,0,0,0,0,0,0,0,0,0,0,0,0,0,0,0,0,0,0,0,0,0,0,0,0,0,0,0,0,0,0,0.0,0.0,0.0,0,0,0,0,0,0,0,0,0,0,0,33,1307,43622,44962,0,0,0.0,0.0,0.0,0,0.0,1,1,1,1,1,1,1,1
endgame mate mateIn1 oneMove,h7g6 h6h8,2q3k1/4br2/6pQ/1p1n2p1/7P/1P4P1/1B2PP2/6K1 w - -,1471,78,1,1500,1500,227080,1,2,1000,0,0,-281,2,29,0,0,1000,-321.0,3.0,27.0,0.0,0.0,1000.0,1000,0,0,17,23,-6,40,5,0,1,0,1,1,3,1,1,1,1,1,0,0,0,0,0,1,0,0,0,0,1,0,0,0,0,0,0,0,0,0,1,1,0,0,0,0,0,0,0,0,0,0,0,0,0,0,0,0,0,0,0,0,0,0,0,0,0,0,0,0,0,0,0,0,0,0,0,0,0,0,0,0,0,0,0,0,0,0,0,0,0,0,0,0,0,0,0,0.0,0.0,0.0,0,0,0,0,0,0,0,0,0,0,0,28,1012,26298,27338,0,0,0.0,0.0,0.0,0,0.0,1,1,1,1,1,1,1,1
advancedPawn attraction crushing endgame exposedKing intermezzo pin promotion quietMove veryLong,g5h5 d1f1 g8g7 d5f7 e8f7 d6d8 h5e5 f1f7 g7f7 e7e8q e5e8 d8e8,4b1k1/4Pr2/3R2pp/1ppBP2q/8/PP4P1/2P4P/3R3K w - -,2624,95,1,235,288,123322,1,24,1000,0,0,-202,2,22,0,1,999,-229.0,3.0,24.0,0.0,0.0,1000.0,1000,0,0,20,21,-1,41,7,0,1,2,0,1,4,0,1,1,1,1,1,0,0,0,0,1,0,0,0,0,0,0,0,0,0,0,1,0,1,0,0,0,0,1,1,0,0,0,0,0,0,0,0,1,1,1,0,0,0,0,0,0,0,0,0,0,0,1,0,0,0,0,0,0,0,0,0,0,0,0,0,0,0,0,0,0,0,0,0,0,0,0,0,0,0,0,0,0.0,0.0,0.0,0,0,0,0,0,0,0,0,0,0,0,36,690,21040,21766,0,0,0.0,0.0,0.0,0,0.0,0,0,1,1,1,1,1,1
crushing endgame fork long,g7g3 h3g3 e5g3 h5g5 g8f7 g5g3,5rk1/1p2p2p/p2p4/2pPb2R/2P1P3/1P1BKPrR/8/8 w - -,1063,83,1,445,430,152907,1,34,1000,0,0,-172,2,17,0,9,991,-357.0,3.0,27.0,0.0,0.0,1000.0,1000,0,0,18,19,-1,37,5,0,1,2,0,1,6,0,1,2,0,1,1,0,1,0,0,1,0,0,1,0,0,0,0,0,0,0,0,0,0,0,0,0,0,0,0,0,0,0,0,0,0,0,0,0,0,0,0,0,0,0,0,0,0,0,0,0,0,0,0,0,0,0,0,0,0,0,0,0,0,0,0,0,0,0,0,0,0,0,0,0,0,0,0,0,1,1,1,1.0,1.0,1.0,1,1,1,1,2,1,1,1,1,2,1,18,541,9881,10440,3,3,0.0555555555555555,0.0018484288354898,0.0001012043315453,4,1.3333333333333333,0,1,1,1,1,1,1,1
advantage middlegame short,g7g6 h5e5 c7e5 e4e5,r1b2rk1/ppq2p1p/6p1/4b2Q/4R3/3B4/PP3PPP/R1B3K1 w - -,1419,76,1,507,505,337100,1,34,1000,0,0,10,2,23,6,992,2,-58.0,3.0,29.0,0.0,918.0,82.0,1000,0,0,30,30,0,60,5,0,2,2,1,1,5,0,2,2,1,1,0,0,0,1,1,0,1,0,0,0,0,0,0,0,0,0,0,0,0,0,0,0,0,0,0,0,0,0,0,0,0,0,0,0,0,0,0,0,0,0,0,0,0,0,0,0,0,0,0,0,0,0,0,0,0,0,0,0,0,0,0,0,0,0,0,0,0,0,0,0,0,0,0,0,1,1,1,1.0,1.0,1.0,1,1,1,3,1,5,1,1,1,2,1,48,1886,85759,87693,3,3,0.0208333333333333,0.0005302226935312,1.1660583728821464e-05,9,3.0,1,1,1,1,1,1,1,1
advantage defensiveMove middlegame short,h6e3 f2e3 e5e3 e1d1,r1b2rk1/p3pp2/2B5/2Qpq3/3N2pp/4b3/2P2PPP/1R2K2R w K -,2055,76,1,154,169,288332,1,41,981,19,0,-136,2,30,0,115,885,-213.0,3.0,38.0,0.0,2.0,998.0,987,13,0,29,31,-2,60,4,1,1,2,1,1,6,0,2,2,1,1,0,0,0,1,1,0,1,0,0,0,0,0,0,0,0,0,0,0,0,0,0,0,0,0,0,0,0,0,0,0,0,0,0,0,0,0,0,0,0,0,0,0,1,0,0,0,0,0,0,0,0,0,0,0,0,0,0,0,0,0,0,0,0,0,0,0,0,0,0,0,0,0,0,0,0,0,0,0.0,0.0,0.0,0,0,0,0,0,0,0,0,0,0,0,47,1891,73552,75490,0,0,0.0,0.0,0.0,0,0.0,0,1,1,1,1,1,1,1
endgame mate mateIn2 pin short,c7f7 h4g6 f8g8 f6h8,4rk2/p4q2/1p3Q1b/8/1p5N/2P1p3/P3P3/2K5 w - -,1394,75,1,1500,1500,68133,1,4,1000,0,0,-168,2,20,0,12,988,-405.0,3.0,25.0,0.0,0.0,1000.0,1000,0,0,15,21,-6,36,3,1,0,0,1,1,4,0,1,1,1,1,0,0,0,0,0,1,1,0,0,0,1,1,0,0,0,0,0,0,0,0,0,0,0,1,0,0,0,0,0,0,0,0,0,0,0,0,0,0,0,0,0,0,0,0,0,0,0,0,0,0,0,0,0,0,0,0,0,0,0,0,0,0,0,0,0,0,0,0,0,0,0,0,0,0,1,1,0,1.0,0.0,0.5,1,1,0,2,1,0,1,1,0,2,0,31,619,17671,18321,2,2,0.032258064516129,0.0016155088852988,0.0,3,1.5,0,1,1,1,1,1,1,1
endgame mate mateIn1 oneMove,d4b5 d6d8,5kr1/ppR3p1/3R3p/1n6/1r6/8/1P3PPP/2K5 w - -,813,82,1,1500,1500,232612,1,2,1000,0,0,-365,2,24,0,0,1000,-510.0,3.0,21.0,0.0,0.0,1000.0,1000,0,0,14,17,-3,31,4,0,0,2,0,1,4,1,0,2,0,1,0,0,0,0,0,1,0,0,0,0,1,0,0,0,0,0,0,0,0,0,1,1,0,0,0,0,0,0,0,0,0,0,0,0,0,0,0,0,0,0,0,0,0,0,0,0,0,0,0,0,0,0,0,0,0,0,0,0,0,0,0,0,0,0,0,0,0,0,0,0,0,0,0,0,0,0,0,0.0,0.0,0.0,0,0,0,0,0,0,0,0,0,0,0,36,704,21955,22695,0,0,0.0,0.0,0.0,0,0.0,1,1,1,1,1,1,1,1
advantage clearance fork long opening,c4c2 d6e5 b2e5 d8d5 f2f3 d5e5,r2q1rk1/p1p2pp1/3bbn1p/4N3/8/1P4P1/PBQPPP1P/RN2K2R b KQ -,1755,75,-1,378,343,619406,1,39,1000,0,0,-52,2,23,1,914,85,-88.0,3.0,21.0,0.0,646.0,354.0,1000,0,0,35,33,2,68,7,2,1,2,1,1,5,1,2,2,1,1,0,0,1,0,1,0,0,0,1,0,0,0,0,0,0,0,0,0,0,0,0,0,1,0,0,0,0,0,0,0,0,0,0,0,0,0,0,0,0,0,0,0,0,0,0,0,1,0,0,0,0,0,0,0,0,0,0,0,0,0,0,0,0,0,0,0,0,0,0,0,0,0,0,0,1,9,162,9.0,18.0,13.5,1,0,1,1,14,272,1,6,6,6,1,36,1517,55400,56953,2,172,0.0277777777777777,0.005932762030323,0.0029241877256317,287,1.6686046511627908,0,1,1,1,1,1,1,1
backRankMate endgame hangingPiece mate mateIn2 short,e5c4 a4a8 c7b8 a8b8,r6k/2q3pp/8/2p5/R1np4/7P/2PB1PP1/6K1 w - -,654,101,1,1500,1500,130835,1,4,1000,0,0,-590,2,26,0,0,1000,-637.0,3.0,23.0,0.0,0.0,1000.0,1000,0,0,12,21,-9,33,4,0,1,1,0,1,4,1,0,1,1,1,0,1,0,0,0,1,1,0,0,0,1,1,0,0,0,0,0,0,0,0,0,0,0,0,0,1,0,0,0,0,0,0,0,0,0,0,0,0,0,0,0,0,0,0,0,0,0,0,0,0,0,0,0,0,0,0,0,0,0,0,0,0,0,0,0,0,0,0,0,0,0,0,0,0,1,3,0,3.0,0.0,1.5,1,0,0,4,3,0,1,1,0,2,0,26,998,23891,24915,1,4,0.0384615384615384,0.003006012024048,0.0,7,1.75,1,1,1,1,1,1,1,1
advantage long middlegame,b3d4 b2f2 g1f2 c6d4 d3d4 b6b2,5k2/p4pp1/1qn3r1/3pP2p/3N1P2/2PQ4/Pr3RPP/R5K1 b - -,2429,104,-1,413,405,98078,1,23,1000,0,0,0,2,24,2,996,2,-65.0,3.0,22.0,0.0,893.0,107.0,1000,0,0,28,27,1,55,6,1,0,2,1,1,5,1,0,2,1,1,0,0,1,1,1,0,0,0,0,0,0,0,0,0,0,0,0,0,0,0,0,0,0,0,0,0,0,0,0,0,0,0,0,0,0,0,0,0,0,0,0,0,0,0,0,0,0,0,0,0,0,0,0,0,0,0,0,0,0,0,0,0,0,0,0,0,0,0,0,0,0,0,0,0,1,2,2,2.0,1.0,1.5,1,0,2,4,3,8,1,1,1,2,1,43,1870,78010,79923,3,5,0.0232558139534883,0.0010695187165775,2.563773875144212e-05,15,3.0,0,1,1,1,1,1,1,1
defensiveMove equality middlegame short,c7e6 f7e6 c6b7 g7h8,2rr4/5pk1/p1Q1N1pp/1p4q1/3pP3/1B1P4/PPP3PP/6RK b - -,1911,144,-1,26,77,221091,1,29,187,813,0,-552,2,29,0,0,1000,-687.0,3.0,21.0,0.0,0.0,1000.0,81,919,0,27,25,2,52,7,1,1,1,1,1,6,0,0,2,1,1,0,0,0,1,0,0,1,0,0,0,0,0,0,0,0,0,0,0,0,0,0,0,0,0,0,0,0,0,0,0,0,0,0,0,0,0,0,0,0,0,0,0,1,0,0,0,0,0,1,0,0,0,0,0,0,0,0,0,0,0,0,0,0,0,0,0,0,0,0,0,0,0,0,0,0,0,0,0.0,0.0,0.0,0,0,0,0,0,0,0,0,0,0,0,5,194,5980,6179,0,0,0.0,0.0,0.0,0,0.0,0,1,1,1,1,1,1,1
attraction crushing deflection endgame fork long sacrifice,h8f8 c1c7 d7c7 g5e6 c7b6 e6f8,5r2/pp1k4/4p1b1/3pP1Np/3P1P1K/8/P7/2R5 w - -,1439,98,1,360,368,78331,1,21,1000,0,0,-102,2,27,0,462,538,-120.0,3.0,24.0,0.0,211.0,789.0,1000,0,0,12,13,-1,25,4,1,0,1,0,1,5,0,1,1,0,1,1,0,1,0,0,1,0,0,1,0,0,0,0,0,0,0,0,0,0,0,0,0,0,0,0,0,0,1,0,0,1,0,0,0,1,0,0,0,0,0,0,0,0,0,0,0,0,0,0,0,0,0,0,0,0,0,0,0,0,0,0,0,0,0,0,0,0,0,0,0,0,0,0,0,1,2,3,2.0,1.5,1.75,1,0,1,6,2,5,1,1,2,3,1,25,638,14148,14811,2,6,0.04,0.0031347962382445,0.0002120441051738,13,2.1666666666666665,0,0,1,1,1,1,1,1
crushing endgame sacrifice veryLong,d5h5 g3g6 f7g6 g1g6 g8f7 c3g7 f7e8 g7g8 e8d7 g8e6 d7d8 g6g8,r5k1/2p1pp2/pp4p1/1q5r/5P2/2QP2R1/PP6/1K4R1 w - -,1941,74,1,506,521,868022,1,55,1000,0,0,-154,2,21,0,31,969,-180.0,3.0,23.0,0.0,6.0,994.0,1000,0,0,23,25,-2,48,4,0,0,2,1,1,6,0,0,2,1,1,1,0,0,0,0,1,0,0,0,0,0,0,0,0,0,0,1,0,0,0,0,0,0,0,0,0,0,1,0,0,0,0,0,0,0,0,0,0,0,0,0,0,0,0,0,0,0,0,0,0,0,0,0,0,0,0,0,0,0,0,0,0,0,0,0,0,0,0,0,0,0,0,0,0,1,2,7,2.0,3.5,2.75,1,0,1,3,2,14,1,1,2,3,1,39,1543,55184,56766,2,10,0.0256410256410256,0.001296176279974,0.000126848361844,19,1.9,1,0,0,1,1,1,1,1
advantage opening short,d4e5 d6e5 f4h2 e5e4,r1b1qrk1/pp1n1pbp/2pp1np1/4P3/2P2B2/2NBPN1P/PP3PP1/R2Q1RK1 b - -,1215,82,-1,270,274,102881,1,33,999,1,0,-60,2,17,2,827,171,-251.0,3.0,23.0,0.0,3.0,997.0,999,1,0,39,38,1,77,8,2,2,2,1,1,7,2,2,2,1,1,0,0,0,0,1,0,1,0,0,0,0,0,0,0,0,0,0,0,0,0,0,0,1,0,0,0,0,0,0,0,0,0,0,0,0,0,0,0,0,0,0,0,0,0,0,0,0,0,0,0,0,0,0,0,0,0,0,0,0,0,0,0,0,0,0,0,0,0,0,0,0,0,0,0,1,2,2,2.0,1.0,1.5,1,0,2,1,3,2,1,1,1,2,1,26,1210,34600,35836,3,5,0.0384615384615384,0.0016528925619834,5.780346820809248e-05,6,1.2,0,0,1,1,1,1,1,1
advancedPawn crushing endgame long promotion,g1f2 b2b1q e4b1 e5g4 f2f3 c1h1,8/5p1k/1P4pp/3Qn3/4BP2/6P1/1p2PK1P/2q5 b - -,2747,111,-1,541,562,344570,1,41,1000,0,0,57,2,25,57,943,0,0.0,3.0,22.0,2.0,996.0,2.0,1000,0,0,17,16,1,33,5,0,1,0,1,1,4,1,0,0,1,1,1,0,1,0,0,1,0,0,0,0,0,0,0,0,0,0,0,0,0,0,0,0,0,0,0,0,0,0,0,0,0,0,0,1,0,1,0,0,0,0,0,0,0,0,0,0,0,0,0,0,0,0,0,0,0,0,0,0,0,0,0,0,0,0,0,0,0,0,0,0,0,0,0,0,1,1,2,1.0,2.0,1.5,1,1,0,1,1,7,1,1,1,2,1,33,929,27445,28407,2,4,0.0303030303030303,0.0010764262648008,7.287301876480233e-05,9,2.25,0,0,1,1,1,1,1,1
fork mate mateIn2 middlegame short,f7e6 c6e6 d5e7 e6f7,3rk2r/2qn2p1/p1Q1p3/3n3p/8/8/PP4PP/5R1K w k -,1091,76,1,1500,1500,149959,1,4,1000,0,0,-674,2,23,0,0,1000,-688.0,3.0,19.0,0.0,0.0,1000.0,1000,0,0,18,29,-11,47,4,0,0,1,1,1,4,2,0,2,1,1,0,0,0,1,0,0,1,0,1,0,1,1,0,0,0,0,0,0,0,0,0,0,0,0,0,0,0,0,0,0,0,0,0,0,0,0,0,0,0,0,0,0,0,0,0,0,0,0,0,0,0,0,0,0,0,0,0,0,0,0,0,0,0,0,0,0,0,0,0,0,0,0,0,0,1,1,0,1.0,0.0,0.5,1,1,0,2,2,0,1,1,0,2,0,38,1246,43845,45129,2,2,0.0263157894736842,0.0008025682182985,0.0,4,2.0,1,0,1,1,1,1,1,1
crushing defensiveMove endgame long,f5f4 c4d5 f4g3 h2g3 d6d5 g3g4,8/8/1p1k1p1p/3np3/2B2p2/PP1K1PP1/7P/8 w - -,2310,85,1,361,375,155724,1,24,1000,0,0,95,2,21,419,581,0,88.0,3.0,24.0,305.0,695.0,0.0,1000,0,0,8,8,0,16,5,0,1,0,0,1,5,1,0,0,0,1,1,0,1,0,0,1,0,0,0,0,0,0,0,0,0,0,0,0,0,0,0,0,0,0,0,0,0,0,0,0,0,0,0,0,0,0,0,0,0,0,0,0,1,0,0,0,0,0,0,0,0,0,0,0,0,0,0,0,0,0,0,0,0,0,0,0,0,0,0,0,0,0,0,0,1,2,2,2.0,1.0,1.5,1,0,2,1,2,2,1,2,1,3,1,13,197,2806,3016,3,5,0.0769230769230769,0.0101522842639593,0.0007127583749109,5,1.0,0,1,1,1,1,1,1,1
hangingPiece mate mateIn1 oneMove opening,e5d7 c7c1,r3kb1r/ppqN1ppp/4pn2/1Q3b2/3P4/8/PP2PPPP/RNB1KB1R b KQkq -,1397,78,-1,-1500,-1500,65196,1,2,1000,0,0,-57,2,23,1,876,123,-75.0,3.0,25.0,0.0,758.0,242.0,1000,0,0,38,34,4,72,7,2,2,2,1,1,6,1,2,2,1,1,0,1,0,0,0,0,0,0,0,0,1,0,0,0,0,0,0,0,0,0,1,1,1,0,0,0,0,0,0,0,0,0,0,0,0,0,0,0,0,0,0,0,0,0,0,0,0,0,0,0,0,0,0,0,0,0,0,0,0,0,0,0,0,0,0,0,0,0,0,0,0,0,0,0,0,0,0,0.0,0.0,0.0,0,0,0,0,0,0,0,0,0,0,0,50,2016,84079,86145,0,0,0.0,0.0,0.0,0,0.0,1,1,1,1,1,1,1,1
crushing endgame knightEndgame master masterVsMaster quietMove veryLong,d5e6 g6g5 h4g5 f6g5 e6d5 h5h4 d5e4 h4h3 d4f3 g4g3,8/8/4Kpp1/7p/3N2kP/8/8/8 b - -,2392,78,-1,413,412,164597,1,31,1000,0,0,57,2,18,55,945,0,24.0,3.0,18.0,7.0,993.0,0.0,1000,0,0,4,3,1,7,1,1,0,0,0,1,3,0,0,0,0,1,1,0,0,0,0,1,0,0,0,0,0,0,0,1,0,0,1,0,0,0,0,0,0,0,1,0,0,0,0,0,0,0,0,0,0,0,0,1,0,0,1,0,0,0,0,0,0,0,0,0,0,0,0,0,0,0,0,0,0,0,0,0,0,0,0,0,0,0,0,0,0,0,0,0,1,2,2,2.0,1.0,1.5,1,0,2,1,2,2,1,2,1,2,1,6,80,522,608,3,5,0.1666666666666666,0.025,0.003831417624521,5,1.0,0,1,1,1,1,1,1,1
long mate mateIn3 middlegame queensideAttack sacrifice,h5h7 c6b4 c3b4 b8c8 d2c4 c8c4,1r6/pp2kppQ/2n1p1n1/3p2P1/5P2/2PqP3/PP1N4/2KR3R b - -,1988,75,-1,-1500,-1500,78388,1,6,1000,0,0,0,2,14,2,996,2,-17.0,3.0,24.0,1.0,993.0,6.0,1000,0,0,28,26,2,54,6,1,0,2,1,1,6,2,0,1,1,1,0,0,1,1,0,0,0,0,0,0,1,0,0,0,0,0,0,0,0,0,0,0,0,0,0,0,0,1,0,0,0,0,0,0,0,0,1,0,0,1,0,0,0,0,0,0,0,0,0,0,0,0,0,0,0,0,0,0,0,0,0,0,0,0,0,0,0,0,0,0,0,0,0,0,1,1,1,1.0,1.0,1.0,1,1,1,2,1,1,1,1,1,3,0,43,1323,54992,56358,3,3,0.0232558139534883,0.000755857898715,1.818446319464649e-05,4,1.3333333333333333,0,0,1,1,1,1,1,1
mate mateIn1 middlegame oneMove queensideAttack,d1c1 e2c2,r1b1kb1Q/ppp4p/6pB/3P4/2pn4/8/PPP1qPPP/RNK4R b q -,927,80,-1,-1500,-1500,92601,1,2,1000,0,0,-239,2,19,0,0,1000,-417.0,3.0,34.0,0.0,0.0,1000.0,1000,0,0,32,29,3,61,7,1,1,2,1,1,6,1,2,1,1,1,0,0,0,1,0,0,0,0,0,0,1,0,0,0,0,0,0,0,0,0,1,1,0,0,0,0,0,0,0,0,0,0,0,0,0,0,0,0,0,1,0,0,0,0,0,0,0,0,0,0,0,0,0,0,0,0,0,0,0,0,0,0,0,0,0,0,0,0,0,0,0,0,0,0,0,0,0,0.0,0.0,0.0,0,0,0,0,0,0,0,0,0,0,0,40,1083,40936,42059,0,0,0.0,0.0,0.0,0,0.0,1,1,1,1,1,1,1,1
advancedPawn crushing endgame exposedKing long,g5g8 a4a7 d7e6 a7e7 e6d5 d6d7,6r1/3k4/1K1P4/2P5/R7/5b2/8/8 w - -,1914,86,1,258,231,560517,1,46,1000,0,0,12,2,18,3,996,1,5.0,3.0,17.0,2.0,997.0,1.0,1000,0,0,7,8,-1,15,2,0,0,1,0,1,0,0,1,1,0,1,1,0,1,0,0,1,0,0,0,0,0,0,0,0,0,0,0,0,1,0,0,0,0,0,0,0,0,0,0,0,0,0,0,1,0,0,0,0,0,0,0,0,0,0,0,0,0,0,0,0,0,0,0,0,0,0,0,0,0,0,0,0,0,0,0,0,0,0,0,0,0,0,0,0,1,1,1,1.0,1.0,1.0,1,1,1,3,1,4,1,1,1,2,1,19,494,7888,8401,3,3,0.0526315789473684,0.0020242914979757,0.0001267748478701,8,2.6666666666666665,0,0,1,1,1,1,1,1
advantage exposedKing middlegame quietMove veryLong,g8f8 b2a3 f8f7 c2d1 c8h8 d1h5 f7f6 h7e4,r1r2k2/ppq3bQ/4p2p/4n3/3p4/2P5/PBB2PPP/4R1K1 w - -,3065,104,1,217,260,404170,1,31,1000,0,0,47,2,35,38,962,0,-93.0,3.0,32.0,0.0,601.0,399.0,1000,0,0,25,30,-5,55,5,0,2,1,1,1,5,1,1,2,1,1,0,0,0,1,1,0,0,0,0,0,0,0,0,0,0,0,1,0,1,0,0,0,0,0,1,0,0,0,0,0,0,0,0,0,0,0,0,0,0,0,0,0,0,0,0,0,0,0,0,0,0,0,0,0,0,0,0,0,0,0,0,0,0,0,0,0,0,0,0,0,0,0,0,0,0,0,0,0.0,0.0,0.0,0,0,0,0,0,0,0,0,0,0,0,40,1268,48207,49515,0,0,0.0,0.0,0.0,0,0.0,0,0,1,0,0,1,1,1
endgame mate mateIn2 short,e1d1 g3b8 e6e8 b8e8,6k1/pp3pp1/2p1q1Pp/3b4/8/6Q1/PB3Pp1/3r1NK1 w - -,801,93,1,1500,1500,34241,1,4,1000,0,0,-668,2,16,0,0,1000,-698.0,3.0,24.0,0.0,0.0,1000.0,1000,0,0,18,24,-6,42,3,1,1,0,1,1,7,0,1,1,1,1,0,0,0,0,0,1,1,0,0,0,1,1,0,0,0,0,0,0,0,0,0,0,0,0,0,0,0,0,0,0,0,0,0,0,0,0,0,0,0,0,0,0,0,0,0,0,0,0,0,0,0,0,0,0,0,0,0,0,0,0,0,0,0,0,0,0,0,0,0,0,0,0,0,0,1,2,0,2.0,0.0,1.0,1,0,0,5,4,0,1,1,0,1,0,31,1235,33874,35140,1,3,0.032258064516129,0.0016194331983805,0.0,9,3.0,1,1,1,1,1,1,1,1
mate mateIn1 middlegame oneMove,h3g4 h5h1,7r/ppp2kp1/2nb1pp1/3p3r/3P2P1/2PQB3/PP3PP1/R3R1K1 b - -,645,90,-1,-1500,-1500,43105,1,2,1000,0,0,-161,2,23,0,22,978,-276.0,3.0,17.0,0.0,0.0,1000.0,1000,0,0,29,23,6,52,7,0,1,2,1,1,7,1,1,2,0,1,0,0,0,1,0,0,0,0,0,0,1,0,0,0,0,0,0,0,0,0,1,1,0,0,0,0,0,0,0,0,0,0,0,0,0,0,0,0,0,0,0,0,0,0,0,0,0,0,0,0,0,0,0,0,0,0,0,0,0,0,0,0,0,0,0,0,0,0,0,0,0,0,0,0,0,0,0,0.0,0.0,0.0,0,0,0,0,0,0,0,0,0,0,0,45,1542,61630,63217,0,0,0.0,0.0,0.0,0,0.0,1,1,1,1,1,1,1,1
crushing deflection middlegame short,f6d7 d2d7 c8d7 f3a8,r1q3k1/3nbppp/pp2p3/4B3/8/2N2Q2/PPPR1PPP/6K1 w - -,1401,79,1,454,459,812286,1,40,1000,0,0,53,2,21,50,950,0,47.0,3.0,22.0,35.0,965.0,0.0,1000,0,0,26,26,0,52,6,1,1,1,1,1,6,1,1,1,1,1,1,0,0,1,0,0,1,0,0,0,0,0,0,0,0,0,0,0,0,0,0,0,0,0,0,0,0,0,0,0,1,0,0,0,0,0,0,0,0,0,0,0,0,0,0,0,0,0,0,0,0,0,0,0,0,0,0,0,0,0,0,0,0,0,0,0,0,0,0,0,0,0,0,0,1,1,1,1.0,1.0,1.0,1,1,1,5,3,5,1,1,1,2,1,49,1713,79955,81717,3,3,0.0204081632653061,0.0005837711617046,1.2507035207304109e-05,13,4.333333333333333,0,1,1,1,1,1,1,1
crushing endgame veryLong,c4d6 f6h6 f2f4 g4g3 e2e7 d7d6 g1f1 h6h1,7r/pppk4/2pN1r2/8/3P2p1/2P5/PP2RPP1/4R1K1 b - -,1949,77,-1,502,504,132964,1,24,1000,0,0,-199,2,20,0,2,998,-268.0,3.0,23.0,0.0,0.0,1000.0,1000,0,0,19,15,4,34,6,1,0,2,0,1,5,0,0,2,0,1,1,0,0,0,0,1,0,0,0,0,0,0,0,0,0,0,1,0,0,0,0,0,0,0,0,0,0,0,0,0,0,0,0,0,0,0,0,0,0,0,0,0,0,0,0,0,0,0,0,0,0,0,0,0,0,0,0,0,0,0,0,0,0,0,0,0,0,0,0,0,0,0,0,0,1,1,1,1.0,1.0,1.0,1,1,1,2,1,5,1,1,1,2,1,33,981,27769,28783,3,3,0.0303030303030303,0.001019367991845,3.601137959595232e-05,8,2.6666666666666665,0,1,0,1,1,1,1,1
crushing deflection endgame veryLong,f1e1 f8e8 e1f1 g4h3 d5g2 e8e1 f1e1 h3g2,5rk1/R4pp1/1p5p/3Q4/1PPp2q1/3P2P1/5P2/4K3 b - -,1567,73,-1,467,507,449089,1,45,1000,0,0,-156,2,25,0,26,974,-177.0,3.0,16.0,0.0,7.0,993.0,1000,0,0,19,19,0,38,5,0,0,1,1,1,5,0,0,1,1,1,1,0,0,0,0,1,0,0,0,0,0,0,0,0,0,0,1,0,0,0,0,0,0,0,0,0,0,0,0,0,1,0,0,0,0,0,0,0,0,0,0,0,0,0,0,0,0,0,0,0,0,0,0,0,0,0,0,0,0,0,0,0,0,0,0,0,0,0,0,0,0,0,0,0,1,1,1,1.0,1.0,1.0,1,1,1,1,1,3,1,1,1,2,1,26,830,21371,22227,3,3,0.0384615384615384,0.0012048192771084,4.679238220017781e-05,5,1.6666666666666667,0,0,1,1,1,1,1,1
mate mateIn1 oneMove opening queensideAttack,d4f3 g5d8,2kr1br1/ppBb1ppp/8/3P2Q1/6n1/5n2/PP3qPP/RN2R2K w - -,1020,136,1,1500,1500,90969,1,2,1000,0,0,-660,2,29,0,0,1000,-888.0,3.0,28.0,0.0,0.0,1000.0,1000,0,0,30,36,-6,66,5,1,1,2,1,1,5,2,2,2,1,1,0,0,0,0,0,0,0,0,0,0,1,0,0,0,0,0,0,0,0,0,1,1,1,0,0,0,0,0,0,0,0,0,0,0,0,0,0,0,0,1,0,0,0,0,0,0,0,0,0,0,0,0,0,0,0,0,0,0,0,0,0,0,0,0,0,0,0,0,0,0,0,0,0,0,0,0,0,0.0,0.0,0.0,0,0,0,0,0,0,0,0,0,0,0,46,2203,87182,89431,0,0,0.0,0.0,0.0,0,0.0,1,1,1,1,1,1,1,1
endgame mate mateIn2 short,c4c6 b4b3 a2a3 d1a1,1r6/5k2/2Q1pNp1/p5Pp/1p2P2P/2P4R/KP3P2/3q4 b - -,1163,87,-1,-1500,-1500,77632,1,4,1000,0,0,-489,2,22,0,0,1000,-497.0,3.0,31.0,0.0,0.0,1000.0,1000,0,0,23,19,4,42,6,1,0,1,1,1,5,0,0,1,1,1,0,0,0,0,0,1,1,0,0,0,1,1,0,0,0,0,0,0,0,0,0,0,0,0,0,0,0,0,0,0,0,0,0,0,0,0,0,0,0,0,0,0,0,0,0,0,0,0,0,0,0,0,0,0,0,0,0,0,0,0,0,0,0,0,0,0,0,0,0,0,0,0,0,0,1,1,0,1.0,0.0,0.5,1,1,0,1,1,0,1,1,0,2,0,37,1095,30816,31948,2,2,0.027027027027027,0.0009132420091324,0.0,2,1.0,0,1,1,1,1,1,1,1
advancedPawn advantage middlegame pin veryLong,d4c6 e7c6 b2b3 a3a2 b1a1 c4e5 f4e5 g7e5 a1a2 b8b5,1r6/k2qn1b1/p1N1p1p1/2PpPpN1/2n2P1P/p4B2/1PP2Q2/1K1R3R b - -,2545,89,-1,131,117,492063,1,38,718,282,0,-58,2,30,0,909,91,-331.0,3.0,29.0,0.0,0.0,1000.0,917,83,0,34,29,5,63,6,2,1,2,1,1,6,2,1,1,1,1,0,0,0,1,1,0,0,0,0,0,0,0,0,0,0,0,1,0,0,0,0,0,0,1,0,0,0,0,0,0,0,0,0,1,0,0,0,0,0,0,0,0,0,0,0,0,0,0,0,0,0,0,0,0,0,0,0,0,0,0,0,0,0,0,0,0,0,0,0,0,0,0,0,0,0,0,0,0.0,0.0,0.0,0,0,0,0,0,0,0,0,0,0,0,4,179,7293,7476,0,0,0.0,0.0,0.0,0,0.0,0,0,0,0,0,0,0,1
crushing endgame rookEndgame short skewer,g5g8 f1g1 g4f4 g1g8,6R1/p7/5k2/P7/6KP/8/8/5r2 b - -,843,97,-1,504,527,83072,1,32,1000,0,0,-12,2,21,1,996,3,-46.0,3.0,20.0,0.0,973.0,27.0,1000,0,0,7,6,1,13,2,0,0,1,0,1,1,0,0,1,0,1,1,0,0,0,0,1,1,1,0,0,0,0,0,0,0,0,0,0,0,1,0,0,0,0,0,0,0,0,0,0,0,0,0,0,0,0,0,0,0,0,0,0,0,0,0,0,0,0,0,0,0,0,0,0,0,0,0,0,0,0,0,0,0,0,0,0,0,0,0,0,0,0,0,0,1,1,1,1.0,1.0,1.0,1,1,1,1,1,7,1,1,1,2,1,16,230,3815,4061,3,3,0.0625,0.0043478260869565,0.000262123197903,9,3.0,1,1,1,1,1,1,1,1
crushing long middlegame,c7c5 b4c5 b6c5 d3d6 d8d6 d1d6,1k1r3r/8/pp1n2p1/2q5/1Q6/3R2P1/PPP2P1P/3R2K1 w - -,1448,78,1,511,527,330284,1,30,1000,0,0,54,2,19,53,947,0,20.0,3.0,19.0,6.0,994.0,0.0,1000,0,0,25,25,0,50,6,0,0,2,1,1,3,1,0,2,1,1,1,0,1,1,0,0,0,0,0,0,0,0,0,0,0,0,0,0,0,0,0,0,0,0,0,0,0,0,0,0,0,0,0,0,0,0,0,0,0,0,0,0,0,0,0,0,0,0,0,0,0,0,0,0,0,0,0,0,0,0,0,0,0,0,0,0,0,0,0,0,0,0,0,0,1,2,2,2.0,1.0,1.5,1,0,2,1,2,2,1,1,1,2,1,42,1888,75667,77597,3,5,0.0238095238095238,0.0010593220338983,2.643160162290034e-05,5,1.0,0,1,1,1,1,1,1,1
advantage long middlegame pin,f5e4 h5f7 g8h7 f1f6 e7f6 f7d7,r5kr/pp1qb1p1/2p4p/3pP2Q/3Pb3/2P1B3/PP4PP/R4RK1 w - -,2369,89,1,271,344,266478,1,37,1000,0,0,-381,2,22,0,0,1000,-384.0,3.0,22.0,0.0,0.0,1000.0,1000,0,0,29,31,-2,60,7,0,1,2,1,1,6,0,2,2,1,1,0,0,1,1,1,0,0,0,0,0,0,0,0,0,0,0,0,0,0,0,0,0,0,1,0,0,0,0,0,0,0,0,0,0,0,0,0,0,0,0,0,0,0,0,0,0,0,0,0,0,0,0,0,0,0,0,0,0,0,0,0,0,0,0,0,0,0,0,0,0,0,0,0,0,1,1,1,1.0,1.0,1.0,1,1,1,2,1,5,1,1,1,3,1,45,1687,70396,72128,3,3,0.0222222222222222,0.0005927682276229,1.4205352576850957e-05,8,2.6666666666666665,0,1,1,1,1,1,1,1
advantage master masterVsMaster middlegame short,g8h8 d2d3 d8d3 g6d3,3r1r1k/1p4p1/p1p3Qp/2q5/8/3n1N1P/PP1R2P1/5R1K w - -,1376,75,1,379,374,126205,1,19,1000,0,0,-133,2,23,0,116,884,-134.0,3.0,21.0,0.0,105.0,895.0,1000,0,0,26,27,-1,53,4,1,0,2,1,1,5,1,0,2,1,1,0,0,0,1,1,0,1,0,0,0,0,0,0,1,0,0,0,0,0,0,0,0,0,0,0,0,0,0,0,0,0,0,0,0,0,0,0,1,0,0,0,0,0,0,0,0,0,0,0,0,0,0,0,0,0,0,0,0,0,0,0,0,0,0,0,0,0,0,0,0,0,0,0,0,1,1,20,1.0,20.0,10.5,1,1,0,1,1,40,1,1,5,5,1,43,1930,80808,82781,2,22,0.0232558139534883,0.0005181347150259,0.0002475002475002,42,1.9090909090909087,1,1,1,1,1,1,1,1
advantage discoveredAttack exposedKing long middlegame,h7h6 h4g4 d7c7 g5d8 h8d8 g4g6,r1b4r/pp1k2p1/2nb2qp/1B1p2B1/3p3Q/8/PPP2PPP/3RR1K1 w - -,1796,76,1,463,452,634500,1,40,1000,0,0,-136,2,19,0,131,869,-151.0,3.0,22.0,0.0,64.0,936.0,1000,0,0,31,34,-3,65,6,0,2,2,1,1,6,1,2,2,1,1,0,0,1,1,1,0,0,0,0,0,0,0,0,0,0,0,0,0,1,0,0,0,0,0,0,0,1,0,0,0,0,0,0,0,0,0,0,0,0,0,0,0,0,0,0,0,0,0,0,0,0,0,0,0,0,0,0,0,0,0,0,0,0,0,0,0,0,0,0,0,0,0,0,0,1,1,1,1.0,1.0,1.0,1,1,1,1,1,3,1,1,1,3,1,50,1668,79020,80738,3,3,0.02,0.000599520383693,1.2655024044545684e-05,5,1.6666666666666667,1,1,1,1,1,1,1,1
advantage long middlegame,e5c6 e7d6 a1a8 f8a8 c6b4 d6b4,r4rk1/3nqpp1/2N1bn1p/3p4/1p1P4/2NQP2P/1PB2PP1/R4RK1 b - -,1769,87,-1,251,232,58217,1,23,999,1,0,-301,2,20,0,0,1000,-570.0,3.0,17.0,0.0,0.0,1000.0,1000,0,0,34,33,1,67,6,2,1,2,1,1,5,2,1,2,1,1,0,0,1,1,1,0,0,0,0,0,0,0,0,0,0,0,0,0,0,0,0,0,0,0,0,0,0,0,0,0,0,0,0,0,0,0,0,0,0,0,0,0,0,0,0,0,0,0,0,0,0,0,0,0,0,0,0,0,0,0,0,0,0,0,0,0,0,0,0,0,0,0,0,0,1,9,21,9.0,2.333333333333333,5.666666666666667,1,0,3,1,27,44,1,3,4,5,1,37,1918,67915,69870,4,31,0.027027027027027,0.0046923879040667,0.0003092100419642,72,2.3225806451612905,0,1,1,1,1,1,1,1
advantage long middlegame,e3h6 b2e2 e1e2 e7a3 h6e3 a3c1,1r4k1/4bpp1/1rp2n1B/3p4/3P4/2N3P1/Pq2QPKP/2R1R3 b - -,2073,136,-1,261,276,223151,1,39,1000,0,0,-85,2,18,0,701,299,-89.0,3.0,20.0,0.0,655.0,345.0,1000,0,0,30,29,1,59,5,1,1,2,1,1,4,1,1,2,1,1,0,0,1,1,1,0,0,0,0,0,0,0,0,0,0,0,0,0,0,0,0,0,0,0,0,0,0,0,0,0,0,0,0,0,0,0,0,0,0,0,0,0,0,0,0,0,0,0,0,0,0,0,0,0,0,0,0,0,0,0,0,0,0,0,0,0,0,0,0,0,0,0,0,0,1,1,1,1.0,1.0,1.0,1,1,1,3,1,4,1,1,1,3,1,42,1978,83263,85283,3,3,0.0238095238095238,0.0005055611729019,1.2010136555252634e-05,8,2.6666666666666665,0,0,1,1,1,1,1,1
advantage kingsideAttack long middlegame,b3f7 d8d3 c3e2 f4e2 e1e2 d3e2,r2qr2k/1pp2Qp1/1b4np/pP2P3/P4n2/B1N2N1P/5PP1/R3R1K1 b - -,2633,113,-1,-46,218,223432,1,25,997,3,0,-37,2,26,1,959,40,-233.0,3.0,26.0,0.0,1.0,999.0,999,1,0,34,33,1,67,6,2,1,2,1,1,5,2,1,2,1,1,0,0,1,1,1,0,0,0,0,0,0,0,0,0,0,1,0,0,0,0,0,0,0,0,0,0,0,0,0,0,0,0,0,0,0,0,0,0,0,0,0,0,0,0,0,0,0,0,0,0,0,0,0,0,0,0,0,0,0,0,0,0,0,0,0,0,0,0,0,0,0,0,0,0,0,0,0,0.0,0.0,0.0,0,0,0,0,0,0,0,0,0,0,0,42,2013,78298,80353,0,0,0.0,0.0,0.0,0,0.0,0,1,1,1,1,1,1,1
crushing endgame fork long master,c4a4 e4c5 a4a5 c5d7 f8g7 d7b8,1r3k2/5p1p/2p1pp2/P2n4/r3N3/P4PK1/2R2P1P/2R5 w - -,1835,74,1,368,402,325734,1,21,1000,0,0,-59,2,21,0,936,64,-139.0,3.0,25.0,0.0,72.0,928.0,1000,0,0,18,18,0,36,5,1,0,2,0,1,5,1,0,2,0,1,1,0,1,0,0,1,0,0,1,0,0,0,0,1,0,0,0,0,0,0,0,0,0,0,0,0,0,0,0,0,0,0,0,0,0,0,0,0,0,0,0,0,0,0,0,0,0,0,0,0,0,0,0,0,0,0,0,0,0,0,0,0,0,0,0,0,0,0,0,0,0,0,0,0,1,6,16,6.0,2.6666666666666665,4.333333333333333,1,0,5,2,8,32,1,3,3,4,1,29,968,28211,29208,6,23,0.0344827586206896,0.006198347107438,0.0005671546559852,42,1.826086956521739,0,1,1,1,1,1,1,1
master mate mateIn2 middlegame pin short,e6f7 e7f5 h6h7 f6g7,r4r2/2q1Nb2/5Qpk/2n4p/pp5P/8/1PP2PP1/2KR3R w - -,1513,75,1,1500,1500,31858,1,4,1000,0,0,0,2,10,2,996,2,0.0,3.0,12.0,2.0,996.0,2.0,1000,0,0,27,29,-2,56,5,1,0,2,1,1,4,1,1,2,1,1,0,0,0,1,0,0,1,0,0,0,1,1,0,1,0,0,0,0,0,0,0,0,0,1,0,0,0,0,0,0,0,0,0,0,0,0,0,0,0,0,0,0,0,0,0,0,0,0,0,0,0,0,0,0,0,0,0,0,0,0,0,0,0,0,0,0,0,0,0,0,0,0,0,0,1,1,0,1.0,0.0,0.5,1,1,0,2,1,0,1,1,0,2,0,46,1744,73381,75171,2,2,0.0217391304347826,0.0005733944954128,0.0,3,1.5,0,1,1,1,1,1,1,1
attraction crushing endgame fork long sacrifice,f6b2 b1b2 c2b2 e3d4 f7f6 d4b2,2r5/4ppkp/6p1/1p6/1P6/P3B3/1br2PPP/1R1R2K1 w - -,1428,75,1,430,430,597126,1,35,1000,0,0,83,2,25,248,752,0,21.0,3.0,19.0,6.0,994.0,0.0,1000,0,0,18,18,0,36,5,0,1,2,0,1,5,0,1,2,0,1,1,0,1,0,0,1,0,0,1,0,0,0,0,0,0,0,0,0,0,0,0,0,0,0,0,0,0,1,0,0,0,0,0,0,1,0,0,0,0,0,0,0,0,0,0,0,0,0,0,0,0,0,0,0,0,0,0,0,0,0,0,0,0,0,0,0,0,0,0,0,0,0,0,0,1,3,43,3.0,14.333333333333334,8.666666666666668,1,0,1,1,4,72,1,2,4,4,1,31,1123,33233,34387,2,47,0.032258064516129,0.0026714158504007,0.0012938946228146,77,1.6382978723404256,0,1,1,0,1,1,1,1
crushing endgame master rookEndgame short skewer,e3c3 g8c8 c6d7 c8c3,6R1/8/Kpk1p3/1p1pP3/6P1/PPr5/8/8 w - -,819,89,1,804,821,120075,1,34,1000,0,0,23,2,21,6,994,0,-24.0,3.0,23.0,0.0,993.0,7.0,1000,0,0,9,9,0,18,4,0,0,1,0,1,4,0,0,1,0,1,1,0,0,0,0,1,1,1,0,0,0,0,0,1,0,0,0,0,0,1,0,0,0,0,0,0,0,0,0,0,0,0,0,0,0,0,0,0,0,0,0,0,0,0,0,0,0,0,0,0,0,0,0,0,0,0,0,0,0,0,0,0,0,0,0,0,0,0,0,0,0,0,0,0,1,1,1,1.0,1.0,1.0,1,1,1,4,1,5,1,1,1,2,1,14,193,2670,2877,3,3,0.0714285714285714,0.005181347150259,0.0003745318352059,10,3.333333333333333,1,1,1,1,1,1,1,1
endgame mate mateIn2 pillsburysMate short,b2b1q c2c8 d1d8 c8d8,6k1/p4pp1/1p5p/4b3/4B3/4P1P1/P1R2PKP/1q1r4 w - -,555,93,1,1500,1500,131091,1,4,1000,0,0,-584,2,22,0,0,1000,-605.0,3.0,26.0,0.0,0.0,1000.0,1000,0,0,13,22,-9,35,5,0,1,1,0,1,5,0,1,1,1,1,0,0,0,0,0,1,1,0,0,0,1,1,0,0,0,0,0,0,0,0,0,0,0,0,0,0,0,0,0,0,0,0,0,0,0,0,0,0,0,0,0,0,0,0,0,0,0,0,0,1,0,0,0,0,0,0,0,0,0,0,0,0,0,0,0,0,0,0,0,0,0,0,0,0,1,1,0,1.0,0.0,0.5,1,1,0,6,7,0,1,1,0,1,0,28,1043,27845,28916,2,2,0.0357142857142857,0.0009587727708533,0.0,13,6.5,1,1,1,1,1,1,1,1
advantage kingsideAttack master middlegame short,b5d4 h4f2 f1f2 e4f2,3q1nk1/1bN2rpp/pp1P4/8/3Nn2b/8/PPP2PPP/R1BQ1RK1 b - -,2288,80,-1,241,265,158170,1,34,1000,0,0,-53,2,23,0,923,77,-167.0,3.0,19.0,0.0,29.0,971.0,1000,0,0,35,30,5,65,7,2,1,2,1,1,4,2,2,1,1,1,0,0,0,1,1,0,1,0,0,0,0,0,0,1,0,1,0,0,0,0,0,0,0,0,0,0,0,0,0,0,0,0,0,0,0,0,0,0,0,0,0,0,0,0,0,0,0,0,0,0,0,0,0,0,0,0,0,0,0,0,0,0,0,0,0,0,0,0,0,0,0,0,0,0,1,1,1,1.0,1.0,1.0,1,1,1,2,1,4,1,1,1,3,1,45,1734,76309,78088,3,3,0.0222222222222222,0.0005767012687427,1.3104614134636803e-05,7,2.333333333333333,1,1,1,1,1,1,1,1
crushing middlegame pin short,b8a6 d3f5 e7e6 f5g6,r4bk1/2rqp2p/n1p3p1/3p1p2/3P1P1B/pP1BP3/P1Q2PRP/1KR5 w - -,1692,74,1,340,386,136219,1,30,1000,0,0,35,2,25,29,970,1,16.0,3.0,25.0,11.0,987.0,2.0,1000,0,0,32,32,0,64,7,0,2,2,1,1,7,1,1,2,1,1,1,0,0,1,0,0,1,0,0,0,0,0,0,0,0,0,0,0,0,0,0,0,0,1,0,0,0,0,0,0,0,0,0,0,0,0,0,0,0,0,0,0,0,0,0,0,0,0,0,0,0,0,0,0,0,0,0,0,0,0,0,0,0,0,0,0,0,0,0,0,0,0,0,0,1,1,1,1.0,1.0,1.0,1,1,1,2,1,1,1,1,1,2,1,34,900,32735,33669,3,3,0.0294117647058823,0.0011111111111111,3.054834275240568e-05,4,1.3333333333333333,0,0,1,1,1,1,1,1
attraction crushing endgame exposedKing fork long sacrifice,f7g6 h7g7 g8g7 g5e6 g7g8 e6d8,3r2k1/1b4bR/p2P2p1/3p2N1/2p5/2P2N2/PP6/2K5 w - -,1552,77,1,492,526,747913,1,51,1000,0,0,103,2,19,549,451,0,-85.0,3.0,21.0,0.0,729.0,271.0,1000,0,0,15,15,0,30,4,2,0,1,0,1,4,0,2,1,0,1,1,0,1,0,0,1,0,0,1,0,0,0,0,0,0,0,0,0,1,0,0,0,0,0,0,0,0,1,0,0,0,0,0,0,1,0,0,0,0,0,0,0,0,0,0,0,0,0,0,0,0,0,0,0,0,0,0,0,0,0,0,0,0,0,0,0,0,0,0,0,0,0,0,0,1,1,1,1.0,1.0,1.0,1,1,1,1,1,2,1,1,1,3,1,28,535,15401,15964,3,3,0.0357142857142857,0.0018691588785046,6.49308486461918e-05,4,1.3333333333333333,0,0,1,1,1,1,1,1
attraction crushing defensiveMove exposedKing long middlegame queensideAttack sacrifice,d4e3 f7b7 b8b7 f1f7 b7b8 h4e7,rk5r/1b3R2/pp2p2q/4P2p/B6B/4p2P/PP4P1/5Q1K w - -,2248,80,1,393,577,543287,1,49,1000,0,0,52,2,29,48,952,0,33.0,3.0,29.0,15.0,985.0,0.0,1000,0,0,25,27,-2,52,5,0,2,1,1,1,5,0,1,2,1,1,1,0,1,1,0,0,0,0,0,0,0,0,0,0,0,0,0,0,1,0,0,0,0,0,0,0,0,1,0,0,0,0,0,0,1,0,0,0,0,1,0,0,1,0,0,0,0,0,0,0,0,0,0,0,0,0,0,0,0,0,0,0,0,0,0,0,0,0,0,0,0,0,0,0,0,0,0,0.0,0.0,0.0,0,0,0,0,0,0,0,0,0,0,0,47,1136,48125,49308,0,0,0.0,0.0,0.0,0,0.0,0,0,1,0,1,1,1,1
crushing discoveredAttack endgame rookEndgame short,g8g7 g5h4 g7h6 h4g3,8/4k1K1/4P3/6pp/6rP/4R1P1/8/8 b - -,1788,74,-1,474,490,224954,1,43,1000,0,0,-436,2,34,0,0,1000,-443.0,3.0,31.0,0.0,0.0,1000.0,1000,0,0,8,7,1,15,3,0,0,1,0,1,2,0,0,1,0,1,1,0,0,0,0,1,1,1,0,0,0,0,0,0,0,0,0,0,0,0,0,0,0,0,0,0,1,0,0,0,0,0,0,0,0,0,0,0,0,0,0,0,0,0,0,0,0,0,0,0,0,0,0,0,0,0,0,0,0,0,0,0,0,0,0,0,0,0,0,0,0,0,0,0,1,1,1,1.0,1.0,1.0,1,1,1,1,1,1,1,1,1,2,1,12,186,2933,3131,3,3,0.0833333333333333,0.0053763440860215,0.0003409478349812,3,1.0,1,1,1,1,1,1,1,1
kingsideAttack master mate mateIn1 middlegame oneMove,d1e2 c6g2,3r1n2/1bp1bkpp/p1q2n2/1p6/3P4/P1N3B1/1PP1QPPP/R3R1K1 b - -,579,86,-1,-1500,-1500,38896,1,2,1000,0,0,178,2,22,986,14,0,176.0,3.0,19.0,985.0,15.0,0.0,1000,0,0,32,31,1,63,7,1,1,2,1,1,5,2,2,1,1,1,0,0,0,1,0,0,0,0,0,0,1,0,0,1,0,1,0,0,0,0,1,1,0,0,0,0,0,0,0,0,0,0,0,0,0,0,0,0,0,0,0,0,0,0,0,0,0,0,0,0,0,0,0,0,0,0,0,0,0,0,0,0,0,0,0,0,0,0,0,0,0,0,0,0,0,0,0,0.0,0.0,0.0,0,0,0,0,0,0,0,0,0,0,0,45,1918,79710,81673,0,0,0.0,0.0,0.0,0,0.0,1,1,1,1,1,1,1,1
crushing master middlegame short,a8b8 b5d6 e8d8 d2a5,1r2kb1r/3nnpp1/4p1bp/1NppP3/3P4/6N1/P2BBPPP/R3K2R w KQk -,1585,80,1,435,370,471205,1,42,1000,0,0,12,2,19,5,994,1,11.0,3.0,25.0,5.0,994.0,1.0,1000,0,0,28,28,0,56,6,2,2,2,0,1,6,2,2,2,0,1,1,0,0,1,0,0,1,0,0,0,0,0,0,1,0,0,0,0,0,0,0,0,0,0,0,0,0,0,0,0,0,0,0,0,0,0,0,0,0,0,0,0,0,0,0,0,0,0,0,0,0,0,0,0,0,0,0,0,0,0,0,0,0,0,0,0,0,0,0,0,0,0,0,0,1,1,1,1.0,1.0,1.0,1,1,1,2,1,3,1,1,1,3,1,40,1070,41512,42622,3,3,0.025,0.0009345794392523,2.408941992676816e-05,6,2.0,1,0,1,1,1,1,1,1
mate mateIn1 middlegame oneMove,f3d4 e8e1,rn2q1k1/pp3ppp/2pb4/3p1B2/2PN4/1Q6/PP3PPP/R1B4K b - -,512,94,-1,-1500,-1500,71017,1,2,1000,0,0,-244,2,21,0,0,1000,-296.0,3.0,23.0,0.0,0.0,1000.0,1000,0,0,29,27,2,56,6,1,2,1,1,1,7,1,1,1,1,1,0,0,0,1,0,0,0,0,0,0,1,0,0,0,0,0,0,0,0,0,1,1,0,0,0,0,0,0,0,0,0,0,0,0,0,0,0,0,0,0,0,0,0,0,0,0,0,0,0,0,0,0,0,0,0,0,0,0,0,0,0,0,0,0,0,0,0,0,0,0,0,0,0,0,0,0,0,0.0,0.0,0.0,0,0,0,0,0,0,0,0,0,0,0,36,1649,56599,58284,0,0,0.0,0.0,0.0,0,0.0,1,1,1,1,1,1,1,1
mate mateIn1 middlegame oneMove,f7f5 g4h6,2rq1rk1/1b5p/p3p3/1p1pBpp1/2nP2N1/1RP1PP2/P1Q3PP/3R2K1 w - -,1116,81,1,1500,1500,30073,1,2,1000,0,0,83,2,27,282,718,0,-43.0,3.0,22.0,0.0,955.0,45.0,1000,0,0,32,32,0,64,7,1,1,2,1,1,7,1,1,2,1,1,0,0,0,1,0,0,0,0,0,0,1,0,0,0,0,0,0,0,0,0,1,1,0,0,0,0,0,0,0,0,0,0,0,0,0,0,0,0,0,0,0,0,0,0,0,0,0,0,0,0,0,0,0,0,0,0,0,0,0,0,0,0,0,0,0,0,0,0,0,0,0,0,0,0,0,0,0,0.0,0.0,0.0,0,0,0,0,0,0,0,0,0,0,0,42,1344,54525,55911,0,0,0.0,0.0,0.0,0,0.0,1,1,1,1,1,1,1,1
endgame mate mateIn2 short,d2g5 e8e1 f3f1 e1f1,4r1k1/p4p1p/1p6/6B1/3P2n1/P4Q2/1P4P1/7K b - -,992,82,-1,-1500,-1500,40110,1,4,1000,0,0,-378,2,22,0,0,1000,-390.0,3.0,17.0,0.0,0.0,1000.0,1000,0,0,16,12,4,28,4,0,1,0,1,1,4,1,0,1,0,1,0,0,0,0,0,1,1,0,0,0,1,1,0,0,0,0,0,0,0,0,0,0,0,0,0,0,0,0,0,0,0,0,0,0,0,0,0,0,0,0,0,0,0,0,0,0,0,0,0,0,0,0,0,0,0,0,0,0,0,0,0,0,0,0,0,0,0,0,0,0,0,0,0,0,1,1,0,1.0,0.0,0.5,1,1,0,7,2,0,1,1,0,2,0,28,907,21744,22679,2,2,0.0357142857142857,0.0011025358324145,0.0,9,4.5,1,1,1,1,1,1,1,1
backRankMate fork mate mateIn2 middlegame short,e2e7 d8d1 e7e1 d1e1,2kr3r/p1p1Rpp1/2p2n1p/8/8/1P6/P1P2PPP/RNB3K1 b - -,630,93,-1,-1500,-1500,25828,1,4,1000,0,0,-162,2,16,0,17,983,-398.0,3.0,21.0,0.0,0.0,1000.0,1000,0,0,22,19,3,41,6,1,1,2,0,1,6,1,0,2,0,1,0,0,0,1,0,0,1,0,1,0,1,1,0,0,0,0,0,0,0,0,0,0,0,0,0,1,0,0,0,0,0,0,0,0,0,0,0,0,0,0,0,0,0,0,0,0,0,0,0,0,0,0,0,0,0,0,0,0,0,0,0,0,0,0,0,0,0,0,0,0,0,0,0,0,1,1,0,1.0,0.0,0.5,1,1,0,7,6,0,1,1,0,1,0,30,948,25800,26778,2,2,0.0333333333333333,0.0010548523206751,0.0,13,6.5,1,1,1,1,1,1,1,1
bodenMate mate mateIn1 middlegame oneMove,b7c6 c4a6,2kr3r/p2n2pp/2pB1bp1/5q2/2B5/8/PPP2PPP/3R1RK1 w - -,721,80,1,1500,1500,305639,1,2,1000,0,0,-267,2,21,0,0,1000,-333.0,3.0,25.0,0.0,0.0,1000.0,1000,0,0,22,30,-8,52,6,0,2,2,0,1,5,1,1,2,1,1,0,0,0,1,0,0,0,0,0,0,1,0,0,0,0,0,0,0,0,0,1,1,0,0,0,0,0,0,0,1,0,0,0,0,0,0,0,0,0,0,0,0,0,0,0,0,0,0,0,0,0,0,0,0,0,0,0,0,0,0,0,0,0,0,0,0,0,0,0,0,0,0,0,0,0,0,0,0.0,0.0,0.0,0,0,0,0,0,0,0,0,0,0,0,40,1580,59614,61234,0,0,0.0,0.0,0.0,0,0.0,1,1,1,1,1,1,1,1
advantage endgame short,d2e3 f7f5 g2g4 f5e4,6k1/p4p2/1p5p/4r3/P3B3/1P2KP2/2P3PP/8 b - -,1310,74,-1,371,404,209270,1,31,1000,0,0,4,2,18,2,997,1,-27.0,3.0,16.0,0.0,992.0,8.0,1000,0,0,9,9,0,18,6,0,1,0,0,1,4,0,0,1,0,1,0,0,0,0,1,1,1,0,0,0,0,0,0,0,0,0,0,0,0,0,0,0,0,0,0,0,0,0,0,0,0,0,0,0,0,0,0,0,0,0,0,0,0,0,0,0,0,0,0,0,0,0,0,0,0,0,0,0,0,0,0,0,0,0,0,0,0,0,0,0,0,0,0,0,1,11,83,11.0,7.545454545454546,9.272727272727272,1,0,5,2,14,107,1,2,3,3,1,20,337,6247,6604,6,95,0.05,0.0326409495548961,0.0132863774611813,123,1.2947368421052632,0,1,1,1,1,1,1,1
long mate mateIn3 middlegame queensideAttack sacrifice,e3d4 c5c2 b1a1 a8a3 b2a3 c2a2,rn3rk1/4pp1p/3p2pB/2q4P/3QP1b1/Pp6/1P2B3/1K1R2NR b - -,1867,76,-1,-1500,-1500,34950,1,6,1000,0,0,-305,2,19,0,0,1000,-493.0,3.0,21.0,0.0,0.0,1000.0,1000,0,0,32,31,1,63,4,1,2,2,1,1,6,1,1,2,1,1,0,0,1,1,0,0,0,0,0,0,1,0,0,0,0,0,0,0,0,0,0,0,0,0,0,0,0,1,0,0,0,0,0,0,0,0,1,0,0,1,0,0,0,0,0,0,0,0,0,0,0,0,0,0,0,0,0,0,0,0,0,0,0,0,0,0,0,0,0,0,0,0,0,0,1,1,1,1.0,1.0,1.0,1,1,1,3,1,5,1,1,1,3,0,45,1849,73923,75817,3,3,0.0222222222222222,0.0005408328826392,1.352758951882364e-05,9,3.0,0,0,0,1,1,1,1,1
advancedPawn endgame mate mateIn1 oneMove queenEndgame,b7b8q c3c2,1Q6/5ppp/8/8/8/2pk3P/3p2P1/3K4 b - -,638,96,-1,-1500,-1500,140952,1,2,1000,0,0,-504,2,23,0,0,1000,-562.0,3.0,30.0,0.0,0.0,1000.0,1000,0,0,11,5,6,16,2,0,0,0,1,1,5,0,0,0,0,1,0,0,0,0,0,1,0,0,0,0,1,0,0,0,0,0,0,0,0,0,1,1,0,0,0,0,0,0,0,0,0,0,0,1,0,0,0,0,0,0,0,0,0,1,0,0,0,0,0,0,0,0,0,0,0,0,0,0,0,0,0,0,0,0,0,0,0,0,0,0,0,0,0,0,0,0,0,0.0,0.0,0.0,0,0,0,0,0,0,0,0,0,0,0,11,247,2132,2390,0,0,0.0,0.0,0.0,0,0.0,1,1,1,1,1,1,1,1
crushing endgame short,a1c1 e5g5 g2g3 c8c1,2r3rk/5p2/4p2p/4q3/1Q6/8/1P3PPP/2R2RK1 b - -,2197,85,-1,454,468,124007,1,28,1000,0,0,-37,2,18,0,983,17,-57.0,3.0,17.0,0.0,942.0,58.0,1000,0,0,23,22,1,45,4,0,0,2,1,1,3,0,0,2,1,1,1,0,0,0,0,1,1,0,0,0,0,0,0,0,0,0,0,0,0,0,0,0,0,0,0,0,0,0,0,0,0,0,0,0,0,0,0,0,0,0,0,0,0,0,0,0,0,0,0,0,0,0,0,0,0,0,0,0,0,0,0,0,0,0,0,0,0,0,0,0,0,0,0,0,1,35,183,35.0,5.228571428571429,20.114285714285717,1,0,2,2,82,534,1,4,4,4,1,48,1859,78339,80246,3,219,0.0208333333333333,0.0188273265196342,0.0023360012254432,618,2.8219178082191783,0,1,1,1,1,1,1,1
mate mateIn2 middlegame short,f7g6 h8h5 g6f6 f4g5,r1bq3Q/1np3p1/p5k1/1p1Pp3/1Pn2BP1/2b2P2/P3K3/R4N2 w - -,1663,75,1,1500,1500,107881,1,4,1000,0,0,-368,2,30,0,0,1000,-378.0,3.0,26.0,0.0,0.0,1000.0,1000,0,0,25,31,-6,56,5,1,1,1,1,1,5,2,2,1,1,1,0,0,0,1,0,0,1,0,0,0,1,1,0,0,0,0,0,0,0,0,0,0,0,0,0,0,0,0,0,0,0,0,0,0,0,0,0,0,0,0,0,0,0,0,0,0,0,0,0,0,0,0,0,0,0,0,0,0,0,0,0,0,0,0,0,0,0,0,0,0,0,0,0,0,1,1,0,1.0,0.0,0.5,1,1,0,3,1,0,1,1,0,2,0,35,1188,40040,41263,2,2,0.0285714285714285,0.0008417508417508,0.0,4,2.0,0,1,1,1,1,1,1,1
backRankMate endgame mate mateIn2 short,d4e4 d5d1 e1d1 d7d1,5k2/p2r3p/1p4pP/3r1q2/4R3/2P5/PP3PQ1/K3R3 b - -,735,79,-1,-1500,-1500,53342,1,4,1000,0,0,-34,2,23,0,985,15,-51.0,3.0,24.0,0.0,958.0,42.0,1000,0,0,24,23,1,47,5,0,0,2,1,1,4,0,0,2,1,1,0,0,0,0,0,1,1,0,0,0,1,1,0,0,0,0,0,0,0,0,0,0,0,0,0,1,0,0,0,0,0,0,0,0,0,0,0,0,0,0,0,0,0,0,0,0,0,0,0,0,0,0,0,0,0,0,0,0,0,0,0,0,0,0,0,0,0,0,0,0,0,0,0,0,1,1,0,1.0,0.0,0.5,1,1,0,4,1,0,1,1,0,1,0,34,1255,45384,46673,2,2,0.0294117647058823,0.0007968127490039,0.0,5,2.5,1,1,1,1,1,1,1,1
advantage attackingF2F7 long middlegame skewer,g6g5 f3f7 e8d8 f7f8 d8d7 f8a8,r3k1nr/1pp2ppp/1pnp4/4p1q1/2B1P3/3P1Q1P/PPP2PP1/R4RK1 w kq -,1131,80,1,336,337,334288,1,36,1000,0,0,-356,2,23,0,0,1000,-436.0,3.0,23.0,0.0,0.0,1000.0,1000,0,0,30,33,-3,63,8,0,1,2,1,1,8,2,0,2,1,1,0,0,1,1,1,0,0,0,0,0,0,0,0,0,0,0,0,0,0,1,0,0,0,0,0,0,0,0,0,0,0,0,0,0,0,0,0,0,0,0,0,0,0,0,1,0,0,0,0,0,0,0,0,0,0,0,0,0,0,0,0,0,0,0,0,0,0,0,0,0,0,0,0,0,1,1,1,1.0,1.0,1.0,1,1,1,4,1,1,1,1,1,2,1,35,1484,50633,52152,3,3,0.0285714285714285,0.0006738544474393,1.9749965437560483e-05,6,2.0,0,1,1,1,1,1,1,1
kingsideAttack mate mateIn1 middlegame oneMove,a4b3 g3g7,r4rk1/2q2ppp/3pp3/4Pb1N/1p6/1p4Q1/PPP3PP/1K1RR3 w - -,902,78,1,1500,1500,50006,1,2,1000,0,0,-207,2,27,0,2,998,-331.0,3.0,24.0,0.0,0.0,1000.0,1000,0,0,28,29,-1,57,6,1,0,2,1,1,7,0,1,2,1,1,0,0,0,1,0,0,0,0,0,0,1,0,0,0,0,1,0,0,0,0,1,1,0,0,0,0,0,0,0,0,0,0,0,0,0,0,0,0,0,0,0,0,0,0,0,0,0,0,0,0,0,0,0,0,0,0,0,0,0,0,0,0,0,0,0,0,0,0,0,0,0,0,0,0,0,0,0,0.0,0.0,0.0,0,0,0,0,0,0,0,0,0,0,0,36,1450,50674,52160,0,0,0.0,0.0,0.0,0,0.0,1,1,1,1,1,1,1,1
crushing deflection endgame short,d1a4 g2g5 f5e4 h8f6,7Q/2p5/1p2prp1/p4k1p/q4p1P/8/6RK/8 w - -,1133,80,1,262,290,286503,1,47,1000,0,0,0,2,12,1,997,2,-228.0,3.0,23.0,0.0,0.0,1000.0,1000,0,0,15,21,-6,36,1,0,0,1,1,1,7,0,0,1,1,1,1,0,0,0,0,1,1,0,0,0,0,0,0,0,0,0,0,0,0,0,0,0,0,0,0,0,0,0,0,0,1,0,0,0,0,0,0,0,0,0,0,0,0,0,0,0,0,0,0,0,0,0,0,0,0,0,0,0,0,0,0,0,0,0,0,0,0,0,0,0,0,0,0,0,1,1,1,1.0,1.0,1.0,1,1,1,3,1,2,1,1,1,3,1,26,561,13893,14480,3,3,0.0384615384615384,0.0017825311942959,7.197869430648528e-05,6,2.0,1,1,1,1,1,1,1,1
advantage fork master opening short,h6f5 d1a4 c8d7 a4b4,r1bqk2r/pp3ppp/4p3/3pPn2/1b1P1P2/2N5/PP4PP/R1BQKB1R w KQkq -,1408,75,1,287,311,671078,1,48,1000,0,0,-19,2,23,3,976,21,-33.0,3.0,22.0,2.0,958.0,40.0,1000,0,0,35,35,0,70,7,1,2,2,1,1,7,1,2,2,1,1,0,0,0,0,1,0,1,0,1,0,0,0,0,1,0,0,0,0,0,0,0,0,1,0,0,0,0,0,0,0,0,0,0,0,0,0,0,0,0,0,0,0,0,0,0,0,0,0,0,0,0,0,0,0,0,0,0,0,0,0,0,0,0,0,0,0,0,0,0,0,0,0,0,0,1,1,1,1.0,1.0,1.0,1,1,1,3,1,1,1,1,1,2,1,28,1047,31091,32166,3,3,0.0357142857142857,0.0009551098376313,3.216364864430221e-05,5,1.6666666666666667,1,0,1,1,1,1,1,1
advantage endgame skewer veryLong,f4f7 e7f7 g3b8 g8h7 f2f7 a4d1 g1f2 d1f1 f2g3 f1f7,6k1/4rRp1/p6p/7P/q1pP4/2Pb2Q1/P4RP1/6K1 b - -,2242,88,-1,346,355,302867,1,38,1000,0,0,-610,2,26,0,0,1000,-748.0,3.0,35.0,0.0,0.0,1000.0,1000,0,0,24,21,3,45,5,0,0,2,1,1,4,0,1,1,1,1,0,0,0,0,1,1,0,0,0,0,0,0,0,0,0,0,1,0,0,1,0,0,0,0,0,0,0,0,0,0,0,0,0,0,0,0,0,0,0,0,0,0,0,0,0,0,0,0,0,0,0,0,0,0,0,0,0,0,0,0,0,0,0,0,0,0,0,0,0,0,0,0,0,0,1,1,2,1.0,2.0,1.5,1,1,0,1,2,4,1,1,2,3,1,36,1225,37473,38734,2,4,0.0277777777777777,0.0008163265306122,5.337176100125424e-05,7,1.75,0,0,1,1,1,1,1,1
backRankMate endgame mate mateIn2 short,d8d1 f1f8 d1d8 f8d8,1k6/ppp3p1/8/1P5p/8/P3n2P/2P1r1P1/B2rNRK1 w - -,490,106,1,1500,1500,69644,1,4,1000,0,0,-621,2,19,0,0,1000,-711.0,3.0,23.0,0.0,0.0,1000.0,1000,0,0,16,18,-2,34,5,1,1,1,0,1,5,1,0,2,0,1,0,0,0,0,0,1,1,0,0,0,1,1,0,0,0,0,0,0,0,0,0,0,0,0,0,1,0,0,0,0,0,0,0,0,0,0,0,0,0,0,0,0,0,0,0,0,0,0,0,0,0,0,0,0,0,0,0,0,0,0,0,0,0,0,0,0,0,0,0,0,0,0,0,0,1,1,0,1.0,0.0,0.5,1,1,0,7,7,0,1,1,0,1,0,24,757,17555,18336,2,2,0.0416666666666666,0.0013210039630118,0.0,14,7.0,1,1,1,1,1,1,1,1
endgame mate mateIn1 oneMove operaMate,e6g5 f3f1,8/6pp/6k1/5pN1/5P2/5rPb/4R2P/6K1 b - -,404,101,-1,-1500,-1500,98347,1,2,1000,0,0,-310,2,31,0,0,1000,-393.0,3.0,27.0,0.0,0.0,1000.0,1000,0,0,11,11,0,22,3,1,0,1,0,1,3,0,1,1,0,1,0,0,0,0,0,1,0,0,0,0,1,0,1,0,0,0,0,0,0,0,1,1,0,0,0,0,0,0,0,0,0,0,0,0,0,0,0,0,0,0,0,0,0,0,0,0,0,0,0,0,0,0,0,0,0,0,0,0,0,0,0,0,0,0,0,0,0,0,0,0,0,0,0,0,0,0,0,0.0,0.0,0.0,0,0,0,0,0,0,0,0,0,0,0,17,326,5422,5765,0,0,0.0,0.0,0.0,0,0.0,1,1,1,1,1,1,1,1
crushing kingsideAttack middlegame pin sacrifice short,g8h8 h6f7 f8f7 h3e6,r4r1k/6p1/b3p1nN/p1pp4/1p3P1q/3P1Q1B/PPP2PK1/R6R w - -,2167,80,1,384,416,86481,1,21,1000,0,0,31,2,19,21,978,1,-75.0,3.0,20.0,0.0,802.0,198.0,1000,0,0,31,31,0,62,6,1,1,2,1,1,6,1,1,2,1,1,1,0,0,1,0,0,1,0,0,0,0,0,0,0,0,1,0,0,0,0,0,0,0,1,0,0,0,1,0,0,0,0,0,0,0,0,0,0,0,0,0,0,0,0,0,0,0,0,0,0,0,0,0,0,0,0,0,0,0,0,0,0,0,0,0,0,0,0,0,0,0,0,0,0,1,1,1,1.0,1.0,1.0,1,1,1,2,1,3,1,1,1,3,1,38,1493,48736,50267,3,3,0.0263157894736842,0.000669792364367,2.051871306631648e-05,6,2.0,0,1,1,0,0,1,1,1
backRankMate mate mateIn1 middlegame oneMove,d3e2 d1d8,6k1/2p2ppp/pnp5/B7/2P3PP/1P2PPR1/r3b2r/3R2K1 w - -,473,99,1,1500,1500,32348,1,2,1000,0,0,98,2,22,468,532,0,-322.0,3.0,17.0,0.0,0.0,1000.0,1000,0,0,19,22,-3,41,6,0,1,2,0,1,6,1,1,2,0,1,0,0,0,1,0,0,0,0,0,0,1,0,0,0,0,0,0,0,0,0,1,1,0,0,0,1,0,0,0,0,0,0,0,0,0,0,0,0,0,0,0,0,0,0,0,0,0,0,0,0,0,0,0,0,0,0,0,0,0,0,0,0,0,0,0,0,0,0,0,0,0,0,0,0,0,0,0,0.0,0.0,0.0,0,0,0,0,0,0,0,0,0,0,0,26,793,17735,18554,0,0,0.0,0.0,0.0,0,0.0,1,1,1,1,1,1,1,1
crushing endgame fork short,e3d2 d4b3 d2c3 b3a1,8/4k3/1p1p4/rP2p1p1/P2nP1P1/3B4/3K4/R7 b - -,715,98,-1,481,577,910053,1,47,1000,0,0,108,2,31,627,373,0,0.0,3.0,19.0,2.0,996.0,2.0,1000,0,0,12,12,0,24,4,0,1,1,0,1,4,1,0,1,0,1,1,0,0,0,0,1,1,0,1,0,0,0,0,0,0,0,0,0,0,0,0,0,0,0,0,0,0,0,0,0,0,0,0,0,0,0,0,0,0,0,0,0,0,0,0,0,0,0,0,0,0,0,0,0,0,0,0,0,0,0,0,0,0,0,0,0,0,0,0,0,0,0,0,0,1,1,1,1.0,1.0,1.0,1,1,1,2,1,2,1,1,1,2,1,21,391,7694,8106,3,3,0.0476190476190476,0.0025575447570332,0.0001299714062906,5,1.6666666666666667,1,1,1,1,1,1,1,1
advantage discoveredAttack kingsideAttack master middlegame short,e7c5 d5f6 g7f6 d1d7,r5k1/1p1r1pp1/p3pnp1/2qN4/8/1Q5P/PP3PP1/3RR1K1 w - -,1065,88,1,514,517,225001,1,28,1000,0,0,-74,2,17,0,827,173,-146.0,3.0,17.0,0.0,57.0,943.0,1000,0,0,27,28,-1,55,5,1,0,2,1,1,6,1,0,2,1,1,0,0,0,1,1,0,1,0,0,0,0,0,0,1,0,1,0,0,0,0,0,0,0,0,0,0,1,0,0,0,0,0,0,0,0,0,0,0,0,0,0,0,0,0,0,0,0,0,0,0,0,0,0,0,0,0,0,0,0,0,0,0,0,0,0,0,0,0,0,0,0,0,0,0,1,1,1,1.0,1.0,1.0,1,1,1,2,1,6,1,1,1,3,1,41,1818,75807,77666,3,3,0.024390243902439,0.0005500550055005,1.3191393934597068e-05,9,3.0,1,1,1,1,1,1,1,1
mate mateIn1 middlegame oneMove,f3g4 h5h2,r3k2r/ppp2p1p/2n1pp2/7q/2PN2P1/2BP2b1/PP2B1P1/R2Q1RK1 b kq -,858,77,-1,-1500,-1500,16814,1,2,1000,0,0,102,2,17,520,480,0,0.0,3.0,6.0,6.0,988.0,6.0,1000,0,0,34,32,2,66,6,1,2,2,1,1,7,1,1,2,1,1,0,0,0,1,0,0,0,0,0,0,1,0,0,0,0,0,0,0,0,0,1,1,0,0,0,0,0,0,0,0,0,0,0,0,0,0,0,0,0,0,0,0,0,0,0,0,0,0,0,0,0,0,0,0,0,0,0,0,0,0,0,0,0,0,0,0,0,0,0,0,0,0,0,0,0,0,0,0.0,0.0,0.0,0,0,0,0,0,0,0,0,0,0,0,46,1425,60948,62419,0,0,0.0,0.0,0.0,0,0.0,1,1,1,1,1,1,1,1
attraction crushing exposedKing fork long middlegame,g2g7 h6g7 h8g7 e6e7 d7e7 e1e7,7k/pb1qn1rn/1p2R2Q/2p2p2/2Pp4/3B4/PP3P1P/4RK2 w - -,2091,78,1,603,621,104845,1,36,1000,0,0,-119,2,23,0,239,761,-154.0,3.0,20.0,0.0,36.0,964.0,1000,0,0,27,28,-1,55,5,0,1,2,1,1,5,2,1,1,1,1,1,0,1,1,0,0,0,0,1,0,0,0,0,0,0,0,0,0,1,0,0,0,0,0,0,0,0,0,0,0,0,0,0,0,1,0,0,0,0,0,0,0,0,0,0,0,0,0,0,0,0,0,0,0,0,0,0,0,0,0,0,0,0,0,0,0,0,0,0,0,0,0,0,0,1,1,1,1.0,1.0,1.0,1,1,1,1,1,1,1,1,1,3,1,44,1544,62832,64420,3,3,0.0227272727272727,0.0006476683937823,1.591545709192768e-05,3,1.0,1,1,1,1,1,1,1,1
crushing master middlegame short trappedPiece,e2e5 f8e8 e5e8 d8e8,2rq1rk1/7p/1n4pb/1R2Q3/pPpP1P2/P1B5/3N2PP/2R3K1 b - -,2125,84,-1,310,314,101247,1,28,1000,0,0,-250,2,24,0,0,1000,-289.0,3.0,26.0,0.0,0.0,1000.0,1000,0,0,31,29,2,60,6,1,1,2,1,1,4,1,1,2,1,1,1,0,0,1,0,0,1,0,0,0,0,0,0,1,0,0,0,0,0,0,0,0,0,0,0,0,0,0,0,0,0,0,0,0,0,0,0,0,0,0,0,0,0,0,0,0,0,0,0,0,1,0,0,0,0,0,0,0,0,0,0,0,0,0,0,0,0,0,0,0,0,0,0,0,1,3,3,3.0,1.0,2.0,1,0,3,1,6,7,1,3,2,4,1,28,1206,35154,36388,4,7,0.0357142857142857,0.0024875621890547,8.533879501621438e-05,14,2.0,0,1,1,1,1,1,1,1
endgame mate mateIn1 oneMove,f6f8 a8f8,Q4rk1/p1p3p1/6P1/8/3P4/7P/q3r3/B4RK1 w - -,471,88,1,1500,1500,21360,1,2,1000,0,0,1500,2,2,1000,0,0,-463.0,3.0,24.0,0.0,0.0,1000.0,1000,0,0,20,22,-2,42,3,0,1,1,1,1,3,0,0,2,1,1,0,0,0,0,0,1,0,0,0,0,1,0,0,0,0,0,0,0,0,0,1,1,0,0,0,0,0,0,0,0,0,0,0,0,0,0,0,0,0,0,0,0,0,0,0,0,0,0,0,0,0,0,0,0,0,0,0,0,0,0,0,0,0,0,0,0,0,0,0,0,0,0,0,0,0,0,0,0.0,0.0,0.0,0,0,0,0,0,0,0,0,0,0,0,29,990,26753,27772,0,0,0.0,0.0,0.0,0,0.0,0,0,0,1,0,1,0,1
endgame mate mateIn2 short,e8e1 c7c8 e1e8 c8e8,6k1/2R3pp/2p4q/1p1p4/3P4/P7/1PP2R2/1K1Nr3 w - -,976,77,1,1500,1500,135153,1,4,1000,0,0,-224,2,27,0,0,1000,-289.0,3.0,30.0,0.0,0.0,1000.0,1000,0,0,17,19,-2,36,4,1,0,2,0,1,5,0,0,1,1,1,0,0,0,0,0,1,1,0,0,0,1,1,0,0,0,0,0,0,0,0,0,0,0,0,0,0,0,0,0,0,0,0,0,0,0,0,0,0,0,0,0,0,0,0,0,0,0,0,0,0,0,0,0,0,0,0,0,0,0,0,0,0,0,0,0,0,0,0,0,0,0,0,0,0,1,1,0,1.0,0.0,0.5,1,1,0,1,7,0,1,1,0,1,0,26,686,17377,18089,2,2,0.0384615384615384,0.0014577259475218,0.0,8,4.0,1,1,1,1,1,1,1,1
advantage endgame short,d3d6 a8d8 d6d8 g5d8,r7/6pk/p2Q4/2p1p1qp/1pP1PrP1/1P3P1P/1P4K1/R4R2 b - -,1471,96,-1,367,362,63849,1,24,1000,0,0,0,2,22,2,996,2,0.0,3.0,28.0,2.0,996.0,2.0,1000,0,0,26,25,1,51,7,0,0,2,1,1,6,0,0,2,1,1,0,0,0,0,1,1,1,0,0,0,0,0,0,0,0,0,0,0,0,0,0,0,0,0,0,0,0,0,0,0,0,0,0,0,0,0,0,0,0,0,0,0,0,0,0,0,0,0,0,0,0,0,0,0,0,0,0,0,0,0,0,0,0,0,0,0,0,0,0,0,0,0,0,0,1,3,8,3.0,2.6666666666666665,2.833333333333333,1,0,1,3,4,18,1,1,3,3,1,29,1155,33763,34947,2,12,0.0344827586206896,0.0025974025974025,0.0002369457690371,25,2.083333333333333,0,1,1,1,1,1,1,1
mate mateIn1 oneMove opening,g7g6 h3c8,rn2kb1r/pp2pp1p/2p2np1/4q3/8/2N4Q/PPPPBPPP/R1B1K2R w KQkq -,827,78,1,1500,1500,72757,1,2,1000,0,0,134,2,19,834,166,0,47.0,3.0,19.0,76.0,923.0,1.0,1000,0,0,35,35,0,70,7,1,2,2,1,1,7,2,1,2,1,1,0,0,0,0,0,0,0,0,0,0,1,0,0,0,0,0,0,0,0,0,1,1,1,0,0,0,0,0,0,0,0,0,0,0,0,0,0,0,0,0,0,0,0,0,0,0,0,0,0,0,0,0,0,0,0,0,0,0,0,0,0,0,0,0,0,0,0,0,0,0,0,0,0,0,0,0,0,0.0,0.0,0.0,0,0,0,0,0,0,0,0,0,0,0,35,1289,48704,50028,0,0,0.0,0.0,0.0,0,0.0,1,1,1,1,1,1,1,1
advancedPawn crushing endgame master rookEndgame short,b6a6 e3e2 a6e6 f4f1,8/7k/R6p/3p4/5r2/2P1p2P/P5P1/6K1 b - -,1098,80,-1,535,569,70859,1,30,1000,0,0,19,2,16,4,996,0,4.0,3.0,30.0,2.0,997.0,1.0,1000,0,0,9,8,1,17,4,0,0,1,0,1,3,0,0,1,0,1,1,0,0,0,0,1,1,1,0,0,0,0,0,1,0,0,0,0,0,0,0,0,0,0,0,0,0,0,0,0,0,0,0,1,0,0,0,0,0,0,0,0,0,0,0,0,0,0,0,0,0,0,0,0,0,0,0,0,0,0,0,0,0,0,0,0,0,0,0,0,0,0,0,0,1,1,2,1.0,2.0,1.5,1,1,0,1,3,4,1,1,2,2,1,20,387,6514,6921,2,4,0.05,0.0025839793281653,0.000307031010132,8,2.0,0,1,1,1,1,1,1,1
advancedPawn advantage kingsideAttack long middlegame,b8b2 e6f7 f8f7 h3c8 f7f8 c8e6,5rk1/q4ppp/p3Pb2/3nN3/P2P4/7Q/1r4PP/1R3RK1 w - -,2157,75,1,359,458,780326,1,37,1000,0,0,-73,2,19,0,832,168,-265.0,3.0,23.0,0.0,0.0,1000.0,1000,0,0,27,29,-2,56,5,1,0,2,1,1,4,1,1,2,1,1,0,0,1,1,1,0,0,0,0,0,0,0,0,0,0,1,0,0,0,0,0,0,0,0,0,0,0,0,0,0,0,0,0,1,0,0,0,0,0,0,0,0,0,0,0,0,0,0,0,0,0,0,0,0,0,0,0,0,0,0,0,0,0,0,0,0,0,0,0,0,0,0,0,0,1,1,0,1.0,0.0,0.5,1,1,0,1,1,0,1,1,0,2,1,40,1733,67610,69383,2,2,0.025,0.0005770340450086,0.0,2,1.0,0,0,1,1,1,1,1,1
crushing exposedKing long opening,e5e4 b5c6 b7c6 f3h5 g7g6 h5e5,r2qk1nr/ppp3pp/2n5/1B1p4/1b1Pp3/5Q1P/PP1B1PP1/RN2K2R w KQkq -,2267,82,1,383,371,1136748,1,43,1000,0,0,25,2,26,26,972,2,-37.0,3.0,17.0,1.0,953.0,46.0,1000,0,0,34,35,-1,69,6,1,2,2,1,1,7,2,1,2,1,1,1,0,1,0,0,0,0,0,0,0,0,0,0,0,0,0,0,0,1,0,0,0,1,0,0,0,0,0,0,0,0,0,0,0,0,0,0,0,0,0,0,0,0,0,0,0,0,0,0,0,0,0,0,0,0,0,0,0,0,0,0,0,0,0,0,0,0,0,0,0,0,0,0,0,1,1,1,1.0,1.0,1.0,1,1,1,1,1,2,1,1,1,3,1,40,1160,44652,45852,3,3,0.025,0.0008620689655172,2.239541341933172e-05,4,1.3333333333333333,0,0,1,1,1,1,1,1
endgame mate mateIn2 short,c7c6 f5f7 g8h8 f7g7,2r3k1/3R1ppp/p1q5/2p2Q2/P7/7P/5PP1/6K1 w - -,991,91,1,1500,1500,39751,1,4,1000,0,0,35,2,19,14,986,0,-20.0,3.0,21.0,0.0,994.0,6.0,1000,0,0,18,19,-1,37,4,0,0,1,1,1,5,0,0,1,1,1,0,0,0,0,0,1,1,0,0,0,1,1,0,0,0,0,0,0,0,0,0,0,0,0,0,0,0,0,0,0,0,0,0,0,0,0,0,0,0,0,0,0,0,0,0,0,0,0,0,0,0,0,0,0,0,0,0,0,0,0,0,0,0,0,0,0,0,0,0,0,0,0,0,0,1,1,0,1.0,0.0,0.5,1,1,0,2,1,0,1,1,0,2,0,38,1088,39070,40196,2,2,0.0263157894736842,0.0009191176470588,0.0,3,1.5,1,1,1,1,1,1,1,1
advantage endgame hangingPiece short,c4e5 f6e5 c2c7 a6d6,8/pp1r2kp/q2P1ppb/4N3/4P3/1Q5P/PPR2PP1/6K1 b - -,1949,75,-1,195,231,292877,1,30,1000,0,0,-482,2,24,0,0,1000,-525.0,3.0,23.0,0.0,0.0,1000.0,999,1,0,24,22,2,46,7,1,0,1,1,1,5,0,1,1,1,1,0,1,0,0,1,1,1,0,0,0,0,0,0,0,0,0,0,0,0,0,0,0,0,0,0,0,0,0,0,0,0,0,0,0,0,0,0,0,0,0,0,0,0,0,0,0,0,0,0,0,0,0,0,0,0,0,0,0,0,0,0,0,0,0,0,0,0,0,0,0,0,0,0,0,0,0,0,0.0,0.0,0.0,0,0,0,0,0,0,0,0,0,0,0,29,1153,33654,34836,0,0,0.0,0.0,0.0,0,0.0,0,1,1,1,1,1,1,1
endgame mate mateIn2 pin short,g8h8 e6h6 h8g8 h6g7,3r3k/6p1/4Q3/4B3/1p3P2/4PKP1/3q4/8 w - -,1493,75,1,1500,1500,8397,1,4,1000,0,0,0,2,8,2,996,2,0.0,3.0,11.0,2.0,996.0,2.0,1000,0,0,15,16,-1,31,3,0,1,0,1,1,2,0,0,1,1,1,0,0,0,0,0,1,1,0,0,0,1,1,0,0,0,0,0,0,0,0,0,0,0,1,0,0,0,0,0,0,0,0,0,0,0,0,0,0,0,0,0,0,0,0,0,0,0,0,0,0,0,0,0,0,0,0,0,0,0,0,0,0,0,0,0,0,0,0,0,0,0,0,0,0,1,1,0,1.0,0.0,0.5,1,1,0,3,1,0,1,1,0,2,0,34,867,22330,23231,2,2,0.0294117647058823,0.0011534025374855,0.0,4,2.0,1,1,1,1,1,1,1,1
advantage opening short trappedPiece,e6e5 c1g5 f6g5 g3g5,r1b1k1nr/ppp2pbp/3p1qp1/4p3/2BnP3/N2P2QP/PPP2PP1/R1B1K2R w KQkq -,1385,74,1,247,251,66066,1,23,998,2,0,-339,2,20,0,0,1000,-375.0,3.0,23.0,0.0,0.0,1000.0,999,1,0,36,39,-3,75,8,1,2,2,1,1,8,2,2,2,1,1,0,0,0,0,1,0,1,0,0,0,0,0,0,0,0,0,0,0,0,0,0,0,1,0,0,0,0,0,0,0,0,0,0,0,0,0,0,0,0,0,0,0,0,0,0,0,0,0,0,0,1,0,0,0,0,0,0,0,0,0,0,0,0,0,0,0,0,0,0,0,0,0,0,0,1,11,37,11.0,3.363636363636364,7.181818181818182,1,0,5,4,16,50,1,4,5,5,1,36,1359,45962,47357,6,49,0.0277777777777777,0.0080941869021339,0.0008050128366911,70,1.4285714285714286,0,1,1,1,1,1,1,1
crushing discoveredAttack opening short,d4e6 e3c4 e6d8 e8e1,r2qr1k1/p5bp/1pp1N1p1/8/2Q2p2/2P1n2P/PP3PP1/R1B1RNK1 b - -,1720,74,-1,451,465,160383,1,27,1000,0,0,-475,2,22,0,0,1000,-496.0,3.0,20.0,0.0,0.0,1000.0,1000,0,0,34,31,3,65,6,2,1,2,1,1,6,1,1,2,1,1,1,0,0,0,0,0,1,0,0,0,0,0,0,0,0,0,0,0,0,0,0,0,1,0,0,0,1,0,0,0,0,0,0,0,0,0,0,0,0,0,0,0,0,0,0,0,0,0,0,0,0,0,0,0,0,0,0,0,0,0,0,0,0,0,0,0,0,0,0,0,0,0,0,0,1,2,10,2.0,5.0,3.5,1,0,1,2,5,30,1,2,3,4,1,44,1837,66590,68471,2,13,0.0227272727272727,0.0010887316276537,0.0001501726986033,37,2.8461538461538463,0,1,1,1,1,1,1,1
hookMate mate mateIn2 middlegame short,e8e7 f2f7 h7f7 f1f7,3r4/4kp1r/p2Np1p1/3bP3/P2n4/8/1P3RPP/5RK1 w - -,1163,82,1,1500,1500,82581,1,4,1000,0,0,-309,2,26,0,0,1000,-325.0,3.0,24.0,0.0,0.0,1000.0,1000,0,0,18,20,-2,38,5,1,0,2,0,1,4,1,1,2,0,1,0,0,0,1,0,0,1,0,0,0,1,1,0,0,0,0,0,0,0,0,0,0,0,0,0,0,0,0,0,0,0,0,0,0,0,0,0,0,0,0,0,0,0,0,0,0,0,0,0,0,0,1,0,0,0,0,0,0,0,0,0,0,0,0,0,0,0,0,0,0,0,0,0,0,1,1,0,1.0,0.0,0.5,1,1,0,5,2,0,1,1,0,1,0,29,992,28257,29278,2,2,0.0344827586206896,0.001008064516129,0.0,7,3.5,1,1,1,1,1,1,1,1
mate mateIn1 middlegame oneMove,e8f8 g5h6,rn3k1r/pp2bp1p/2p1pNp1/6B1/5P2/7P/PPP4P/2K1RR2 w - -,1189,76,1,1500,1500,34184,1,2,1000,0,0,201,2,23,999,1,0,-16.0,3.0,18.0,1.0,995.0,4.0,1000,0,0,22,23,-1,45,6,1,1,2,0,1,7,1,1,2,0,1,0,0,0,1,0,0,0,0,0,0,1,0,0,0,0,0,0,0,0,0,1,1,0,0,0,0,0,0,0,0,0,0,0,0,0,0,0,0,0,0,0,0,0,0,0,0,0,0,0,0,0,0,0,0,0,0,0,0,0,0,0,0,0,0,0,0,0,0,0,0,0,0,0,0,1,10,16,10.0,1.6,5.8,1,0,3,1,14,22,1,2,3,3,1,31,543,17073,17647,4,27,0.032258064516129,0.0184162062615101,0.0009371522286651,37,1.3703703703703705,1,1,1,1,1,1,1,1
backRankMate hangingPiece mate mateIn1 middlegame oneMove,d2d1 c1d1,6k1/pb2r1pN/1n4Bp/3p4/1P2pR2/P7/5PPP/2rR2K1 b - -,706,146,-1,-1500,-1500,55198,1,2,1000,0,0,189,2,24,997,3,0,-444.0,3.0,23.0,0.0,0.0,1000.0,1000,0,0,21,21,0,42,5,1,1,2,0,1,5,1,1,2,0,1,0,1,0,1,0,0,0,0,0,0,1,0,0,0,0,0,0,0,0,0,1,1,0,0,0,1,0,0,0,0,0,0,0,0,0,0,0,0,0,0,0,0,0,0,0,0,0,0,0,0,0,0,0,0,0,0,0,0,0,0,0,0,0,0,0,0,0,0,0,0,0,0,0,0,1,4,4,4.0,1.0,2.5,1,0,4,7,10,28,1,1,1,1,1,31,889,24937,25857,5,9,0.032258064516129,0.0044994375703037,0.0001604042186309,45,5.0,1,1,1,1,1,1,1,1
crushing long middlegame,g4g3 h4f4 d2f4 f7f4 g3f4 g5f4,r2b2k1/1p3q1p/p2p4/3P2p1/2P1PR1r/6Q1/P2B3P/2R4K b - -,1392,89,-1,366,374,75117,1,33,1000,0,0,-134,2,25,0,111,889,-160.0,3.0,26.0,0.0,24.0,976.0,1000,0,0,27,27,0,54,5,0,1,2,1,1,5,0,1,2,1,1,1,0,1,1,0,0,0,0,0,0,0,0,0,0,0,0,0,0,0,0,0,0,0,0,0,0,0,0,0,0,0,0,0,0,0,0,0,0,0,0,0,0,0,0,0,0,0,0,0,0,0,0,0,0,0,0,0,0,0,0,0,0,0,0,0,0,0,0,0,0,0,0,0,0,1,2,2,2.0,1.0,1.5,1,0,2,2,3,4,1,1,2,3,1,36,1469,49479,50984,3,5,0.0277777777777777,0.001361470388019,4.042118878716223e-05,9,1.8,1,1,1,1,1,1,1,1
crushing middlegame short,e5d7 f6d7 c5d7 c7d7,1r3rk1/1pqN1pbp/p1p1pnp1/2N5/3P4/1QP5/PP3PPP/3RR1K1 b - -,1109,78,-1,474,437,166305,1,21,1000,0,0,-253,2,19,0,0,1000,-261.0,3.0,19.0,0.0,0.0,1000.0,1000,0,0,32,32,0,64,7,2,0,2,1,1,7,1,1,2,1,1,1,0,0,1,0,0,1,0,0,0,0,0,0,0,0,0,0,0,0,0,0,0,0,0,0,0,0,0,0,0,0,0,0,0,0,0,0,0,0,0,0,0,0,0,0,0,0,0,0,0,0,0,0,0,0,0,0,0,0,0,0,0,0,0,0,0,0,0,0,0,0,0,0,0,1,29,677,29.0,23.344827586206897,26.17241379310345,1,0,1,2,45,998,1,5,6,6,1,33,1393,45191,46617,2,707,0.0303030303030303,0.0208183776022972,0.0149808590206014,1045,1.4780763790664782,1,1,1,1,1,1,1,1
crushing intermezzo opening short,h4g6 d6h2 g1h1 h7g6,rn1qk2r/pp3ppp/3bp1N1/3p4/3Pn3/3BB3/PPP2PPP/RN1Q1RK1 b kq -,1892,73,-1,442,500,103098,1,31,1000,0,0,-9,2,23,8,974,18,-239.0,3.0,24.0,0.0,2.0,998.0,1000,0,0,38,35,3,73,7,2,2,2,1,1,7,2,1,2,1,1,1,0,0,0,0,0,1,0,0,0,0,0,0,0,0,0,0,0,0,0,0,0,1,0,0,0,0,0,0,0,0,0,0,0,0,0,0,0,0,0,0,0,0,0,0,0,0,1,0,0,0,0,0,0,0,0,0,0,0,0,0,0,0,0,0,0,0,0,0,0,0,0,0,0,1,1,1,1.0,1.0,1.0,1,1,1,4,1,1,1,1,1,3,1,43,1669,68628,70340,3,3,0.0232558139534883,0.0005991611743559,1.4571312000932565e-05,6,2.0,0,1,1,1,1,1,1,1
backRankMate hangingPiece mate mateIn1 middlegame oneMove,d6e5 d1d8,rqnr2k1/5ppp/p7/4p3/8/1P5P/PBP2PP1/R2R2K1 w - -,687,91,1,1500,1500,139194,1,2,1000,0,0,-474,2,22,0,0,1000,-484.0,3.0,24.0,0.0,0.0,1000.0,1000,0,0,19,27,-8,46,6,0,1,2,0,1,5,1,0,2,1,1,0,1,0,1,0,0,0,0,0,0,1,0,0,0,0,0,0,0,0,0,1,1,0,0,0,1,0,0,0,0,0,0,0,0,0,0,0,0,0,0,0,0,0,0,0,0,0,0,0,0,0,0,0,0,0,0,0,0,0,0,0,0,0,0,0,0,0,0,0,0,0,0,0,0,0,0,0,0.0,0.0,0.0,0,0,0,0,0,0,0,0,0,0,0,31,937,27138,28106,0,0,0.0,0.0,0.0,0,0.0,1,1,1,1,1,1,1,1
advantage kingsideAttack middlegame short,f3g4 h5g4 e2g4 h4h2,r4k1r/pp3pp1/4p3/3pP1np/6Pq/1PP5/P3B1PP/RN1Q1RK1 b - -,1395,75,-1,195,180,254440,1,20,989,11,0,-354,2,25,0,0,1000,-361.0,3.0,27.0,0.0,0.0,1000.0,999,1,0,32,29,3,61,7,1,1,2,1,1,7,1,0,2,1,1,0,0,0,1,1,0,1,0,0,0,0,0,0,0,0,1,0,0,0,0,0,0,0,0,0,0,0,0,0,0,0,0,0,0,0,0,0,0,0,0,0,0,0,0,0,0,0,0,0,0,0,0,0,0,0,0,0,0,0,0,0,0,0,0,0,0,0,0,0,0,0,0,0,0,0,0,0,0.0,0.0,0.0,0,0,0,0,0,0,0,0,0,0,0,29,736,22025,22790,0,0,0.0,0.0,0.0,0,0.0,0,0,1,1,1,1,1,1
endgame mate mateIn2 short,g7h7 f2f8 e8f8 h6f8,4r2k/3q3r/1p4pQ/p1pP4/2P4P/1N4p1/PP3RK1/8 w - -,1024,77,1,1500,1500,101356,1,4,1000,0,0,-405,2,26,0,0,1000,-436.0,3.0,21.0,0.0,0.0,1000.0,1000,0,0,22,24,-2,46,5,1,0,1,1,1,5,0,0,2,1,1,0,0,0,0,0,1,1,0,0,0,1,1,0,0,0,0,0,0,0,0,0,0,0,0,0,0,0,0,0,0,0,0,0,0,0,0,0,0,0,0,0,0,0,0,0,0,0,0,0,0,0,0,0,0,0,0,0,0,0,0,0,0,0,0,0,0,0,0,0,0,0,0,0,0,1,1,0,1.0,0.0,0.5,1,1,0,6,1,0,1,1,0,1,0,35,1148,37254,38437,2,2,0.0285714285714285,0.0008710801393728,0.0,7,3.5,1,1,1,1,1,1,1,1
mate mateIn1 middlegame oneMove,c5e6 d6h2,2kr2r1/ppb2ppp/3qNn2/3p2B1/P7/2P2Q1P/1PB2PP1/R4RK1 b - -,675,82,-1,-1500,-1500,80146,1,2,1000,0,0,-28,2,31,1,977,22,-372.0,3.0,18.0,0.0,0.0,1000.0,1000,0,0,34,31,3,65,6,1,2,2,1,1,6,1,1,2,1,1,0,0,0,1,0,0,0,0,0,0,1,0,0,0,0,0,0,0,0,0,1,1,0,0,0,0,0,0,0,0,0,0,0,0,0,0,0,0,0,0,0,0,0,0,0,0,0,0,0,0,0,0,0,0,0,0,0,0,0,0,0,0,0,0,0,0,0,0,0,0,0,0,0,0,0,0,0,0.0,0.0,0.0,0,0,0,0,0,0,0,0,0,0,0,39,1968,77036,79043,0,0,0.0,0.0,0.0,0,0.0,1,1,1,1,1,1,1,1
mate mateIn1 middlegame oneMove,f1g1 f4h4,2r3k1/7p/6q1/p1Np4/Qp2pr2/P4P2/1PR2P1K/6R1 b - -,851,77,-1,-1500,-1500,223236,1,2,1000,0,0,-420,2,23,0,0,1000,-430.0,3.0,28.0,0.0,0.0,1000.0,1000,0,0,26,24,2,50,4,1,0,2,1,1,5,0,0,2,1,1,0,0,0,1,0,0,0,0,0,0,1,0,0,0,0,0,0,0,0,0,1,1,0,0,0,0,0,0,0,0,0,0,0,0,0,0,0,0,0,0,0,0,0,0,0,0,0,0,0,0,0,0,0,0,0,0,0,0,0,0,0,0,0,0,0,0,0,0,0,0,0,0,0,0,0,0,0,0.0,0.0,0.0,0,0,0,0,0,0,0,0,0,0,0,32,1013,34090,35135,0,0,0.0,0.0,0.0,0,0.0,1,1,1,1,1,1,1,1
endgame mate mateIn2 short,g6f5 f3h4 f5e4 f2f3,8/1p4p1/pb2pp1p/3n1k2/3P4/P3BN1P/1P2KPP1/8 w - -,1149,79,1,1500,1500,85898,1,4,1000,0,0,2,2,21,2,997,1,-2.0,3.0,23.0,1.0,997.0,2.0,1000,0,0,12,12,0,24,6,1,1,0,0,1,6,1,1,0,0,1,0,0,0,0,0,1,1,0,0,0,1,1,0,0,0,0,0,0,0,0,0,0,0,0,0,0,0,0,0,0,0,0,0,0,0,0,0,0,0,0,0,0,0,0,0,0,0,0,0,0,0,0,0,0,0,0,0,0,0,0,0,0,0,0,0,0,0,0,0,0,0,0,0,0,1,1,0,1.0,0.0,0.5,1,1,0,2,1,0,1,1,0,2,0,23,402,8424,8849,2,2,0.0434782608695652,0.0024875621890547,0.0,3,1.5,0,1,1,1,1,1,1,1
mate mateIn1 oneMove opening,b3b7 d4d1,rn2kb1r/pQ2pppp/2p2n2/8/3q2b1/8/PPP2PPP/RNB1KBNR b KQkq -,760,86,-1,-1500,-1500,34479,1,2,1000,0,0,154,2,23,910,90,0,53.0,3.0,21.0,118.0,881.0,1.0,1000,0,0,37,37,0,74,6,2,2,2,1,1,6,2,2,2,1,1,0,0,0,0,0,0,0,0,0,0,1,0,0,0,0,0,0,0,0,0,1,1,1,0,0,0,0,0,0,0,0,0,0,0,0,0,0,0,0,0,0,0,0,0,0,0,0,0,0,0,0,0,0,0,0,0,0,0,0,0,0,0,0,0,0,0,0,0,0,0,0,0,0,0,0,0,0,0.0,0.0,0.0,0,0,0,0,0,0,0,0,0,0,0,46,1547,60855,62448,0,0,0.0,0.0,0.0,0,0.0,1,1,1,1,1,1,1,1
advantage endgame long,f2e2 e5f3 e2e7 f3d4 c3d4 e8e7,k3r3/p3q3/1pp5/3pnB2/1P1Q4/1KPP4/P3R3/8 b - -,1983,74,-1,393,358,173344,1,35,1000,0,0,0,2,16,1,997,2,-44.0,3.0,16.0,0.0,974.0,26.0,1000,0,0,21,21,0,42,4,0,1,1,1,1,4,1,0,1,1,1,0,0,1,0,1,1,0,0,0,0,0,0,0,0,0,0,0,0,0,0,0,0,0,0,0,0,0,0,0,0,0,0,0,0,0,0,0,0,0,0,0,0,0,0,0,0,0,0,0,0,0,0,0,0,0,0,0,0,0,0,0,0,0,0,0,0,0,0,0,0,0,0,0,0,1,1,2,1.0,2.0,1.5,1,1,0,2,1,3,1,1,2,3,1,34,1285,44471,45790,2,4,0.0294117647058823,0.0007782101167315,4.497312855568798e-05,6,1.5,0,1,1,0,1,1,1,1
mate mateIn2 middlegame short,e1e3 f3d1 e3e1 d1e1,1R6/6pk/2p4p/3bP2r/5B1P/2P1RqP1/P4P1Q/6K1 b - -,917,94,-1,-1500,-1500,63504,1,4,1000,0,0,-352,2,22,0,0,1000,-389.0,3.0,33.0,0.0,0.0,1000.0,1000,0,0,28,20,8,48,6,0,1,2,1,1,3,0,1,1,1,1,0,0,0,1,0,0,1,0,0,0,1,1,0,0,0,0,0,0,0,0,0,0,0,0,0,0,0,0,0,0,0,0,0,0,0,0,0,0,0,0,0,0,0,0,0,0,0,0,0,0,0,0,0,0,0,0,0,0,0,0,0,0,0,0,0,0,0,0,0,0,0,0,0,0,1,1,0,1.0,0.0,0.5,1,1,0,2,2,0,1,1,0,2,0,25,607,16739,17371,2,2,0.04,0.0016474464579901,0.0,4,2.0,1,1,1,1,1,1,1,1
endgame mate mateIn2 short,e4e6 f8f4 g6g5 f4g5,5Q2/pbp3np/1p1pq1pk/1P6/P6P/6K1/8/8 w - -,1144,78,1,1500,1500,80499,1,4,1000,0,0,-837,2,22,0,0,1000,-857.0,3.0,21.0,0.0,0.0,1000.0,1000,0,0,12,21,-9,33,3,0,0,0,1,1,6,1,1,0,1,1,0,0,0,0,0,1,1,0,0,0,1,1,0,0,0,0,0,0,0,0,0,0,0,0,0,0,0,0,0,0,0,0,0,0,0,0,0,0,0,0,0,0,0,0,0,0,0,0,0,0,0,0,0,0,0,0,0,0,0,0,0,0,0,0,0,0,0,0,0,0,0,0,0,0,1,2,0,2.0,0.0,1.0,1,0,0,4,2,0,1,2,0,3,0,22,744,12610,13376,1,3,0.0454545454545454,0.0026881720430107,0.0,6,2.0,0,1,1,1,1,1,1,1
crushing endgame fork short,f6g5 c6e7 g8f7 e7f5,6k1/6pp/p1N5/1pP2bp1/5P2/8/PPP5/3K4 w - -,664,90,1,429,434,133623,1,27,1000,0,0,56,2,23,51,949,0,-23.0,3.0,29.0,0.0,994.0,6.0,1000,0,0,8,8,0,16,5,1,0,0,0,1,5,0,1,0,0,1,1,0,0,0,0,1,1,0,1,0,0,0,0,0,0,0,0,0,0,0,0,0,0,0,0,0,0,0,0,0,0,0,0,0,0,0,0,0,0,0,0,0,0,0,0,0,0,0,0,0,0,0,0,0,0,0,0,0,0,0,0,0,0,0,0,0,0,0,0,0,0,0,0,0,1,2,2,2.0,1.0,1.5,1,0,2,2,2,4,1,1,1,2,1,19,342,5816,6177,3,5,0.0526315789473684,0.0058479532163742,0.0003438789546079,8,1.6,1,1,1,1,1,1,1,1
mate mateIn2 middlegame short,f7g8 f2f8 e8f8 h6f8,3br1kr/7p/4p1pQ/P5P1/1B5P/P6q/5R2/6K1 w - -,1074,89,1,1500,1500,36829,1,4,1000,0,0,0,2,12,2,996,2,-141.0,3.0,25.0,0.0,66.0,934.0,1000,0,0,21,25,-4,46,4,0,1,1,1,1,3,0,1,2,1,1,0,0,0,1,0,0,1,0,0,0,1,1,0,0,0,0,0,0,0,0,0,0,0,0,0,0,0,0,0,0,0,0,0,0,0,0,0,0,0,0,0,0,0,0,0,0,0,0,0,0,0,0,0,0,0,0,0,0,0,0,0,0,0,0,0,0,0,0,0,0,0,0,0,0,1,1,0,1.0,0.0,0.5,1,1,0,6,1,0,1,1,0,1,0,29,561,11338,11928,2,2,0.0344827586206896,0.0017825311942959,0.0,7,3.5,1,1,1,1,1,1,1,1
endgame mate mateIn2 operaMate short,g2h1 f2f1 h1g2 f1g1,1R2R3/p7/1p1k3p/1Pb5/P5p1/6P1/5r1P/7K b - -,1245,76,-1,-1500,-1500,41099,1,4,1000,0,0,-45,2,20,0,972,28,-304.0,3.0,21.0,0.0,0.0,1000.0,1000,0,0,14,12,2,26,4,0,0,2,0,1,4,0,1,1,0,1,0,0,0,0,0,1,1,0,0,0,1,1,1,0,0,0,0,0,0,0,0,0,0,0,0,0,0,0,0,0,0,0,0,0,0,0,0,0,0,0,0,0,0,0,0,0,0,0,0,0,0,0,0,0,0,0,0,0,0,0,0,0,0,0,0,0,0,0,0,0,0,0,0,0,1,1,0,1.0,0.0,0.5,1,1,0,1,1,0,1,1,0,2,0,24,456,9332,9812,2,2,0.0416666666666666,0.0021929824561403,0.0,2,1.0,1,0,1,1,1,1,1,1
discoveredAttack endgame mate mateIn2 short,g5d8 d2f3 g1h1 c2g2,3Q4/p1p2ppp/4k3/8/5P2/4P3/Prqn2PP/3R1RK1 b - -,1620,77,-1,-1500,-1500,52318,1,4,1000,0,0,-259,2,17,0,0,1000,-308.0,3.0,26.0,0.0,0.0,1000.0,1000,0,0,24,22,2,46,5,0,0,2,1,1,5,1,0,1,1,1,0,0,0,0,0,1,1,0,0,0,1,1,0,0,0,0,0,0,0,0,0,0,0,0,0,0,1,0,0,0,0,0,0,0,0,0,0,0,0,0,0,0,0,0,0,0,0,0,0,0,0,0,0,0,0,0,0,0,0,0,0,0,0,0,0,0,0,0,0,0,0,0,0,0,1,3,0,3.0,0.0,1.5,1,0,0,2,4,0,1,3,0,4,0,38,1337,41525,42900,1,4,0.0263157894736842,0.0022438294689603,0.0,6,1.5,1,1,1,1,1,1,1,1
advantage discoveredAttack discoveredCheck exposedKing long middlegame,g2g3 g4e2 e1e2 e3c5 e2f3 c5a3,r3r1k1/1p3p1p/p1p3p1/8/6bP/Q3b1P1/PP2B3/R3K2R b KQ -,1373,77,-1,410,432,185702,1,20,1000,0,0,-10,2,27,1,996,3,-39.0,3.0,24.0,0.0,980.0,20.0,1000,0,0,26,22,4,48,4,0,1,2,1,1,6,0,2,2,0,1,0,0,1,1,1,0,0,0,0,0,0,0,0,0,0,0,0,0,1,0,0,0,0,0,0,0,1,0,0,0,0,0,0,0,0,0,0,0,0,0,0,0,0,0,0,0,0,0,0,0,0,0,1,0,0,0,0,0,0,0,0,0,0,0,0,0,0,0,0,0,0,0,0,0,1,1,3,1.0,3.0,2.0,1,1,0,2,1,7,1,1,1,2,1,42,1234,47940,49216,2,5,0.0238095238095238,0.0008103727714748,6.257822277847309e-05,10,2.0,0,1,1,1,1,1,1,1
crushing middlegame short,f3g5 f5f4 h2g2 e7g5,2r3k1/4brp1/2p3b1/2Pp1qNp/3B3P/2P5/PP3P1K/R2Q2R1 b - -,2041,84,-1,442,401,74622,1,22,1000,0,0,-50,2,23,0,947,53,-149.0,3.0,23.0,0.0,57.0,943.0,1000,0,0,31,29,2,60,6,1,1,2,1,1,4,0,2,2,1,1,1,0,0,1,0,0,1,0,0,0,0,0,0,0,0,0,0,0,0,0,0,0,0,0,0,0,0,0,0,0,0,0,0,0,0,0,0,0,0,0,0,0,0,0,0,0,0,0,0,0,0,0,0,0,0,0,0,0,0,0,0,0,0,0,0,0,0,0,0,0,0,0,0,0,1,3,4,3.0,1.3333333333333333,2.1666666666666665,1,0,2,1,4,6,1,2,2,4,1,31,1063,36164,37258,3,8,0.032258064516129,0.0028222013170272,0.000110607233713,11,1.375,0,1,1,1,1,1,1,1
bishopEndgame crushing endgame quietMove veryLong,e3d2 d3f5 e5c7 f5c8 b7b6 a5b6 c7b6 c8a6,8/1p6/p1p2p2/P3b3/1PK3P1/2PB4/3k4/8 w - -,1965,77,1,252,282,127055,1,32,1000,0,0,50,2,32,35,965,0,48.0,3.0,31.0,30.0,970.0,0.0,1000,0,0,7,7,0,14,4,0,1,0,0,1,4,0,1,0,0,1,1,0,0,0,0,1,0,0,0,0,0,0,0,0,0,0,1,0,0,0,0,0,0,0,1,0,0,0,1,0,0,0,0,0,0,0,0,0,0,0,0,0,0,0,0,0,0,0,0,0,0,0,0,0,0,0,0,0,0,0,0,0,0,0,0,0,0,0,0,0,0,0,0,0,1,2,4,2.0,2.0,2.0,1,0,1,2,4,9,1,1,1,1,1,12,203,2527,2742,2,7,0.0833333333333333,0.0098522167487684,0.001582904629996,15,2.142857142857143,0,0,0,0,1,1,1,1
crushing endgame short,c3d2 e7e5 e1e5 e8e5,4r1k1/pp1qr1p1/7p/2pPR3/2P2p2/1P3P2/P2Q2PP/4R1K1 b - -,876,100,-1,450,469,262728,1,31,1000,0,0,-396,2,24,0,0,1000,-397.0,3.0,29.0,0.0,0.0,1000.0,1000,0,0,26,25,1,51,7,0,0,2,1,1,6,0,0,2,1,1,1,0,0,0,0,1,1,0,0,0,0,0,0,0,0,0,0,0,0,0,0,0,0,0,0,0,0,0,0,0,0,0,0,0,0,0,0,0,0,0,0,0,0,0,0,0,0,0,0,0,0,0,0,0,0,0,0,0,0,0,0,0,0,0,0,0,0,0,0,0,0,0,0,0,1,1,26,1.0,26.0,13.5,1,1,0,2,2,39,1,1,4,4,1,31,1234,39508,40773,2,28,0.032258064516129,0.0008103727714748,0.0006580945631264,43,1.5357142857142858,0,1,1,1,1,1,1,1
kingsideAttack master mate mateIn1 middlegame oneMove smotheredMate,d3c5 e4f2,2rq1rk1/1p3p1p/p1pn2p1/P1Np4/1P1PnP2/4P3/5PBP/R1Q3RK b - -,673,82,-1,-1500,-1500,54354,1,2,1000,0,0,18,2,22,12,986,2,4.0,3.0,20.0,6.0,990.0,4.0,1000,0,0,32,32,0,64,7,1,1,2,1,1,7,2,0,2,1,1,0,0,0,1,0,0,0,0,0,0,1,0,0,1,0,1,0,0,0,0,1,1,0,0,0,0,0,0,0,0,0,0,1,0,0,0,0,0,0,0,0,0,0,0,0,0,0,0,0,0,0,0,0,0,0,0,0,0,0,0,0,0,0,0,0,0,0,0,0,0,0,0,0,0,0,0,0,0.0,0.0,0.0,0,0,0,0,0,0,0,0,0,0,0,33,1063,35797,36893,0,0,0.0,0.0,0.0,0,0.0,1,1,1,1,1,1,1,1
crushing endgame short skewer,e1c3 h7h8 f6e6 h8c3,8/7Q/3p1kp1/1p6/2b5/2q4P/5PPK/8 w - -,1164,76,1,597,582,118180,1,30,1000,0,0,-425,2,17,0,0,1000,-462.0,3.0,21.0,0.0,0.0,1000.0,1000,0,0,12,15,-3,27,3,0,0,0,1,1,3,0,1,0,1,1,1,0,0,0,0,1,1,0,0,0,0,0,0,0,0,0,0,0,0,1,0,0,0,0,0,0,0,0,0,0,0,0,0,0,0,0,0,0,0,0,0,0,0,0,0,0,0,0,0,0,0,0,0,0,0,0,0,0,0,0,0,0,0,0,0,0,0,0,0,0,0,0,0,0,1,5,8,5.0,1.6,3.3,1,0,3,1,5,30,1,1,2,3,1,20,478,9330,9828,4,14,0.05,0.0104602510460251,0.0008574490889603,36,2.571428571428572,1,1,1,1,1,1,1,1
advantage discoveredAttack middlegame short,c7c5 f5h6 g7h6 h5c5,r4rk1/5ppp/p3bp2/2q2N1Q/Ppp5/8/1PP2PPP/R2R2K1 w - -,1545,75,1,555,553,232898,1,34,1000,0,0,20,2,19,9,990,1,-187.0,3.0,24.0,0.0,5.0,995.0,1000,0,0,28,29,-1,57,6,1,0,2,1,1,7,0,1,2,1,1,0,0,0,1,1,0,1,0,0,0,0,0,0,0,0,0,0,0,0,0,0,0,0,0,0,0,1,0,0,0,0,0,0,0,0,0,0,0,0,0,0,0,0,0,0,0,0,0,0,0,0,0,0,0,0,0,0,0,0,0,0,0,0,0,0,0,0,0,0,0,0,0,0,0,1,1,1,1.0,1.0,1.0,1,1,1,2,1,5,1,1,1,3,1,42,1363,55648,57053,3,3,0.0238095238095238,0.0007336757153338,1.79700977573318e-05,8,2.6666666666666665,1,1,1,1,1,1,1,1
mate mateIn1 middlegame oneMove,e8e7 h8d8,rn5Q/4kp2/2p1p1r1/1q4p1/8/8/4NPPP/3R1K1R w - -,891,113,1,1500,1500,83832,1,2,1000,0,0,102,2,18,537,463,0,64.0,3.0,27.0,93.0,907.0,0.0,1000,0,0,25,26,-1,51,3,1,0,2,1,1,4,1,0,2,1,1,0,0,0,1,0,0,0,0,0,0,1,0,0,0,0,0,0,0,0,0,1,1,0,0,0,0,0,0,0,0,0,0,0,0,0,0,0,0,0,0,0,0,0,0,0,0,0,0,0,0,0,0,0,0,0,0,0,0,0,0,0,0,0,0,0,0,0,0,0,0,0,0,0,0,0,0,0,0.0,0.0,0.0,0,0,0,0,0,0,0,0,0,0,0,38,1161,40817,42016,0,0,0.0,0.0,0.0,0,0.0,1,1,1,1,1,1,1,1
advantage endgame long,h4h5 a4a3 g3a3 a8a3 e7e8 h8h7,r6k/3NR1p1/4n2p/5b1P/p7/6R1/8/6K1 b - -,1358,78,-1,392,422,222545,1,33,1000,0,0,27,2,19,9,991,0,14.0,3.0,25.0,4.0,995.0,1.0,1000,0,0,14,14,0,28,1,1,0,2,0,1,3,1,1,1,0,1,0,0,1,0,1,1,0,0,0,0,0,0,0,0,0,0,0,0,0,0,0,0,0,0,0,0,0,0,0,0,0,0,0,0,0,0,0,0,0,0,0,0,0,0,0,0,0,0,0,0,0,0,0,0,0,0,0,0,0,0,0,0,0,0,0,0,0,0,0,0,0,0,0,0,1,8,25,8.0,3.125,5.5625,1,0,2,1,15,44,1,3,5,5,1,29,805,21241,22075,3,34,0.0344827586206896,0.0099378881987577,0.0011769690692528,60,1.7647058823529411,0,0,1,1,1,1,1,1
advancedPawn advantage endgame long,b7b6 b1b6 c4b6 a4a3 b6d7 a3a2,6k1/8/1R2p1pp/4P3/p1N2P2/6PK/7P/1r6 b - -,866,109,-1,472,505,187184,1,41,1000,0,0,-420,2,19,0,0,1000,-433.0,3.0,15.0,0.0,0.0,1000.0,1000,0,0,12,9,3,21,4,1,0,1,0,1,4,0,0,1,0,1,0,0,1,0,1,1,0,0,0,0,0,0,0,0,0,0,0,0,0,0,0,0,0,0,0,0,0,0,0,0,0,0,0,1,0,0,0,0,0,0,0,0,0,0,0,0,0,0,0,0,0,0,0,0,0,0,0,0,0,0,0,0,0,0,0,0,0,0,0,0,0,0,0,0,1,3,32,3.0,10.666666666666666,6.833333333333333,1,0,1,5,4,54,1,2,3,4,1,20,416,7258,7694,2,36,0.05,0.0072115384615384,0.0044089280793607,63,1.75,0,1,1,1,1,1,1,1
advantage long middlegame,d8b6 d3c4 f3d5 c4d5 e6d5 h6f6,5k2/1p4r1/pb2qp1Q/8/8/3B1bP1/PP3P1P/2R3K1 w - -,2438,79,1,444,440,108238,1,19,1000,0,0,0,2,28,2,996,2,-67.0,3.0,30.0,0.0,896.0,104.0,1000,0,0,22,23,-1,45,5,0,1,1,1,1,3,0,2,1,1,1,0,0,1,1,1,0,0,0,0,0,0,0,0,0,0,0,0,0,0,0,0,0,0,0,0,0,0,0,0,0,0,0,0,0,0,0,0,0,0,0,0,0,0,0,0,0,0,0,0,0,0,0,0,0,0,0,0,0,0,0,0,0,0,0,0,0,0,0,0,0,0,0,0,0,1,1,1,1.0,1.0,1.0,1,1,1,1,2,2,1,1,1,1,1,43,1746,67094,68883,3,3,0.0232558139534883,0.0005727376861397,1.4904462396041376e-05,5,1.6666666666666667,0,1,1,1,1,1,1,1
crushing opening short,d7e6 d4a4 d8d7 d1d7,br1qkb1r/p1p2ppp/4pn2/6B1/3Qn3/5NP1/P3PPBP/RN1R2K1 w k -,1761,76,1,481,486,176114,1,29,1000,0,0,34,2,32,51,946,3,-1.0,3.0,23.0,12.0,976.0,12.0,1000,0,0,36,37,-1,73,5,2,2,2,1,1,6,2,2,2,1,1,1,0,0,0,0,0,1,0,0,0,0,0,0,0,0,0,0,0,0,0,0,0,1,0,0,0,0,0,0,0,0,0,0,0,0,0,0,0,0,0,0,0,0,0,0,0,0,0,0,0,0,0,0,0,0,0,0,0,0,0,0,0,0,0,0,0,0,0,0,0,0,0,0,0,1,2,2,2.0,1.0,1.5,1,0,2,3,3,9,1,2,2,4,1,48,1998,93972,96018,3,5,0.0208333333333333,0.001001001001001,2.128293534244243e-05,15,3.0,0,1,1,1,1,1,1,1
advantage defensiveMove long middlegame,g2g1 h1g1 b6g1 b5f1 g6c2 c1f4,5kr1/pp3p1p/1q2pBb1/1B1p4/P7/5P2/1P5P/2Q1K1rR w K -,2115,132,1,220,368,71284,1,35,1000,0,0,-68,2,36,0,880,120,-406.0,3.0,21.0,0.0,0.0,1000.0,1000,0,0,24,28,-4,52,4,0,2,1,1,1,6,0,1,2,1,1,0,0,1,1,1,0,0,0,0,0,0,0,0,0,0,0,0,0,0,0,0,0,0,0,0,0,0,0,0,0,0,0,0,0,0,0,0,0,0,0,0,0,1,0,0,0,0,0,0,0,0,0,0,0,0,0,0,0,0,0,0,0,0,0,0,0,0,0,0,0,0,0,0,0,1,1,1,1.0,1.0,1.0,1,1,1,1,1,1,1,1,1,3,1,4,129,4376,4509,3,3,0.25,0.0077519379844961,0.0002285191956124,3,1.0,0,1,0,1,1,1,1,1
advancedPawn clearance crushing endgame long promotion rookEndgame,h4h3 b8f8 f6e7 b7b8q b1b8 f8b8,1R6/1P6/4pkp1/5p2/3P4/3KP2p/8/1r6 w - -,1015,80,1,312,306,53666,1,25,1000,0,0,-160,2,21,0,18,982,-214.0,3.0,19.0,0.0,1.0,999.0,1000,0,0,8,9,-1,17,3,0,0,1,0,1,4,0,0,1,0,1,1,0,1,0,0,1,0,1,0,0,0,0,0,0,0,0,0,0,0,0,0,0,0,0,0,0,0,0,0,0,0,0,0,1,0,1,0,0,0,0,0,0,0,0,0,0,1,0,0,0,0,0,0,0,0,0,0,0,0,0,0,0,0,0,0,0,0,0,0,0,0,0,0,0,0,0,0,0.0,0.0,0.0,0,0,0,0,0,0,0,0,0,0,0,14,277,4552,4843,0,0,0.0,0.0,0.0,0,0.0,1,1,1,1,1,1,1,1
crushing fork long middlegame,d1c2 d4e2 g1h1 e2g3 f2g3 d8d2,3r1rk1/1p2q1pp/5p2/8/1P1n4/6Q1/PPBB1PPP/R4RK1 b - -,1033,75,-1,457,465,1241984,1,43,1000,0,0,-367,2,21,0,0,1000,-467.0,3.0,19.0,0.0,0.0,1000.0,1000,0,0,31,26,5,57,6,0,2,2,1,1,4,1,0,2,1,1,1,0,1,1,0,0,0,0,1,0,0,0,0,0,0,0,0,0,0,0,0,0,0,0,0,0,0,0,0,0,0,0,0,0,0,0,0,0,0,0,0,0,0,0,0,0,0,0,0,0,0,0,0,0,0,0,0,0,0,0,0,0,0,0,0,0,0,0,0,0,0,0,0,0,1,1,1,1.0,1.0,1.0,1,1,1,2,1,2,1,1,1,2,1,39,1811,67209,69059,3,3,0.0256410256410256,0.0005521811154058,1.4878959663140352e-05,5,1.6666666666666667,0,1,1,1,1,1,1,1
crushing endgame short,e8e4 d1d8 g8h7 f3g5,6k1/pp3pp1/2p5/7b/4r2P/2P2N2/PP4K1/3R4 w - -,804,104,1,523,535,206948,1,29,1000,0,0,-178,2,26,0,6,994,-179.0,3.0,18.0,0.0,6.0,994.0,1000,0,0,12,13,-1,25,4,1,0,1,0,1,5,0,1,1,0,1,1,0,0,0,0,1,1,0,0,0,0,0,0,0,0,0,0,0,0,0,0,0,0,0,0,0,0,0,0,0,0,0,0,0,0,0,0,0,0,0,0,0,0,0,0,0,0,0,0,0,0,0,0,0,0,0,0,0,0,0,0,0,0,0,0,0,0,0,0,0,0,0,0,0,1,1,1,1.0,1.0,1.0,1,1,1,7,1,2,1,1,1,3,1,33,931,24418,25382,3,3,0.0303030303030303,0.0010741138560687,4.095339503644852e-05,10,3.333333333333333,1,1,1,1,1,1,1,1
advancedPawn advantage endgame long rookEndgame,a4a3 a6a7 d3d8 e2e3 a3a2 e3a3,8/2p1pk1p/Pp4p1/8/2P2P2/p2r2P1/3PR2P/3K4 w - -,2235,76,1,290,283,357385,1,40,1000,0,0,-162,2,29,0,17,983,-170.0,3.0,27.0,0.0,10.0,990.0,1000,0,0,11,11,0,22,6,0,0,1,0,1,6,0,0,1,0,1,0,0,1,0,1,1,0,1,0,0,0,0,0,0,0,0,0,0,0,0,0,0,0,0,0,0,0,0,0,0,0,0,0,1,0,0,0,0,0,0,0,0,0,0,0,0,0,0,0,0,0,0,0,0,0,0,0,0,0,0,0,0,0,0,0,0,0,0,0,0,0,0,0,0,0,0,0,0.0,0.0,0.0,0,0,0,0,0,0,0,0,0,0,0,17,403,7091,7511,0,0,0.0,0.0,0.0,0,0.0,0,1,1,1,1,1,1,1
crushing endgame short,c2a2 h6g6 g3f2 g6g2,8/1bpp2k1/1p5r/1P2P3/3P1P2/2P1n1K1/Q5P1/8 b - -,1735,75,-1,530,516,107308,1,22,1000,0,0,0,2,24,2,996,2,0.0,3.0,23.0,2.0,996.0,2.0,1000,0,0,15,14,1,29,6,0,0,0,1,1,3,1,1,1,0,1,1,0,0,0,0,1,1,0,0,0,0,0,0,0,0,0,0,0,0,0,0,0,0,0,0,0,0,0,0,0,0,0,0,0,0,0,0,0,0,0,0,0,0,0,0,0,0,0,0,0,0,0,0,0,0,0,0,0,0,0,0,0,0,0,0,0,0,0,0,0,0,0,0,0,1,2,16,2.0,8.0,5.0,1,0,0,1,2,40,1,1,5,5,1,36,792,24798,25626,1,19,0.0277777777777777,0.0025252525252525,0.0006452133236551,43,2.263157894736842,1,1,1,1,1,1,1,1
crushing discoveredAttack discoveredCheck endgame long master,h2h3 d8d3 g2g3 d3g3 h3h2 g3c3,3r4/4kp1p/1PQ1p1p1/p3b3/1p2P2P/1P5K/6P1/8 b - -,1264,75,-1,864,917,978487,1,49,1000,0,0,-153,2,19,0,31,969,-164.0,3.0,23.0,0.0,16.0,984.0,1000,0,0,14,14,0,28,5,0,0,0,1,1,6,0,1,1,0,1,1,0,1,0,0,1,0,0,0,0,0,0,0,1,0,0,0,0,0,0,0,0,0,0,0,0,1,0,0,0,0,0,0,0,0,0,0,0,0,0,0,0,0,0,0,0,0,0,0,0,0,0,1,0,0,0,0,0,0,0,0,0,0,0,0,0,0,0,0,0,0,0,0,0,1,1,1,1.0,1.0,1.0,1,1,1,5,1,1,1,1,1,2,1,35,739,17213,17987,3,3,0.0285714285714285,0.0013531799729364,5.8095625399407424e-05,7,2.333333333333333,1,0,0,1,1,1,1,1
advancedPawn bishopEndgame crushing endgame short,f4g3 a5a6 b3c4 a6a7,8/8/2B2p1p/P4Pp1/3p2P1/1b1Pb1kP/8/4K3 w - -,1086,79,1,407,407,271102,1,40,1000,0,0,-419,2,23,0,0,1000,-424.0,3.0,27.0,0.0,0.0,1000.0,1000,0,0,8,10,-2,18,5,0,1,0,0,1,4,0,2,0,0,1,1,0,0,0,0,1,1,0,0,0,0,0,0,0,0,0,0,0,0,0,0,0,0,0,0,0,0,0,1,0,0,0,0,1,0,0,0,0,0,0,0,0,0,0,0,0,0,0,0,0,0,0,0,0,0,0,0,0,0,0,0,0,0,0,0,0,0,0,0,0,0,0,0,0,1,7,43,7.0,6.142857142857143,6.571428571428571,1,0,2,1,7,77,1,3,3,3,1,15,293,3449,3757,3,51,0.0666666666666666,0.0238907849829351,0.0124673818498115,85,1.6666666666666667,1,1,1,1,1,1,1,1
master mate mateIn1 middlegame oneMove,f6h8 a7f7,2r3kq/Q7/8/1brpN3/5Pp1/4P1P1/6K1/1B6 w - -,1026,76,1,1500,1500,484485,1,2,1000,0,0,-595,2,33,0,0,1000,-604.0,3.0,36.0,0.0,0.0,1000.0,1000,0,0,18,24,-6,42,3,1,1,0,1,1,2,0,1,2,1,1,0,0,0,1,0,0,0,0,0,0,1,0,0,1,0,0,0,0,0,0,1,1,0,0,0,0,0,0,0,0,0,0,0,0,0,0,0,0,0,0,0,0,0,0,0,0,0,0,0,0,0,0,0,0,0,0,0,0,0,0,0,0,0,0,0,0,0,0,0,0,0,0,0,0,0,0,0,0.0,0.0,0.0,0,0,0,0,0,0,0,0,0,0,0,36,1110,32282,33428,0,0,0.0,0.0,0.0,0,0.0,1,1,1,1,1,1,1,1
advantage clearance long master middlegame trappedPiece,e4a8 c8b7 a8a7 f8a8 a7a8 b7a8,Q1b2rk1/2q2p1p/1p2pbp1/pP6/2P5/P2B1N2/5PPP/3R1RK1 b - -,1275,81,-1,161,175,349480,1,43,988,12,0,-451,2,25,0,0,1000,-464.0,3.0,23.0,0.0,0.0,1000.0,999,1,0,31,26,5,57,6,1,1,2,1,1,6,0,2,1,1,1,0,0,1,1,1,0,0,0,0,0,0,0,0,1,0,0,0,0,0,0,0,0,0,0,0,0,0,0,0,0,0,0,0,0,0,0,0,0,0,0,0,0,0,0,0,0,1,0,0,0,1,0,0,0,0,0,0,0,0,0,0,0,0,0,0,0,0,0,0,0,0,0,0,0,0,0,0,0.0,0.0,0.0,0,0,0,0,0,0,0,0,0,0,0,37,1224,43379,44640,0,0,0.0,0.0,0.0,0,0.0,1,1,1,1,1,0,1,1
crushing middlegame short,g8h6 c1f4 f5f4 g3f4,1k5r/pp1r1ppp/4p2n/1Nb2q2/2Pp4/6P1/PP3P1P/R1BQR1K1 w - -,1125,78,1,357,340,456047,1,33,1000,0,0,-41,2,28,0,962,38,-75.0,3.0,28.0,0.0,800.0,200.0,1000,0,0,31,32,-1,63,6,1,1,2,1,1,7,1,1,2,1,1,1,0,0,1,0,0,1,0,0,0,0,0,0,0,0,0,0,0,0,0,0,0,0,0,0,0,0,0,0,0,0,0,0,0,0,0,0,0,0,0,0,0,0,0,0,0,0,0,0,0,0,0,0,0,0,0,0,0,0,0,0,0,0,0,0,0,0,0,0,0,0,0,0,0,1,2,3,2.0,1.5,1.75,1,0,1,3,2,7,1,2,2,5,1,40,1678,65581,67299,2,6,0.025,0.00119189511323,4.574495661853281e-05,12,2.0,1,1,1,1,1,1,1,1
advantage middlegame short,b5d7 c3c2 d7c8 c2d2,2r3k1/p2B1pbp/1p2pnp1/n2p4/3P4/1Pr1P2P/P1QB1PP1/2R2RK1 b - -,1704,76,-1,258,237,135374,1,33,1000,0,0,-539,2,24,0,0,1000,-655.0,3.0,19.0,0.0,0.0,1000.0,1000,0,0,32,26,6,58,7,0,2,2,1,1,7,2,1,2,0,1,0,0,0,1,1,0,1,0,0,0,0,0,0,0,0,0,0,0,0,0,0,0,0,0,0,0,0,0,0,0,0,0,0,0,0,0,0,0,0,0,0,0,0,0,0,0,0,0,0,0,0,0,0,0,0,0,0,0,0,0,0,0,0,0,0,0,0,0,0,0,0,0,0,0,1,1,1,1.0,1.0,1.0,1,1,1,1,1,1,1,1,1,2,1,37,1247,44286,45570,3,3,0.027027027027027,0.0008019246190858,2.2580499480648516e-05,3,1.0,1,1,1,1,1,1,1,1
advantage deflection endgame short,g1c5 b7d7 d6d7 b4c5,8/1R6/p1pk4/2q3bp/1QP5/P7/KP6/3r4 w - -,1035,92,1,337,396,284320,1,39,1000,0,0,-234,2,23,0,0,1000,-276.0,3.0,31.0,0.0,0.0,1000.0,1000,0,0,17,20,-3,37,3,0,0,1,1,1,3,0,1,1,1,1,0,0,0,0,1,1,1,0,0,0,0,0,0,0,0,0,0,0,0,0,0,0,0,0,0,0,0,0,0,0,1,0,0,0,0,0,0,0,0,0,0,0,0,0,0,0,0,0,0,0,0,0,0,0,0,0,0,0,0,0,0,0,0,0,0,0,0,0,0,0,0,0,0,0,1,1,1,1.0,1.0,1.0,1,1,1,2,1,1,1,1,1,3,1,22,580,13190,13792,3,3,0.0454545454545454,0.0017241379310344,7.581501137225171e-05,4,1.3333333333333333,1,1,1,1,1,1,1,1
crushing intermezzo middlegame veryLong,f2f7 c3e3 g1h1 f8f7 a7a8 g8g7 f1f7 g7f7 a8e8 f7f6,5rk1/Q2B1R1p/4p1p1/3p4/3N2b1/2q5/Pr4PP/5RK1 b - -,2236,95,-1,382,569,329840,1,20,1000,0,0,0,2,13,2,996,2,-235.0,3.0,49.0,0.0,0.0,1000.0,1000,0,0,28,26,2,54,3,1,1,2,1,1,4,0,1,2,1,1,1,0,0,1,0,0,0,0,0,0,0,0,0,0,0,0,1,0,0,0,0,0,0,0,0,0,0,0,0,0,0,0,0,0,0,0,0,0,0,0,0,0,0,0,0,0,0,1,0,0,0,0,0,0,0,0,0,0,0,0,0,0,0,0,0,0,0,0,0,0,0,0,0,0,1,1,1,1.0,1.0,1.0,1,1,1,2,5,1,1,1,1,2,1,49,2215,100046,102310,3,3,0.0204081632653061,0.000451467268623,9.995402115027087e-06,8,2.6666666666666665,1,1,0,1,1,1,1,1
backRankMate deflection long mate mateIn3 middlegame,c4d5 e8e1 d2d1 d6f4 c1b1 e1d1,2k1r3/pppn1pp1/3b2b1/3B2Pp/5P2/3P3P/PPPR4/2K3NR b - -,1468,92,-1,-1500,-1500,79554,1,6,1000,0,0,75,2,25,162,838,0,0.0,3.0,30.0,2.0,997.0,1.0,1000,0,0,23,20,3,43,7,1,1,2,0,1,6,1,2,1,0,1,0,0,1,1,0,0,0,0,0,0,1,0,0,0,0,0,0,0,0,0,0,0,0,0,0,1,0,0,0,0,1,0,0,0,0,0,1,0,0,0,0,0,0,0,0,0,0,0,0,0,0,0,0,0,0,0,0,0,0,0,0,0,0,0,0,0,0,0,0,0,0,0,0,0,1,1,1,1.0,1.0,1.0,1,1,1,7,1,2,1,1,1,2,0,39,1060,37124,38223,3,3,0.0256410256410256,0.000943396226415,2.6936752505117983e-05,10,3.333333333333333,1,1,1,1,1,1,1,1
advantage clearance long middlegame,c3d5 g5f4 d5f4 d8g5 d2d1 g5f4,r2q1r2/1n4pk/p6p/1ppN1pb1/3n1B2/P2PN2P/1PPQ1PP1/R3R1K1 b - -,1762,75,-1,308,307,527540,1,43,1000,0,0,-61,2,21,0,868,132,-90.0,3.0,24.0,0.0,617.0,383.0,1000,0,0,35,34,1,69,7,2,1,2,1,1,6,2,1,2,1,1,0,0,1,1,1,0,0,0,0,0,0,0,0,0,0,0,0,0,0,0,0,0,0,0,0,0,0,0,0,0,0,0,0,0,0,0,0,0,0,0,0,0,0,0,0,0,1,0,0,0,0,0,0,0,0,0,0,0,0,0,0,0,0,0,0,0,0,0,0,0,0,0,0,0,1,1,1,1.0,1.0,1.0,1,1,1,1,2,3,1,1,1,3,1,39,1660,65805,67504,3,3,0.0256410256410256,0.0006024096385542,1.5196413646379454e-05,6,2.0,0,1,1,1,1,1,1,1
advantage endgame short,e7d7 d3f5 f2f5 e5f5,r5r1/pp1k1p2/2p5/3pQ3/3P4/2NB4/PPP2q2/1K6 w - -,943,83,1,416,424,525401,1,39,1000,0,0,-180,2,19,0,6,994,-254.0,3.0,22.0,0.0,0.0,1000.0,1000,0,0,19,24,-5,43,4,1,1,0,1,1,5,0,0,2,1,1,0,0,0,0,1,1,1,0,0,0,0,0,0,0,0,0,0,0,0,0,0,0,0,0,0,0,0,0,0,0,0,0,0,0,0,0,0,0,0,0,0,0,0,0,0,0,0,0,0,0,0,0,0,0,0,0,0,0,0,0,0,0,0,0,0,0,0,0,0,0,0,0,0,0,1,1,1,1.0,1.0,1.0,1,1,1,2,1,1,1,1,1,3,1,41,1454,49062,50557,3,3,0.024390243902439,0.0006877579092159,2.0382373323549797e-05,4,1.3333333333333333,1,1,1,1,1,1,1,1
advancedPawn crushing endgame short,d3e3 h6h7 e3e1 g1h2,8/4bkp1/R6P/4p3/Pp2P3/1P2r3/6P1/6K1 w - -,1675,80,1,514,545,74314,1,30,1000,0,0,-256,2,16,0,0,1000,-328.0,3.0,21.0,0.0,0.0,1000.0,1000,0,0,10,11,-1,21,5,0,0,1,0,1,3,0,1,1,0,1,1,0,0,0,0,1,1,0,0,0,0,0,0,0,0,0,0,0,0,0,0,0,0,0,0,0,0,0,0,0,0,0,0,1,0,0,0,0,0,0,0,0,0,0,0,0,0,0,0,0,0,0,0,0,0,0,0,0,0,0,0,0,0,0,0,0,0,0,0,0,0,0,0,0,1,1,1,1.0,1.0,1.0,1,1,1,1,1,1,1,1,1,2,1,18,371,6113,6502,3,3,0.0555555555555555,0.0026954177897574,0.0001635858007524,3,1.0,0,1,1,1,1,1,1,1
crushing endgame long quietMove,h5g4 f7g7 g4h4 h6d2 e8e1 d2e1,4r3/1p3R1p/1pb2R1B/8/6k1/8/r6P/6K1 w - -,2658,94,1,518,561,419782,1,44,1000,0,0,-61,2,18,0,924,76,-142.0,3.0,36.0,0.0,63.0,937.0,1000,0,0,14,16,-2,30,1,0,1,2,0,1,3,0,1,2,0,1,1,0,1,0,0,1,0,0,0,0,0,0,0,0,0,0,0,0,0,0,0,0,0,0,1,0,0,0,0,0,0,0,0,0,0,0,0,0,0,0,0,0,0,0,0,0,0,0,0,0,0,0,0,0,0,0,0,0,0,0,0,0,0,0,0,0,0,0,0,0,0,0,0,0,0,0,0,0.0,0.0,0.0,0,0,0,0,0,0,0,0,0,0,0,26,878,23781,24685,0,0,0.0,0.0,0.0,0,0.0,0,0,1,1,1,1,1,1
attackingF2F7 mate mateIn1 middlegame oneMove,f1d3 h4f2,r4rk1/pbp3pp/1p1pp3/6B1/2PPp2q/3BP2P/PP3P2/R2QK1R1 b Q -,830,130,-1,-1500,-1500,104819,1,2,1000,0,0,-290,2,30,0,0,1000,-364.0,3.0,30.0,0.0,0.0,1000.0,1000,0,0,32,30,2,62,7,0,2,2,1,1,8,0,1,2,1,1,0,0,0,1,0,0,0,0,0,0,1,0,0,0,0,0,0,0,0,0,1,1,0,0,0,0,0,0,0,0,0,0,0,0,0,0,0,0,0,0,0,0,0,0,1,0,0,0,0,0,0,0,0,0,0,0,0,0,0,0,0,0,0,0,0,0,0,0,0,0,0,0,0,0,0,0,0,0.0,0.0,0.0,0,0,0,0,0,0,0,0,0,0,0,39,1408,53562,55009,0,0,0.0,0.0,0.0,0,0.0,1,1,1,1,1,1,1,1
crushing endgame short,d7d8q f6d8 c8d8 d3c4,2KQ4/8/5b2/p1B5/P7/3k4/6p1/8 b - -,1431,76,-1,443,529,696745,1,49,1000,0,0,-709,2,17,0,0,1000,-774.0,3.0,26.0,0.0,0.0,1000.0,1000,0,0,13,5,8,18,1,0,1,0,1,1,2,0,1,0,0,1,1,0,0,0,0,1,1,0,0,0,0,0,0,0,0,0,0,0,0,0,0,0,0,0,0,0,0,0,0,0,0,0,0,0,0,0,0,0,0,0,0,0,0,0,0,0,0,0,0,0,0,0,0,0,0,0,0,0,0,0,0,0,0,0,0,0,0,0,0,0,0,0,0,0,1,1,1,1.0,1.0,1.0,1,1,1,2,1,1,1,1,1,2,1,7,197,3127,3331,3,3,0.1428571428571428,0.0050761421319796,0.0003197953309881,4,1.3333333333333333,0,1,1,1,1,1,1,1
crushing master masterVsMaster middlegame short,g1h1 e7e3 f3e3 d4e3,1rb2r1k/4q2p/p2p4/3B1p2/1pPb4/1P2NQ2/P5PP/2R2R1K b - -,1643,75,-1,385,395,188919,1,25,1000,0,0,16,2,21,8,991,1,2.0,3.0,20.0,4.0,993.0,3.0,1000,0,0,30,30,0,60,5,1,1,2,1,1,5,0,2,2,1,1,1,0,0,1,0,0,1,0,0,0,0,0,0,1,0,0,0,0,0,0,0,0,0,0,0,0,0,0,0,0,0,0,0,0,0,0,0,1,0,0,0,0,0,0,0,0,0,0,0,0,0,0,0,0,0,0,0,0,0,0,0,0,0,0,0,0,0,0,0,0,0,0,0,0,1,1,13,1.0,13.0,7.0,1,1,0,4,2,25,1,1,4,4,1,42,1619,64884,66545,2,15,0.0238095238095238,0.0006176652254478,0.0002003575611861,31,2.066666666666667,0,1,1,1,1,1,1,1
crushing endgame hangingPiece long,d3f5 f6f5 e6e7 d8e7 d7d8q e7d8,3b4/3P4/pp2Pk2/5Q2/P6p/8/8/7K b - -,1277,136,-1,575,633,71603,1,29,1000,0,0,-792,2,26,0,0,1000,-997.0,3.0,19.0,0.0,0.0,1000.0,1000,0,0,12,6,6,18,3,0,0,0,1,1,3,0,1,0,0,1,1,1,1,0,0,1,0,0,0,0,0,0,0,0,0,0,0,0,0,0,0,0,0,0,0,0,0,0,0,0,0,0,0,0,0,0,0,0,0,0,0,0,0,0,0,0,0,0,0,0,0,0,0,0,0,0,0,0,0,0,0,0,0,0,0,0,0,0,0,0,0,0,0,0,1,1,15,1.0,15.0,8.0,1,1,0,1,1,18,1,1,3,3,1,3,58,468,529,2,17,0.3333333333333333,0.0172413793103448,0.032051282051282,20,1.1764705882352942,1,1,1,1,1,1,1,1
advancedPawn crushing endgame long master promotion,a3a2 b3c5 d6c5 f4b8 a2a1q g7g8q,1r6/p2kp1P1/3p4/2pP4/2P2B2/1N6/p4PK1/8 w - -,1429,75,1,453,509,419729,1,43,1000,0,0,-160,2,25,0,19,981,-225.0,3.0,32.0,0.0,0.0,1000.0,1000,0,0,10,10,0,20,4,1,1,0,0,1,5,0,0,1,0,1,1,0,1,0,0,1,0,0,0,0,0,0,0,1,0,0,0,0,0,0,0,0,0,0,0,0,0,0,0,0,0,0,0,1,0,1,0,0,0,0,0,0,0,0,0,0,0,0,0,0,0,0,0,0,0,0,0,0,0,0,0,0,0,0,0,0,0,0,0,0,0,0,0,0,1,1,1,1.0,1.0,1.0,1,1,1,2,1,1,1,1,1,3,1,27,626,15568,16221,3,3,0.037037037037037,0.0015974440894568,6.423432682425488e-05,4,1.3333333333333333,1,0,1,1,1,1,1,1
advantage fork hangingPiece middlegame short,d8d5 c6e7 g8h8 e7d5,r4rk1/1Q2bppp/p1N1p3/1p1q4/2pP1n2/2P5/PP3PPP/R4RK1 w - -,1135,76,1,540,533,222705,1,32,1000,0,0,-428,2,19,0,0,1000,-544.0,3.0,15.0,0.0,0.0,1000.0,1000,0,0,29,32,-3,61,7,1,0,2,1,1,7,1,1,2,1,1,0,1,0,1,1,0,1,0,1,0,0,0,0,0,0,0,0,0,0,0,0,0,0,0,0,0,0,0,0,0,0,0,0,0,0,0,0,0,0,0,0,0,0,0,0,0,0,0,0,0,0,0,0,0,0,0,0,0,0,0,0,0,0,0,0,0,0,0,0,0,0,0,0,0,1,1,1,1.0,1.0,1.0,1,1,1,2,1,2,1,1,1,2,1,35,1542,50684,52261,3,3,0.0285714285714285,0.0006485084306095,1.9730092336832136e-05,5,1.6666666666666667,0,1,1,1,1,1,1,1
advantage long middlegame,f8c8 c7c8 d7c8 c1a2 b1d1 e1d1,2r3k1/p1Rb1ppp/2n1pn2/8/8/2P3P1/q4PBP/1rNQK2R w K -,2434,98,1,247,258,680504,1,45,1000,0,0,-422,2,22,0,0,1000,-424.0,3.0,20.0,0.0,0.0,1000.0,1000,0,0,29,33,-4,62,4,1,1,2,1,1,5,2,1,2,1,1,0,0,1,1,1,0,0,0,0,0,0,0,0,0,0,0,0,0,0,0,0,0,0,0,0,0,0,0,0,0,0,0,0,0,0,0,0,0,0,0,0,0,0,0,0,0,0,0,0,0,0,0,0,0,0,0,0,0,0,0,0,0,0,0,0,0,0,0,0,0,0,0,0,0,1,1,1,1.0,1.0,1.0,1,1,1,1,1,2,1,1,1,3,1,38,1811,62889,64738,3,3,0.0263157894736842,0.0005521811154058,1.5901031976975307e-05,4,1.3333333333333333,1,1,1,1,1,1,1,1
advantage master middlegame short trappedPiece,a8d8 d2b1 a3a4 d1a4,3r1rk1/pp2bppp/2ppnn2/8/N1P1P3/q1P4P/P2N2PB/R2Q1R1K w - -,1469,77,1,386,356,481041,1,38,1000,0,0,33,2,21,37,961,2,-36.0,3.0,23.0,1.0,957.0,42.0,1000,0,0,34,35,-1,69,6,2,1,2,1,1,7,2,1,2,1,1,0,0,0,1,1,0,1,0,0,0,0,0,0,1,0,0,0,0,0,0,0,0,0,0,0,0,0,0,0,0,0,0,0,0,0,0,0,0,0,0,0,0,0,0,0,0,0,0,0,0,1,0,0,0,0,0,0,0,0,0,0,0,0,0,0,0,0,0,0,0,0,0,0,0,1,2,2,2.0,1.0,1.5,1,0,2,2,3,5,1,1,2,2,1,35,1261,46295,47591,3,5,0.0285714285714285,0.0015860428231562,4.320120963386975e-05,10,2.0,0,1,1,1,1,1,1,1
advantage fork middlegame short,d7b5 d5e7 g8f8 e7c8,1rr3k1/4ppbp/3p1np1/1b1N4/P2BP3/5P2/P2R2PP/R5K1 w - -,929,76,1,496,498,40309,1,22,1000,0,0,47,2,26,32,968,0,31.0,3.0,23.0,11.0,989.0,0.0,1000,0,0,22,24,-2,46,6,1,1,2,0,1,5,1,2,2,0,1,0,0,0,1,1,0,1,0,1,0,0,0,0,0,0,0,0,0,0,0,0,0,0,0,0,0,0,0,0,0,0,0,0,0,0,0,0,0,0,0,0,0,0,0,0,0,0,0,0,0,0,0,0,0,0,0,0,0,0,0,0,0,0,0,0,0,0,0,0,0,0,0,0,0,1,2,3,2.0,1.5,1.75,1,0,1,2,2,5,1,1,2,3,1,39,1389,52142,53570,2,6,0.0256410256410256,0.0014398848092152,5.7535192359326456e-05,9,1.5,0,1,1,1,1,1,1,1
advantage kingsideAttack middlegame short,b7d5 d4d5 h6g7 f6g7,r4rk1/3p1p1p/p2NpQpq/1p1b4/3R4/P7/1P3PPP/3R2K1 w - -,1938,130,1,379,387,201273,1,35,1000,0,0,-61,2,19,0,913,87,-162.0,3.0,20.0,0.0,23.0,977.0,1000,0,0,27,29,-2,56,5,1,0,2,1,1,7,0,1,2,1,1,0,0,0,1,1,0,1,0,0,0,0,0,0,0,0,1,0,0,0,0,0,0,0,0,0,0,0,0,0,0,0,0,0,0,0,0,0,0,0,0,0,0,0,0,0,0,0,0,0,0,0,0,0,0,0,0,0,0,0,0,0,0,0,0,0,0,0,0,0,0,0,0,0,0,1,4,70,4.0,17.5,10.75,1,0,1,1,4,114,1,3,4,4,1,49,1404,64079,65532,2,75,0.0204081632653061,0.0028490028490028,0.0010924015668159,119,1.586666666666667,0,1,1,1,1,1,1,1
backRankMate endgame mate mateIn1 oneMove,d1d2 e8e1,4r3/3R1pkp/6p1/1P6/1b6/5B2/1P1R1PPP/6K1 b - -,717,100,-1,-1500,-1500,170230,1,2,1000,0,0,-341,2,24,0,0,1000,-601.0,3.0,23.0,0.0,0.0,1000.0,1000,0,0,18,11,7,29,5,0,1,2,0,1,3,0,1,1,0,1,0,0,0,0,0,1,0,0,0,0,1,0,0,0,0,0,0,0,0,0,1,1,0,0,0,1,0,0,0,0,0,0,0,0,0,0,0,0,0,0,0,0,0,0,0,0,0,0,0,0,0,0,0,0,0,0,0,0,0,0,0,0,0,0,0,0,0,0,0,0,0,0,0,0,0,0,0,0.0,0.0,0.0,0,0,0,0,0,0,0,0,0,0,0,30,981,26014,27025,0,0,0.0,0.0,0.0,0,0.0,1,1,1,1,1,1,1,1
advantage endgame short,d3c5 c3b4 e7a7 b4c5,2r3k1/4R1pp/p1p2p2/2N5/2P5/1Pb4P/P4PP1/6K1 b - -,1267,79,-1,228,231,451488,1,37,1000,0,0,-179,2,23,0,6,994,-237.0,3.0,24.0,0.0,0.0,1000.0,1000,0,0,14,13,1,27,6,1,0,1,0,1,5,0,1,1,0,1,0,0,0,0,1,1,1,0,0,0,0,0,0,0,0,0,0,0,0,0,0,0,0,0,0,0,0,0,0,0,0,0,0,0,0,0,0,0,0,0,0,0,0,0,0,0,0,0,0,0,0,0,0,0,0,0,0,0,0,0,0,0,0,0,0,0,0,0,0,0,0,0,0,0,1,1,1,1.0,1.0,1.0,1,1,1,1,4,1,1,1,1,2,1,22,674,14042,14738,3,3,0.0454545454545454,0.0014836795252225,7.121492664862555e-05,6,2.0,0,1,1,1,1,1,1,1
advantage master middlegame short,f1c1 f8c5 e3c5 d7c5,1r1r1bk1/3n1p1p/1qp3p1/2N1p3/PpQ1P3/4BP2/4N1PP/1RR3K1 b - -,2232,78,-1,328,380,170849,1,28,1000,0,0,-131,2,25,0,162,838,-262.0,3.0,29.0,0.0,0.0,1000.0,1000,0,0,33,31,2,64,5,2,1,2,1,1,6,1,1,2,1,1,0,0,0,1,1,0,1,0,0,0,0,0,0,1,0,0,0,0,0,0,0,0,0,0,0,0,0,0,0,0,0,0,0,0,0,0,0,0,0,0,0,0,0,0,0,0,0,0,0,0,0,0,0,0,0,0,0,0,0,0,0,0,0,0,0,0,0,0,0,0,0,0,0,0,1,2,2,2.0,1.0,1.5,1,0,2,3,3,4,1,2,1,3,1,25,1126,31299,32450,3,5,0.04,0.0017761989342806,6.389980510559442e-05,10,2.0,1,1,1,1,1,1,1,1
crushing middlegame short,c8e6 d5c7 e8f7 c7e6,1r2qrk1/6bp/2npb3/2pNpp2/2P5/3P1B2/1B3PPP/1R1QR1K1 w - -,1695,116,1,414,434,168025,1,20,1000,0,0,87,2,20,338,662,0,87.0,3.0,24.0,332.0,668.0,0.0,1000,0,0,33,33,0,66,5,1,2,2,1,1,5,1,2,2,1,1,1,0,0,1,0,0,1,0,0,0,0,0,0,0,0,0,0,0,0,0,0,0,0,0,0,0,0,0,0,0,0,0,0,0,0,0,0,0,0,0,0,0,0,0,0,0,0,0,0,0,0,0,0,0,0,0,0,0,0,0,0,0,0,0,0,0,0,0,0,0,0,0,0,0,1,7,15,7.0,2.142857142857143,4.571428571428571,1,0,4,2,14,32,1,3,4,5,1,38,1360,54164,55562,5,23,0.0263157894736842,0.0051470588235294,0.0002769367107303,48,2.0869565217391304,1,1,1,1,1,1,1,1
advancedPawn crushing endgame quietMove rookEndgame veryLong,d5f5 f4f5 f6f5 a5a4 f5e4 a4a3 e4d3 a3a2,8/3k4/3P1K2/p4R2/5r2/5P2/8/8 b - -,1576,76,-1,549,549,69424,1,33,1000,0,0,-29,2,21,0,991,9,-94.0,3.0,16.0,0.0,598.0,402.0,1000,0,0,7,6,1,13,2,0,0,1,0,1,1,0,0,1,0,1,1,0,0,0,0,1,0,1,0,0,0,0,0,0,0,0,1,0,0,0,0,0,0,0,1,0,0,0,0,0,0,0,0,1,0,0,0,0,0,0,0,0,0,0,0,0,0,0,0,0,0,0,0,0,0,0,0,0,0,0,0,0,0,0,0,0,0,0,0,0,0,0,0,0,1,1,1,1.0,1.0,1.0,1,1,1,1,1,3,1,1,1,2,1,15,150,2382,2547,3,3,0.0666666666666666,0.0066666666666666,0.0004198152812762,5,1.6666666666666667,0,1,1,1,1,1,1,1
backRankMate endgame mate mateIn2 short xRayAttack,d6d5 a5d8 d5d8 d1d8,3r2k1/1q3ppp/p3p3/Qp1r4/7P/P4P2/1PP3P1/1K1R3R w - -,1373,85,1,1500,1500,76409,1,4,1000,0,0,-20,2,25,1,993,6,-25.0,3.0,21.0,0.0,991.0,9.0,1000,0,0,25,25,0,50,6,0,0,2,1,1,6,0,0,2,1,1,0,0,0,0,0,1,1,0,0,0,1,1,0,0,0,0,0,0,0,0,0,0,0,0,0,1,0,0,0,0,0,0,0,0,0,0,0,0,0,0,0,0,0,0,0,0,0,0,0,0,0,0,0,1,0,0,0,0,0,0,0,0,0,0,0,0,0,0,0,0,0,0,0,0,1,1,0,1.0,0.0,0.5,1,1,0,3,3,0,1,1,0,2,0,35,1252,42933,44220,2,2,0.0285714285714285,0.0007987220447284,0.0,6,3.0,1,1,1,1,1,1,1,1
endgame master mate mateIn1 oneMove,d2e4 g6g2,8/6kp/4b1q1/1p6/1PpPN2Q/2P1P3/r5P1/5RK1 b - -,1126,76,-1,-1500,-1500,90224,1,2,1000,0,0,-176,2,27,0,7,993,-366.0,3.0,28.0,0.0,0.0,1000.0,1000,0,0,22,20,2,42,5,1,0,1,1,1,3,0,1,1,1,1,0,0,0,0,0,1,0,0,0,0,1,0,0,1,0,0,0,0,0,0,1,1,0,0,0,0,0,0,0,0,0,0,0,0,0,0,0,0,0,0,0,0,0,0,0,0,0,0,0,0,0,0,0,0,0,0,0,0,0,0,0,0,0,0,0,0,0,0,0,0,0,0,0,0,0,0,0,0.0,0.0,0.0,0,0,0,0,0,0,0,0,0,0,0,36,1283,40298,41617,0,0,0.0,0.0,0.0,0,0.0,1,1,1,1,1,1,1,1
mate mateIn1 oneMove opening smotheredMate,e6e5 b5d6,r1bqkb1r/pp1pnppp/2n5/1N2p3/5B2/8/PPP1PPPP/R2QKBNR w KQkq -,1032,106,1,1500,1500,32520,1,2,1000,0,0,32,2,23,60,935,5,-72.0,3.0,24.0,1.0,756.0,243.0,1000,0,0,38,38,0,76,7,2,2,2,1,1,7,2,2,2,1,1,0,0,0,0,0,0,0,0,0,0,1,0,0,0,0,0,0,0,0,0,1,1,1,0,0,0,0,0,0,0,0,0,1,0,0,0,0,0,0,0,0,0,0,0,0,0,0,0,0,0,0,0,0,0,0,0,0,0,0,0,0,0,0,0,0,0,0,0,0,0,0,0,0,0,0,0,0,0.0,0.0,0.0,0,0,0,0,0,0,0,0,0,0,0,39,933,35314,36286,0,0,0.0,0.0,0.0,0,0.0,1,1,1,1,1,1,1,1
crushing endgame fork short,e4e5 f6d7 b8c7 d7e5,1k6/pp6/4nNp1/P3r2p/3p4/7P/3R1PPK/8 w - -,689,101,1,509,537,545318,1,39,1000,0,0,-100,2,24,0,508,492,-174.0,3.0,21.0,0.0,8.0,992.0,1000,0,0,12,13,-1,25,4,1,0,1,0,1,5,1,0,1,0,1,1,0,0,0,0,1,1,0,1,0,0,0,0,0,0,0,0,0,0,0,0,0,0,0,0,0,0,0,0,0,0,0,0,0,0,0,0,0,0,0,0,0,0,0,0,0,0,0,0,0,0,0,0,0,0,0,0,0,0,0,0,0,0,0,0,0,0,0,0,0,0,0,0,0,1,1,1,1.0,1.0,1.0,1,1,1,2,1,2,1,1,1,2,1,24,591,13645,14260,3,3,0.0416666666666666,0.0016920473773265,7.328691828508612e-05,5,1.6666666666666667,1,1,1,1,1,1,1,1
crushing endgame fork short,d4d5 d7e7 e8e7 g6e7,4Q3/ppkr1pp1/2p3n1/2PP3p/1P6/4K3/P5P1/8 b - -,1450,217,-1,493,488,187900,1,32,1000,0,0,-142,2,21,0,64,936,-452.0,3.0,26.0,0.0,0.0,1000.0,1000,0,0,14,14,0,28,5,0,0,0,1,1,6,1,0,1,0,1,1,0,0,0,0,1,1,0,1,0,0,0,0,0,0,0,0,0,0,0,0,0,0,0,0,0,0,0,0,0,0,0,0,0,0,0,0,0,0,0,0,0,0,0,0,0,0,0,0,0,0,0,0,0,0,0,0,0,0,0,0,0,0,0,0,0,0,0,0,0,0,0,0,0,1,1,1,1.0,1.0,1.0,1,1,1,1,1,2,1,1,1,3,1,18,456,6816,7290,3,3,0.0555555555555555,0.0021929824561403,0.0001467136150234,4,1.3333333333333333,0,1,1,1,1,1,1,1
crushing endgame rookEndgame short,f4f6 a3a6 e6e5 a6f6,8/5p2/p3kr2/8/8/R1P5/4P3/4K3 w - -,790,80,1,509,527,420585,1,45,1000,0,0,10,2,19,3,996,1,7.0,3.0,17.0,2.0,997.0,1.0,1000,0,0,7,7,0,14,2,0,0,1,0,1,2,0,0,1,0,1,1,0,0,0,0,1,1,1,0,0,0,0,0,0,0,0,0,0,0,0,0,0,0,0,0,0,0,0,0,0,0,0,0,0,0,0,0,0,0,0,0,0,0,0,0,0,0,0,0,0,0,0,0,0,0,0,0,0,0,0,0,0,0,0,0,0,0,0,0,0,0,0,0,0,1,3,4,3.0,1.3333333333333333,2.1666666666666665,1,0,2,3,3,17,1,1,2,3,1,11,138,1871,2020,3,8,0.0909090909090909,0.0217391304347826,0.0021378941742383,23,2.875,0,1,1,1,1,1,1,1
advantage capturingDefender middlegame short,f6e4 e5c6 b7c6 d3e4,1r2kr2/pp3p1p/2b1p3/4N3/2P1n3/1N1B4/P3KP1P/6R1 w - -,1235,77,1,163,139,194771,1,29,925,75,0,-254,2,21,0,0,1000,-255.0,3.0,31.0,0.0,0.0,1000.0,961,39,0,18,21,-3,39,4,2,1,1,0,1,5,1,1,2,0,1,0,0,0,1,1,0,1,0,0,0,0,0,0,0,0,0,0,0,0,0,0,0,0,0,0,0,0,0,0,0,0,0,0,0,0,0,0,0,0,0,0,0,0,0,0,0,0,0,0,0,0,0,0,0,1,0,0,0,0,0,0,0,0,0,0,0,0,0,0,0,0,0,0,0,0,0,0,0.0,0.0,0.0,0,0,0,0,0,0,0,0,0,0,0,41,1107,39801,40949,0,0,0.0,0.0,0.0,0,0.0,0,1,1,1,1,1,1,1
advantage kingsideAttack long middlegame,c1e3 c6h1 g1f2 d7d1 b3d2 d1d2,7k/pb1r2p1/1pq2n1p/2p1RP2/2P5/1NP1Q1BP/P7/5BK1 b - -,2222,94,-1,453,478,560179,1,46,1000,0,0,478,2,38,1000,0,0,-21.0,3.0,23.0,1.0,992.0,7.0,1000,0,0,28,25,3,53,5,1,2,1,1,1,5,1,1,1,1,1,0,0,1,1,1,0,0,0,0,0,0,0,0,0,0,1,0,0,0,0,0,0,0,0,0,0,0,0,0,0,0,0,0,0,0,0,0,0,0,0,0,0,0,0,0,0,0,0,0,0,0,0,0,0,0,0,0,0,0,0,0,0,0,0,0,0,0,0,0,0,0,0,0,0,1,1,1,1.0,1.0,1.0,1,1,1,5,1,6,1,1,1,3,1,39,1412,52342,53793,3,3,0.0256410256410256,0.0007082152974504,1.9105116350158574e-05,12,4.0,1,1,1,0,1,1,1,1
attraction kingsideAttack long mate mateIn3 middlegame pillsburysMate sacrifice,h6d2 h8h2 h1h2 a8h8 d2h6 h8h6,r6r/pp2kb2/3p1p2/1N1Pp3/3bP3/P2B2P1/1P1Q2PP/7K b - -,1382,75,-1,-1500,-1500,164304,1,6,1000,0,0,-184,2,31,0,4,996,-189.0,3.0,29.0,0.0,3.0,997.0,1000,0,0,22,21,1,43,7,1,1,0,1,1,5,0,2,2,0,1,0,0,1,1,0,0,0,0,0,0,1,0,0,0,0,1,0,0,0,0,0,0,0,0,0,0,0,1,0,0,0,0,0,0,1,0,1,0,0,0,0,0,0,0,0,0,0,0,0,1,0,0,0,0,0,0,0,0,0,0,0,0,0,0,0,0,0,0,0,0,0,0,0,0,1,1,1,1.0,1.0,1.0,1,1,1,6,1,7,1,1,1,2,0,39,1103,39144,40286,3,3,0.0256410256410256,0.0009066183136899,2.5546699366441857e-05,14,4.666666666666667,0,1,1,1,1,1,1,1
endgame mate mateIn2 rookEndgame short,g6h5 g3g4 h5h4 b6h6,8/5p2/1R6/6pk/8/3r2PP/5K2/8 w - -,831,77,1,1500,1500,83502,1,4,1000,0,0,9,2,20,2,997,1,3.0,3.0,18.0,2.0,997.0,1.0,1000,0,0,7,7,0,14,2,0,0,1,0,1,2,0,0,1,0,1,0,0,0,0,0,1,1,1,0,0,1,1,0,0,0,0,0,0,0,0,0,0,0,0,0,0,0,0,0,0,0,0,0,0,0,0,0,0,0,0,0,0,0,0,0,0,0,0,0,0,0,0,0,0,0,0,0,0,0,0,0,0,0,0,0,0,0,0,0,0,0,0,0,0,1,1,0,1.0,0.0,0.5,1,1,0,1,1,0,1,1,0,2,0,21,319,5682,6022,2,2,0.0476190476190476,0.0031347962382445,0.0,2,1.0,0,1,1,1,1,1,1,1
advantage discoveredAttack discoveredCheck opening short,d5c4 e5c6 c8e6 c6d8,rnbqk2r/pp3ppp/5n2/4N3/2p5/2P5/P1PPQPPP/R1B1K2R w KQkq -,1284,75,1,395,422,358863,1,37,1000,0,0,0,2,11,6,988,6,-140.0,3.0,23.0,0.0,112.0,888.0,1000,0,0,32,34,-2,66,7,1,1,2,1,1,6,2,1,2,1,1,0,0,0,0,1,0,1,0,0,0,0,0,0,0,0,0,0,0,0,0,0,0,1,0,0,0,1,0,0,0,0,0,0,0,0,0,0,0,0,0,0,0,0,0,0,0,0,0,0,0,0,0,1,0,0,0,0,0,0,0,0,0,0,0,0,0,0,0,0,0,0,0,0,0,1,1,1,1.0,1.0,1.0,1,1,1,2,1,2,1,1,1,2,1,35,1030,36291,37356,3,3,0.0285714285714285,0.0009708737864077,2.7555041194786585e-05,5,1.6666666666666667,1,1,1,1,1,1,1,1
crushing kingsideAttack opening short,d1e2 h5f3 g2f3 d8d4,r2qkbnr/pp4pp/2p2p2/4n2b/2B1P3/2N2N2/PPP1Q1PP/R1B2RK1 b kq -,2037,80,-1,341,346,320788,1,34,1000,0,0,39,2,30,69,928,3,10.0,3.0,20.0,21.0,970.0,9.0,1000,0,0,37,37,0,74,6,2,2,2,1,1,6,2,2,2,1,1,1,0,0,0,0,0,1,0,0,0,0,0,0,0,0,1,0,0,0,0,0,0,1,0,0,0,0,0,0,0,0,0,0,0,0,0,0,0,0,0,0,0,0,0,0,0,0,0,0,0,0,0,0,0,0,0,0,0,0,0,0,0,0,0,0,0,0,0,0,0,0,0,0,0,1,4,28,4.0,7.0,5.5,1,0,1,2,6,53,1,3,5,5,1,44,1765,73281,75090,2,33,0.0227272727272727,0.0022662889518413,0.000382090855747,61,1.8484848484848484,0,1,1,1,1,1,1,1
endgame mate mateIn1 oneMove rookEndgame,h5h6 b4h4,8/5k2/1P4RK/6P1/1r6/8/8/8 b - -,745,119,-1,-1500,-1500,75092,1,2,1000,0,0,-458,2,24,0,0,1000,-470.0,3.0,26.0,0.0,0.0,1000.0,1000,0,0,7,5,2,12,2,0,0,1,0,1,0,0,0,1,0,1,0,0,0,0,0,1,0,1,0,0,1,0,0,0,0,0,0,0,0,0,1,1,0,0,0,0,0,0,0,0,0,0,0,0,0,0,0,0,0,0,0,0,0,0,0,0,0,0,0,0,0,0,0,0,0,0,0,0,0,0,0,0,0,0,0,0,0,0,0,0,0,0,0,0,0,0,0,0.0,0.0,0.0,0,0,0,0,0,0,0,0,0,0,0,15,126,1639,1780,0,0,0.0,0.0,0.0,0,0.0,1,1,1,1,1,1,1,1
mate mateIn1 middlegame oneMove,g1f3 g5c1,rnb2rk1/pp3p1p/3p2Pb/4p1q1/3pQ3/5N2/PPP1PPP1/RN2KB1R b KQ -,996,79,-1,-1500,-1500,282079,1,2,1000,0,0,-85,2,22,0,673,327,-241.0,3.0,33.0,0.0,1.0,999.0,1000,0,0,35,35,0,70,7,2,1,2,1,1,7,1,2,2,1,1,0,0,0,1,0,0,0,0,0,0,1,0,0,0,0,0,0,0,0,0,1,1,0,0,0,0,0,0,0,0,0,0,0,0,0,0,0,0,0,0,0,0,0,0,0,0,0,0,0,0,0,0,0,0,0,0,0,0,0,0,0,0,0,0,0,0,0,0,0,0,0,0,0,0,0,0,0,0.0,0.0,0.0,0,0,0,0,0,0,0,0,0,0,0,37,1384,49175,50596,0,0,0.0,0.0,0.0,0,0.0,1,1,1,1,1,1,1,1
deflection endgame mate mateIn2 short,g7h6 a3f8 h6h5 d7h7,8/2pR3p/pb4pk/8/5p1P/B6K/P1r5/6r1 w - -,1817,81,1,1500,1500,27326,1,4,1000,0,0,-723,2,21,0,0,1000,1500.0,3.0,7.0,0.0,0.0,1000.0,1000,0,0,10,18,-8,28,2,0,1,1,0,1,5,0,1,2,0,1,0,0,0,0,0,1,1,0,0,0,1,1,0,0,0,0,0,0,0,0,0,0,0,0,0,0,0,0,0,0,1,0,0,0,0,0,0,0,0,0,0,0,0,0,0,0,0,0,0,0,0,0,0,0,0,0,0,0,0,0,0,0,0,0,0,0,0,0,0,0,0,0,0,0,1,1,0,1.0,0.0,0.5,1,1,0,5,1,0,1,1,0,2,0,20,625,11172,11817,2,2,0.05,0.0016,0.0,6,3.0,1,1,1,1,1,1,1,1
kingsideAttack mate mateIn2 middlegame short,f1f4 d8d1 f4f1 d1f1,rn1q3k/pp4pp/1b2B3/4N3/5Q2/2p5/PP4PP/RN5K b - -,513,93,-1,-1500,-1500,183671,1,4,1000,0,0,-401,2,28,0,0,1000,-456.0,3.0,24.0,0.0,0.0,1000.0,1000,0,0,27,25,2,52,4,2,1,1,1,1,5,1,1,1,1,1,0,0,0,1,0,0,1,0,0,0,1,1,0,0,0,1,0,0,0,0,0,0,0,0,0,0,0,0,0,0,0,0,0,0,0,0,0,0,0,0,0,0,0,0,0,0,0,0,0,0,0,0,0,0,0,0,0,0,0,0,0,0,0,0,0,0,0,0,0,0,0,0,0,0,1,1,0,1.0,0.0,0.5,1,1,0,7,3,0,1,1,0,1,0,34,1629,51793,53456,2,2,0.0294117647058823,0.0006138735420503,0.0,10,5.0,1,1,1,1,1,1,1,1
crushing defensiveMove endgame master short,e3f2 e4e3 f2e3 g4g3,7R/8/8/6p1/2p1p1k1/2Pb3p/P4K2/8 b - -,1676,76,-1,390,482,142325,1,25,1000,0,0,78,2,26,192,808,0,54.0,3.0,26.0,44.0,956.0,0.0,1000,0,0,7,7,0,14,2,0,0,1,0,1,4,0,1,0,0,1,1,0,0,0,0,1,1,0,0,0,0,0,0,1,0,0,0,0,0,0,0,0,0,0,0,0,0,0,0,0,0,0,0,0,0,0,0,0,0,0,0,0,1,0,0,0,0,0,0,0,0,0,0,0,0,0,0,0,0,0,0,0,0,0,0,0,0,0,0,0,0,0,0,0,1,2,8,2.0,4.0,3.0,1,0,1,1,2,12,1,1,3,3,1,8,129,1231,1368,2,11,0.125,0.0155038759689922,0.0064987814784727,15,1.3636363636363635,0,0,1,1,1,1,1,1
crushing opening short,h7h8 d1d3 d8g5 f4g5,rnbq1r1k/pp1n2b1/3pB1p1/4P1N1/5P2/2p5/PPP3P1/R1BQK3 w Q -,2666,97,1,507,470,150144,1,27,1000,0,0,-79,2,26,0,754,246,-81.0,3.0,24.0,0.0,734.0,266.0,1000,0,0,29,36,-7,65,6,1,2,1,1,1,5,2,2,2,1,1,1,0,0,0,0,0,1,0,0,0,0,0,0,0,0,0,0,0,0,0,0,0,1,0,0,0,0,0,0,0,0,0,0,0,0,0,0,0,0,0,0,0,0,0,0,0,0,0,0,0,0,0,0,0,0,0,0,0,0,0,0,0,0,0,0,0,0,0,0,0,0,0,0,0,1,1,1,1.0,1.0,1.0,1,1,1,2,2,3,1,1,1,2,1,38,1056,40519,41613,3,3,0.0263157894736842,0.0009469696969696,2.467977985636368e-05,7,2.333333333333333,0,1,1,1,1,1,1,1
endgame mate mateIn1 oneMove,e6d5 g6f7,3r4/1p4p1/2pB1bBp/p1Pk4/3rp3/P7/1PK2P2/4R3 w - -,1419,78,1,1500,1500,40755,1,2,1000,0,0,-331,2,21,0,0,1000,-343.0,3.0,26.0,0.0,0.0,1000.0,1000,0,0,15,19,-4,34,4,0,2,1,0,1,6,0,1,2,0,1,0,0,0,0,0,1,0,0,0,0,1,0,0,0,0,0,0,0,0,0,1,1,0,0,0,0,0,0,0,0,0,0,0,0,0,0,0,0,0,0,0,0,0,0,0,0,0,0,0,0,0,0,0,0,0,0,0,0,0,0,0,0,0,0,0,0,0,0,0,0,0,0,0,0,0,0,0,0.0,0.0,0.0,0,0,0,0,0,0,0,0,0,0,0,33,811,23297,24141,0,0,0.0,0.0,0.0,0,0.0,1,1,1,1,1,1,1,1
advantage long middlegame sacrifice,b7b6 a5d5 d4f3 g2f3 a8c8 f4d6,r2k2nr/p3qBb1/1p1p3p/Q5p1/3n1B2/2N2R2/PPP3P1/R5K1 w - -,1932,76,1,291,302,122151,1,29,1000,0,0,-184,2,23,0,12,988,-293.0,3.0,25.0,0.0,0.0,1000.0,1000,0,0,32,33,-1,65,4,1,2,2,1,1,5,2,1,2,1,1,0,0,1,1,1,0,0,0,0,0,0,0,0,0,0,0,0,0,0,0,0,0,0,0,0,0,0,1,0,0,0,0,0,0,0,0,0,0,0,0,0,0,0,0,0,0,0,0,0,0,0,0,0,0,0,0,0,0,0,0,0,0,0,0,0,0,0,0,0,0,0,0,0,0,0,0,0,0.0,0.0,0.0,0,0,0,0,0,0,0,0,0,0,0,56,1985,98302,100343,0,0,0.0,0.0,0.0,0,0.0,0,1,0,1,0,1,1,1
hangingPiece mate mateIn1 middlegame oneMove,e8f8 d5d8,3r1k1r/p1p2pp1/1p6/2pQ1b2/2Pn1P2/8/PP1P1KBq/R1B1R3 w - -,800,77,1,1500,1500,57740,1,2,1000,0,0,-484,2,23,0,0,1000,-600.0,3.0,22.0,0.0,0.0,1000.0,1000,0,0,30,31,-1,61,5,0,2,2,1,1,6,1,1,2,1,1,0,1,0,1,0,0,0,0,0,0,1,0,0,0,0,0,0,0,0,0,1,1,0,0,0,0,0,0,0,0,0,0,0,0,0,0,0,0,0,0,0,0,0,0,0,0,0,0,0,0,0,0,0,0,0,0,0,0,0,0,0,0,0,0,0,0,0,0,0,0,0,0,0,0,0,0,0,0.0,0.0,0.0,0,0,0,0,0,0,0,0,0,0,0,33,1361,40309,41703,0,0,0.0,0.0,0.0,0,0.0,1,1,1,1,1,1,1,1
crushing middlegame veryLong,c3e1 f5f6 e1g3 h2g3 c4d3 d4f3 d3f3 g3f3 g6h4 h6h4,2r3k1/5p2/p3p1nQ/3pPP2/2qN4/6BP/7K/4b3 w - -,2402,76,1,507,546,110165,1,34,1000,0,0,0,2,23,1,997,2,-213.0,3.0,26.0,0.0,1.0,999.0,1000,0,0,18,24,-6,42,3,1,1,0,1,1,4,1,1,1,1,1,1,0,0,1,0,0,0,0,0,0,0,0,0,0,0,0,1,0,0,0,0,0,0,0,0,0,0,0,0,0,0,0,0,0,0,0,0,0,0,0,0,0,0,0,0,0,0,0,0,0,0,0,0,0,0,0,0,0,0,0,0,0,0,0,0,0,0,0,0,0,0,0,0,0,1,1,1,1.0,1.0,1.0,1,1,1,1,2,1,1,1,1,3,1,30,997,27050,28077,3,3,0.0333333333333333,0.0010030090270812,3.6968576709796674e-05,4,1.3333333333333333,0,0,1,1,1,1,1,1
crushing endgame long,b3c3 b4c3 d3c3 f5f4 c3d3 f4g3,8/8/3p4/4kp2/1pP3pP/2RK2P1/8/8 b - -,1691,156,-1,265,365,89721,1,17,1000,0,0,-495,2,21,0,0,1000,-543.0,3.0,17.0,0.0,0.0,1000.0,1000,0,0,8,4,4,12,3,0,0,1,0,1,4,0,0,0,0,1,1,0,1,0,0,1,0,0,0,0,0,0,0,0,0,0,0,0,0,0,0,0,0,0,0,0,0,0,0,0,0,0,0,0,0,0,0,0,0,0,0,0,0,0,0,0,0,0,0,0,0,0,0,0,0,0,0,0,0,0,0,0,0,0,0,0,0,0,0,0,0,0,0,0,1,2,5,2.0,2.5,2.25,1,0,1,1,2,5,1,2,2,2,1,6,57,449,512,2,8,0.1666666666666666,0.0350877192982456,0.0111358574610244,8,1.0,0,1,1,1,1,1,1,1
endgame mate mateIn2 short,h2e2 c7c8 d4d8 c8d8,6k1/ppR2pp1/4p1p1/4P1N1/3r2P1/1P4K1/P3r3/8 w - -,456,102,1,1500,1500,48935,1,4,1000,0,0,-202,2,23,0,1,999,-268.0,3.0,19.0,0.0,0.0,1000.0,1000,0,0,12,16,-4,28,4,1,0,1,0,1,6,0,0,2,0,1,0,0,0,0,0,1,1,0,0,0,1,1,0,0,0,0,0,0,0,0,0,0,0,0,0,0,0,0,0,0,0,0,0,0,0,0,0,0,0,0,0,0,0,0,0,0,0,0,0,0,0,0,0,0,0,0,0,0,0,0,0,0,0,0,0,0,0,0,0,0,0,0,0,0,1,1,0,1.0,0.0,0.5,1,1,0,1,4,0,1,1,0,1,0,23,700,14248,14971,2,2,0.0434782608695652,0.0014285714285714,0.0,5,2.5,1,1,1,1,1,1,1,1
crushing middlegame short,e1d1 f8f3 g2f3 d5f3,5r1k/6b1/3p3p/1P1q2pQ/r5P1/3p1N1P/3R2P1/3R3K b - -,1362,78,-1,331,409,201647,1,30,1000,0,0,89,2,23,335,665,0,61.0,3.0,28.0,81.0,919.0,0.0,1000,0,0,26,26,0,52,4,1,0,2,1,1,4,0,1,2,1,1,1,0,0,1,0,0,1,0,0,0,0,0,0,0,0,0,0,0,0,0,0,0,0,0,0,0,0,0,0,0,0,0,0,0,0,0,0,0,0,0,0,0,0,0,0,0,0,0,0,0,0,0,0,0,0,0,0,0,0,0,0,0,0,0,0,0,0,0,0,0,0,0,0,0,1,1,8,1.0,8.0,4.5,1,1,0,5,2,19,1,1,2,2,1,48,1424,63398,64870,2,10,0.0208333333333333,0.0007022471910112,0.0001261869459604,26,2.6,0,1,1,1,1,1,1,1
endgame mate mateIn2 short,e8e5 b3b8 e5e8 b8e8,6k1/B7/2p2pK1/3nr2p/8/1Q3PP1/P6r/8 w - -,632,89,1,1500,1500,124492,1,4,1000,0,0,151,2,25,965,35,0,134.0,3.0,34.0,897.0,103.0,0.0,1000,0,0,15,16,-1,31,3,0,1,0,1,1,3,1,0,2,0,1,0,0,0,0,0,1,1,0,0,0,1,1,0,0,0,0,0,0,0,0,0,0,0,0,0,0,0,0,0,0,0,0,0,0,0,0,0,0,0,0,0,0,0,0,0,0,0,0,0,0,0,0,0,0,0,0,0,0,0,0,0,0,0,0,0,0,0,0,0,0,0,0,0,0,1,1,0,1.0,0.0,0.5,1,1,0,5,3,0,1,1,0,2,0,28,708,18666,19402,2,2,0.0357142857142857,0.001412429378531,0.0,8,4.0,1,1,1,1,1,1,1,1
advantage defensiveMove hangingPiece long middlegame,c8c1 d5e6 d8d1 e2d1 c1d1 h1h2,3r2k1/pp4bp/4qpp1/3Pp3/8/4Q2P/4B1P1/2rR3K w - -,1609,77,1,294,272,246768,1,55,1000,0,0,-163,2,19,0,17,983,-279.0,3.0,23.0,0.0,0.0,1000.0,1000,0,0,20,28,-8,48,3,0,1,1,1,1,6,0,1,2,1,1,0,1,1,1,1,0,0,0,0,0,0,0,0,0,0,0,0,0,0,0,0,0,0,0,0,0,0,0,0,0,0,0,0,0,0,0,0,0,0,0,0,0,1,0,0,0,0,0,0,0,0,0,0,0,0,0,0,0,0,0,0,0,0,0,0,0,0,0,0,0,0,0,0,0,1,4,32,4.0,8.0,6.0,1,0,3,1,14,85,1,1,5,5,1,38,1701,59534,61273,4,37,0.0263157894736842,0.0023515579071134,0.000537507978634,100,2.702702702702702,0,1,1,1,1,1,1,1
advantage middlegame short,a2a4 b5a4 d3a6 a4b3,2r1q1k1/8/b2b1r1p/Pp1pNpp1/P2Pn3/1RPQ3P/2B1NPP1/4R1K1 b - -,1401,86,-1,154,172,78951,1,27,972,28,0,-117,2,32,0,297,703,-252.0,3.0,20.0,0.0,1.0,999.0,989,11,0,35,33,2,68,7,2,1,2,1,1,5,1,2,2,1,1,0,0,0,1,1,0,1,0,0,0,0,0,0,0,0,0,0,0,0,0,0,0,0,0,0,0,0,0,0,0,0,0,0,0,0,0,0,0,0,0,0,0,0,0,0,0,0,0,0,0,0,0,0,0,0,0,0,0,0,0,0,0,0,0,0,0,0,0,0,0,0,0,0,0,0,0,0,0.0,0.0,0.0,0,0,0,0,0,0,0,0,0,0,0,45,1792,80622,82459,0,0,0.0,0.0,0.0,0,0.0,0,1,1,1,1,1,1,1
endgame mate mateIn2 short swallowstailMate,g8g7 a8h8 g7g6 h8h6,Q7/5qk1/p2p4/b1p1pr2/P7/6P1/4KP1R/8 w - -,1010,77,1,1500,1500,111897,1,4,1000,0,0,-263,2,30,0,0,1000,-271.0,3.0,34.0,0.0,0.0,1000.0,1000,0,0,17,21,-4,38,3,0,0,1,1,1,4,0,1,1,1,1,0,0,0,0,0,1,1,0,0,0,1,1,0,0,0,0,0,0,0,0,0,0,0,0,0,0,0,0,0,0,0,0,0,0,0,0,0,0,0,0,0,0,0,0,0,0,0,0,0,0,0,0,0,0,0,1,0,0,0,0,0,0,0,0,0,0,0,0,0,0,0,0,0,0,1,1,0,1.0,0.0,0.5,1,1,0,7,1,0,1,1,0,2,0,31,916,24902,25849,2,2,0.032258064516129,0.0010917030567685,0.0,8,4.0,1,1,1,1,1,1,1,1
mate mateIn2 middlegame sacrifice short,c5a4 b8b1 c1b1 a3c2,1r5r/5pk1/4p3/3p2PP/N1nP4/n1P5/P3B3/K1R4R b - -,1495,78,-1,-1500,-1500,32430,1,4,1000,0,0,12,2,21,3,996,1,-114.0,3.0,20.0,0.0,283.0,717.0,1000,0,0,21,19,2,40,5,1,1,2,0,1,3,2,0,2,0,1,0,0,0,1,0,0,1,0,0,0,1,1,0,0,0,0,0,0,0,0,0,0,0,0,0,0,0,1,0,0,0,0,0,0,0,0,0,0,0,0,0,0,0,0,0,0,0,0,0,0,0,0,0,0,0,0,0,0,0,0,0,0,0,0,0,0,0,0,0,0,0,0,0,0,1,1,0,1.0,0.0,0.5,1,1,0,7,1,0,1,1,0,1,0,37,874,28328,29239,2,2,0.027027027027027,0.0011441647597254,0.0,8,4.0,0,1,1,1,1,1,1,1
crushing endgame long rookEndgame,a3b3 e5e6 c3c2 d3c2 b3c3 c2d2,8/6pp/8/3kP3/1p1P2P1/1rpK3P/4R3/8 w - -,2218,90,1,328,380,150015,1,44,1000,0,0,-77,2,27,0,816,184,-96.0,3.0,26.0,0.0,565.0,435.0,1000,0,0,9,9,0,18,4,0,0,1,0,1,4,0,0,1,0,1,1,0,1,0,0,1,0,1,0,0,0,0,0,0,0,0,0,0,0,0,0,0,0,0,0,0,0,0,0,0,0,0,0,0,0,0,0,0,0,0,0,0,0,0,0,0,0,0,0,0,0,0,0,0,0,0,0,0,0,0,0,0,0,0,0,0,0,0,0,0,0,0,0,0,1,1,1,1.0,1.0,1.0,1,1,1,1,1,1,1,1,1,2,1,15,151,2067,2233,3,3,0.0666666666666666,0.0066225165562913,0.0004837929366231,3,1.0,1,1,1,1,1,1,1,1
crushing kingsideAttack middlegame short,h4h3 g2g7 g8h8 e4g5,5rk1/bpp3pp/p1npb3/4p3/1P2Nr2/P1PP3q/1B1QBPR1/2K3R1 w - -,1884,76,1,330,345,240429,1,38,1000,0,0,60,2,20,119,881,0,-33.0,3.0,17.0,1.0,964.0,35.0,1000,0,0,33,35,-2,68,5,1,2,2,1,1,7,1,2,2,1,1,1,0,0,1,0,0,1,0,0,0,0,0,0,0,0,1,0,0,0,0,0,0,0,0,0,0,0,0,0,0,0,0,0,0,0,0,0,0,0,0,0,0,0,0,0,0,0,0,0,0,0,0,0,0,0,0,0,0,0,0,0,0,0,0,0,0,0,0,0,0,0,0,0,0,1,1,1,1.0,1.0,1.0,1,1,1,5,1,2,1,1,1,3,1,34,1877,65161,67072,3,3,0.0294117647058823,0.0005327650506126,1.5346603029419438e-05,8,2.6666666666666665,0,0,0,1,1,0,1,1
mate mateIn1 middlegame oneMove,g8e7 d2e4,r6r/ppp1n1p1/3bBk1p/4nP2/3p4/8/PPPN1P1P/R1B1K2R w KQ -,754,79,1,1500,1500,81142,1,2,1000,0,0,247,2,30,1000,0,0,-57.0,3.0,18.0,0.0,939.0,61.0,1000,0,0,25,25,0,50,6,1,2,2,0,1,6,2,1,2,0,1,0,0,0,1,0,0,0,0,0,0,1,0,0,0,0,0,0,0,0,0,1,1,0,0,0,0,0,0,0,0,0,0,0,0,0,0,0,0,0,0,0,0,0,0,0,0,0,0,0,0,0,0,0,0,0,0,0,0,0,0,0,0,0,0,0,0,0,0,0,0,0,0,0,0,1,29,261,29.0,9.0,19.0,1,0,0,2,70,360,1,4,5,5,1,30,1180,33703,34913,1,291,0.0333333333333333,0.0245762711864406,0.0077441177343263,432,1.4845360824742269,1,1,1,1,1,1,1,1
advantage endgame master short,h8g8 g3g8 f8g8 c5d6,5kr1/pp1b1p2/4p2p/2KpP2B/5P2/P5R1/7P/8 w - -,1300,78,1,315,377,264244,1,35,1000,0,0,-175,2,18,0,8,992,-176.0,3.0,25.0,0.0,7.0,993.0,1000,0,0,12,14,-2,26,4,0,1,1,0,1,6,0,1,1,0,1,0,0,0,0,1,1,1,0,0,0,0,0,0,1,0,0,0,0,0,0,0,0,0,0,0,0,0,0,0,0,0,0,0,0,0,0,0,0,0,0,0,0,0,0,0,0,0,0,0,0,0,0,0,0,0,0,0,0,0,0,0,0,0,0,0,0,0,0,0,0,0,0,0,0,1,1,1,1.0,1.0,1.0,1,1,1,5,1,1,1,1,1,2,1,26,517,11451,11994,3,3,0.0384615384615384,0.0019342359767891,8.732861758798358e-05,7,2.333333333333333,0,0,1,1,1,1,1,1
advantage attraction exposedKing long middlegame,g1f2 f8c5 d2e3 c5e3 f2e3 h4g3,rn2kbnr/pp6/2p2p2/4P3/4P1pq/2N3N1/PPPB1KB1/R2Q1R2 b kq -,1086,78,-1,335,372,254020,1,39,1000,0,0,-235,2,18,0,1,999,-313.0,3.0,21.0,0.0,0.0,1000.0,1000,0,0,36,33,3,69,5,2,2,2,1,1,5,2,1,2,1,1,0,0,1,1,1,0,0,0,0,0,0,0,0,0,0,0,0,0,1,0,0,0,0,0,0,0,0,0,0,0,0,0,0,0,1,0,0,0,0,0,0,0,0,0,0,0,0,0,0,0,0,0,0,0,0,0,0,0,0,0,0,0,0,0,0,0,0,0,0,0,0,0,0,0,1,1,1,1.0,1.0,1.0,1,1,1,3,1,2,1,1,1,1,1,33,1107,36135,37275,3,3,0.0303030303030303,0.000903342366757,2.767400027674e-05,6,2.0,1,1,1,1,1,1,1,1
crushing discoveredAttack endgame short,e1d1 d3f4 e3f4 d5d1,8/p5pk/1p3b1p/3r3P/6P1/3nBN2/P4PK1/3R4 b - -,1091,77,-1,464,491,293049,1,36,1000,0,0,22,2,18,6,994,0,14.0,3.0,26.0,4.0,995.0,1.0,1000,0,0,15,15,0,30,4,1,1,1,0,1,4,1,1,1,0,1,1,0,0,0,0,1,1,0,0,0,0,0,0,0,0,0,0,0,0,0,0,0,0,0,0,0,1,0,0,0,0,0,0,0,0,0,0,0,0,0,0,0,0,0,0,0,0,0,0,0,0,0,0,0,0,0,0,0,0,0,0,0,0,0,0,0,0,0,0,0,0,0,0,0,1,2,2,2.0,1.0,1.5,1,0,2,2,2,8,1,2,1,4,1,35,1133,35690,36858,3,5,0.0285714285714285,0.0017652250661959,5.6038105912020176e-05,12,2.4,0,0,1,1,1,1,1,1
advantage endgame intermezzo long,c4d5 e1e8 g8f7 f3d5 d8d5 e8c8,2rr2k1/p5p1/1p5p/2pq1p1P/8/P4QR1/5PP1/4R1K1 w - -,1736,75,1,443,453,43694,1,21,1000,0,0,39,2,30,20,980,0,-127.0,3.0,24.0,0.0,150.0,850.0,1000,0,0,23,25,-2,48,4,0,0,2,1,1,6,0,0,2,1,1,0,0,1,0,1,1,0,0,0,0,0,0,0,0,0,0,0,0,0,0,0,0,0,0,0,0,0,0,0,0,0,0,0,0,0,0,0,0,0,0,0,0,0,0,0,0,0,1,0,0,0,0,0,0,0,0,0,0,0,0,0,0,0,0,0,0,0,0,0,0,0,0,0,0,1,3,3,3.0,1.0,2.0,1,0,3,7,3,8,1,2,2,3,1,32,1041,35395,36468,4,7,0.03125,0.0028818443804034,8.475773414324057e-05,18,2.571428571428572,1,1,1,1,1,1,1,1
advantage defensiveMove endgame short,d1e1 g6e7 e1e4 f8e8,3r1k2/2p1R3/p2p2n1/1p6/1P1P2Q1/7P/5qPK/4R3 b - -,2091,79,-1,191,189,290245,1,45,997,3,0,-432,2,29,0,0,1000,-615.0,3.0,32.0,0.0,0.0,1000.0,1000,0,0,23,21,2,44,4,0,0,2,1,1,4,1,0,1,1,1,0,0,0,0,1,1,1,0,0,0,0,0,0,0,0,0,0,0,0,0,0,0,0,0,0,0,0,0,0,0,0,0,0,0,0,0,0,0,0,0,0,0,1,0,0,0,0,0,0,0,0,0,0,0,0,0,0,0,0,0,0,0,0,0,0,0,0,0,0,0,0,0,0,0,1,1,1,1.0,1.0,1.0,1,1,1,2,1,2,1,1,1,2,1,33,1171,32692,33896,3,3,0.0303030303030303,0.0008539709649871,3.0588523186100575e-05,5,1.6666666666666667,0,1,0,1,1,1,1,1
advantage endgame fork short,g3g4 d5f6 g8g7 f6g4,3r2k1/1B3p1p/6p1/3N4/3p2r1/8/5KP1/3R4 w - -,962,78,1,384,391,603495,1,33,1000,0,0,-74,2,18,0,843,157,-100.0,3.0,16.0,0.0,494.0,506.0,1000,0,0,12,14,-2,26,1,1,1,1,0,1,4,0,0,2,0,1,0,0,0,0,1,1,1,0,1,0,0,0,0,0,0,0,0,0,0,0,0,0,0,0,0,0,0,0,0,0,0,0,0,0,0,0,0,0,0,0,0,0,0,0,0,0,0,0,0,0,0,0,0,0,0,0,0,0,0,0,0,0,0,0,0,0,0,0,0,0,0,0,0,0,1,3,3,3.0,1.0,2.0,1,0,3,2,3,6,1,1,1,2,1,28,601,15508,16137,4,7,0.0357142857142857,0.0049916805324459,0.0001934485426876,11,1.5714285714285714,0,1,1,1,1,1,1,1
kingsideAttack mate mateIn1 middlegame oneMove,f2h2 g3h2,2k4r/pp3pp1/4pn2/2np2p1/8/1B1P1Pq1/PPPN3R/R2Q3K b - -,765,97,-1,-1500,-1500,40751,1,2,1000,0,0,-1500,2,2,1000,0,0,-196.0,3.0,19.0,0.0,3.0,997.0,1000,0,0,30,27,3,57,5,1,1,2,1,1,7,2,0,1,1,1,0,0,0,1,0,0,0,0,0,0,1,0,0,0,0,1,0,0,0,0,1,1,0,0,0,0,0,0,0,0,0,0,0,0,0,0,0,0,0,0,0,0,0,0,0,0,0,0,0,0,0,0,0,0,0,0,0,0,0,0,0,0,0,0,0,0,0,0,0,0,0,0,0,0,0,0,0,0.0,0.0,0.0,0,0,0,0,0,0,0,0,0,0,0,49,1178,53133,54360,0,0,0.0,0.0,0.0,0,0.0,1,1,0,0,1,0,0,1
kingsideAttack mate mateIn1 middlegame oneMove,c8b7 e4h7,r2q1rk1/1b3ppp/p2p1b2/1p1Pn3/1P2Q3/P1NB3P/1B3PP1/R4RK1 w - -,487,89,1,1500,1500,68157,1,2,1000,0,0,33,2,24,34,965,1,7.0,3.0,18.0,10.0,985.0,5.0,1000,0,0,34,34,0,68,6,1,2,2,1,1,6,1,2,2,1,1,0,0,0,1,0,0,0,0,0,0,1,0,0,0,0,1,0,0,0,0,1,1,0,0,0,0,0,0,0,0,0,0,0,0,0,0,0,0,0,0,0,0,0,0,0,0,0,0,0,0,0,0,0,0,0,0,0,0,0,0,0,0,0,0,0,0,0,0,0,0,0,0,0,0,0,0,0,0.0,0.0,0.0,0,0,0,0,0,0,0,0,0,0,0,42,1272,52341,53655,0,0,0.0,0.0,0.0,0,0.0,1,1,1,1,1,1,1,1
crushing endgame pawnEndgame short,e4e5 g6g5 d4e4 g5h4,8/8/1p2k1p1/4P2p/P2K1p1P/5P2/8/8 b - -,1610,74,-1,315,470,875035,1,62,1000,0,0,-529,2,38,0,0,1000,-530.0,3.0,40.0,0.0,0.0,1000.0,1000,0,0,4,4,0,8,4,0,0,0,0,1,4,0,0,0,0,1,1,0,0,0,0,1,1,0,0,1,0,0,0,0,0,0,0,0,0,0,0,0,0,0,0,0,0,0,0,0,0,0,0,0,0,0,0,0,0,0,0,0,0,0,0,0,0,0,0,0,0,0,0,0,0,0,0,0,0,0,0,0,0,0,0,0,0,0,0,0,0,0,0,0,1,1,1,1.0,1.0,1.0,1,1,1,1,1,1,1,1,1,2,1,6,39,283,328,3,3,0.1666666666666666,0.0256410256410256,0.0035335689045936,3,1.0,1,1,1,1,1,1,1,1
kingsideAttack mate mateIn1 middlegame oneMove,c3d4 e4g2,b4b1r/3k1ppp/p2p4/1p2p3/3Pq3/N3B3/PP3PPP/R2Q1RK1 b - -,1060,105,-1,-1500,-1500,63552,1,2,1000,0,0,-87,2,23,0,677,323,-117.0,3.0,34.0,0.0,272.0,728.0,1000,0,0,31,27,4,58,6,1,1,2,1,1,7,0,2,1,1,1,0,0,0,1,0,0,0,0,0,0,1,0,0,0,0,1,0,0,0,0,1,1,0,0,0,0,0,0,0,0,0,0,0,0,0,0,0,0,0,0,0,0,0,0,0,0,0,0,0,0,0,0,0,0,0,0,0,0,0,0,0,0,0,0,0,0,0,0,0,0,0,0,0,0,0,0,0,0.0,0.0,0.0,0,0,0,0,0,0,0,0,0,0,0,37,1237,44079,45353,0,0,0.0,0.0,0.0,0,0.0,1,1,1,1,1,1,1,1
backRankMate endgame mate mateIn2 rookEndgame short,b3b4 c2c1 b1c1 c5c1,1R6/6kp/3p1pp1/2r1p3/PP6/8/2r2PPP/1R4K1 b - -,570,98,-1,-1500,-1500,58777,1,4,1000,0,0,72,2,17,140,860,0,51.0,3.0,25.0,41.0,959.0,0.0,1000,0,0,15,15,0,30,5,0,0,2,0,1,5,0,0,2,0,1,0,0,0,0,0,1,1,1,0,0,1,1,0,0,0,0,0,0,0,0,0,0,0,0,0,1,0,0,0,0,0,0,0,0,0,0,0,0,0,0,0,0,0,0,0,0,0,0,0,0,0,0,0,0,0,0,0,0,0,0,0,0,0,0,0,0,0,0,0,0,0,0,0,0,1,1,0,1.0,0.0,0.5,1,1,0,1,1,0,1,1,0,1,0,24,629,15256,15909,2,2,0.0416666666666666,0.0015898251192368,0.0,2,1.0,1,1,1,1,1,1,1,1
bishopEndgame crushing deflection endgame long master skewer,e3f2 g5g4 f3e3 e5d4 e3d3 d4f2,8/5k2/7p/p1P1bPpP/Pp2P3/1P1p1K2/5B2/8 b - -,2368,77,-1,358,405,233486,1,45,1000,0,0,-151,2,21,0,32,968,-186.0,3.0,26.0,0.0,3.0,997.0,1000,0,0,9,8,1,17,6,0,1,0,0,1,5,0,1,0,0,1,1,0,1,0,0,1,0,0,0,0,0,0,0,1,0,0,0,0,0,1,0,0,0,0,0,0,0,0,1,0,1,0,0,0,0,0,0,0,0,0,0,0,0,0,0,0,0,0,0,0,0,0,0,0,0,0,0,0,0,0,0,0,0,0,0,0,0,0,0,0,0,0,0,0,1,1,1,1.0,1.0,1.0,1,1,1,1,1,1,1,1,1,3,1,21,241,3944,4206,3,3,0.0476190476190476,0.0041493775933609,0.0002535496957403,3,1.0,0,1,1,1,1,1,1,1
crushing deflection endgame master short,h7h6 c5e6 f8e7 e6g7,5k2/6p1/p1b3Pp/2N2P1r/p7/8/1KP5/5R2 w - -,1383,77,1,548,563,277390,1,32,1000,0,0,21,2,27,6,994,0,3.0,3.0,21.0,2.0,997.0,1.0,1000,0,0,11,12,-1,23,3,1,0,1,0,1,4,0,1,1,0,1,1,0,0,0,0,1,1,0,0,0,0,0,0,1,0,0,0,0,0,0,0,0,0,0,0,0,0,0,0,0,1,0,0,0,0,0,0,0,0,0,0,0,0,0,0,0,0,0,0,0,0,0,0,0,0,0,0,0,0,0,0,0,0,0,0,0,0,0,0,0,0,0,0,0,1,1,1,1.0,1.0,1.0,1,1,1,2,1,2,1,1,1,3,1,27,526,12743,13296,3,3,0.037037037037037,0.0019011406844106,7.847445656438829e-05,5,1.6666666666666667,0,1,1,1,1,1,1,1
advantage middlegame short trappedPiece,e7a3 c1b1 b2b3 b1b3,5rk1/5ppp/4b3/1p1pPpPP/2pP4/b1P5/rqNQKP2/2RRN3 w - -,1693,75,1,241,258,182808,1,27,1000,0,0,1,2,24,4,992,4,-3.0,3.0,24.0,4.0,991.0,5.0,1000,0,0,31,32,-1,63,6,2,0,2,1,1,7,0,2,2,1,1,0,0,0,1,1,0,1,0,0,0,0,0,0,0,0,0,0,0,0,0,0,0,0,0,0,0,0,0,0,0,0,0,0,0,0,0,0,0,0,0,0,0,0,0,0,0,0,0,0,0,1,0,0,0,0,0,0,0,0,0,0,0,0,0,0,0,0,0,0,0,0,0,0,0,1,3,4,3.0,1.3333333333333333,2.1666666666666665,1,0,2,1,10,6,1,3,2,4,1,19,474,9821,10314,3,8,0.0526315789473684,0.0063291139240506,0.000407290499949,17,2.125,0,1,1,1,1,1,1,1
crushing deflection exposedKing long middlegame,c5d6 b1d1 d6e7 a5e5 e7f6 d1d8,3r1bnr/2p2ppp/2bk4/R7/5P2/2N5/4N1PP/1R4K1 w - -,1575,75,1,337,351,570104,1,47,1000,0,0,-217,2,28,0,0,1000,-262.0,3.0,26.0,0.0,0.0,1000.0,1000,0,0,19,23,-4,42,3,2,0,2,0,1,4,1,2,2,0,1,1,0,1,1,0,0,0,0,0,0,0,0,0,0,0,0,0,0,1,0,0,0,0,0,0,0,0,0,0,0,1,0,0,0,0,0,0,0,0,0,0,0,0,0,0,0,0,0,0,0,0,0,0,0,0,0,0,0,0,0,0,0,0,0,0,0,0,0,0,0,0,0,0,0,1,2,3,2.0,1.5,1.75,1,0,1,2,2,15,1,1,1,2,1,43,1083,42638,43764,2,6,0.0232558139534883,0.0018467220683287,7.035977297246587e-05,19,3.1666666666666665,1,0,1,1,1,1,1,1
crushing discoveredAttack endgame master short,c3c2 c4f7 g8g7 c7c2,5bk1/2Q2p1p/5qp1/p7/P1Bp4/1P5P/2r2PP1/3R2K1 w - -,1501,76,1,514,538,78012,1,16,1000,0,0,-2,2,18,1,997,2,-39.0,3.0,17.0,0.0,981.0,19.0,1000,0,0,22,22,0,44,5,0,1,1,1,1,5,0,1,1,1,1,1,0,0,0,0,1,1,0,0,0,0,0,0,1,0,0,0,0,0,0,0,0,0,0,0,0,1,0,0,0,0,0,0,0,0,0,0,0,0,0,0,0,0,0,0,0,0,0,0,0,0,0,0,0,0,0,0,0,0,0,0,0,0,0,0,0,0,0,0,0,0,0,0,0,1,3,3,3.0,1.0,2.0,1,0,3,3,3,15,1,2,1,3,1,42,1458,56608,58108,4,7,0.0238095238095238,0.0020576131687242,5.299604296212549e-05,21,3.0,1,0,1,1,1,1,1,1
kingsideAttack mate mateIn1 oneMove opening,f3f5 d3f1,r3kb1r/p4pp1/b1p4p/n3pQ2/4N3/2Nq4/PP1P1PPP/R1B2RK1 b kq -,510,94,-1,-1500,-1500,49161,1,2,1000,0,0,143,2,36,895,105,0,-13.0,3.0,23.0,4.0,983.0,13.0,1000,0,0,34,34,0,68,6,2,1,2,1,1,6,1,2,2,1,1,0,0,0,0,0,0,0,0,0,0,1,0,0,0,0,1,0,0,0,0,1,1,1,0,0,0,0,0,0,0,0,0,0,0,0,0,0,0,0,0,0,0,0,0,0,0,0,0,0,0,0,0,0,0,0,0,0,0,0,0,0,0,0,0,0,0,0,0,0,0,0,0,0,0,0,0,0,0.0,0.0,0.0,0,0,0,0,0,0,0,0,0,0,0,42,1613,56442,58097,0,0,0.0,0.0,0.0,0,0.0,1,1,1,1,1,1,1,1
crushing endgame pin short,c1b1 f5h4 g2f1 h4f3,5rk1/p4p1p/4p1p1/5nq1/8/5QPP/5PK1/1R1R4 b - -,1204,78,-1,634,675,199963,1,34,1000,0,0,-13,2,17,1,995,4,-18.0,3.0,18.0,0.0,995.0,5.0,1000,0,0,22,22,0,44,3,0,0,2,1,1,5,1,0,1,1,1,1,0,0,0,0,1,1,0,0,0,0,0,0,0,0,0,0,0,0,0,0,0,0,1,0,0,0,0,0,0,0,0,0,0,0,0,0,0,0,0,0,0,0,0,0,0,0,0,0,0,0,0,0,0,0,0,0,0,0,0,0,0,0,0,0,0,0,0,0,0,0,0,0,0,1,4,4,4.0,1.0,2.5,1,0,4,2,4,8,1,1,1,2,1,33,1268,43081,44382,5,9,0.0303030303030303,0.0031545741324921,9.284835542350455e-05,14,1.5555555555555556,0,1,1,1,1,1,1,1
advancedPawn crushing endgame master masterVsMaster rookEndgame short,f3g2 c4c3 g5g7 c3c2,8/8/8/6R1/2pk2P1/1r5P/6K1/8 b - -,1352,115,-1,385,455,182860,1,44,1000,0,0,47,2,28,29,971,0,43.0,3.0,30.0,23.0,977.0,0.0,1000,0,0,7,6,1,13,2,0,0,1,0,1,1,0,0,1,0,1,1,0,0,0,0,1,1,1,0,0,0,0,0,1,0,0,0,0,0,0,0,0,0,0,0,0,0,0,0,0,0,0,0,1,0,0,0,1,0,0,0,0,0,0,0,0,0,0,0,0,0,0,0,0,0,0,0,0,0,0,0,0,0,0,0,0,0,0,0,0,0,0,0,0,1,1,1,1.0,1.0,1.0,1,1,1,1,1,1,1,1,1,2,1,19,293,4702,5014,3,3,0.0526315789473684,0.0034129692832764,0.0002126754572522,3,1.0,0,0,0,1,1,1,1,1
bishopEndgame crushing endgame long,d5c5 f6g5 c5d5 g5f4 h2h4 f4e3,8/2p5/2P2k1p/2K1p3/3p2P1/3B1p2/7P/8 b - -,2590,90,-1,360,388,121687,1,37,1000,0,0,-224,2,26,0,0,1000,-250.0,3.0,27.0,0.0,0.0,1000.0,1000,0,0,6,5,1,11,3,0,1,0,0,1,5,0,0,0,0,1,1,0,1,0,0,1,0,0,0,0,0,0,0,0,0,0,0,0,0,0,0,0,0,0,0,0,0,0,1,0,0,0,0,0,0,0,0,0,0,0,0,0,0,0,0,0,0,0,0,0,0,0,0,0,0,0,0,0,0,0,0,0,0,0,0,0,0,0,0,0,0,0,0,0,1,2,4,2.0,2.0,2.0,1,0,1,1,4,4,1,2,2,3,1,8,141,1296,1445,2,7,0.125,0.0141843971631205,0.0030864197530864,9,1.2857142857142858,1,1,1,1,1,1,1,1
crushing discoveredAttack kingsideAttack middlegame short,d8d5 d3h7 g8h7 d1d5,r1b2rk1/4bppp/p1n5/3q4/Pp6/3B1N2/1B3PPP/R2Q1RK1 w - -,956,75,1,624,621,95475,1,20,1000,0,0,22,2,23,16,982,2,20.0,3.0,22.0,14.0,984.0,2.0,1000,0,0,32,33,-1,65,4,1,2,2,1,1,5,1,2,2,1,1,1,0,0,1,0,0,1,0,0,0,0,0,0,0,0,1,0,0,0,0,0,0,0,0,0,0,1,0,0,0,0,0,0,0,0,0,0,0,0,0,0,0,0,0,0,0,0,0,0,0,0,0,0,0,0,0,0,0,0,0,0,0,0,0,0,0,0,0,0,0,0,0,0,0,1,1,1,1.0,1.0,1.0,1,1,1,4,1,4,1,1,1,3,1,41,1962,81001,83004,3,3,0.024390243902439,0.0005096839959225,1.2345526598437056e-05,9,3.0,1,1,1,1,1,1,1,1
advantage endgame long master masterVsMaster quietMove,h1d1 d5d6 b2b4 e5c3 e3c5 d6a6,1r4k1/p4p1p/6p1/3rb3/K7/2PpB3/1P1R1PPP/3R4 b - -,2290,81,-1,340,394,305120,1,35,1000,0,0,-23,2,19,0,993,7,-54.0,3.0,24.0,0.0,953.0,47.0,1000,0,0,18,18,0,36,5,0,1,2,0,1,5,0,1,2,0,1,0,0,1,0,1,1,0,0,0,0,0,0,0,1,0,0,0,0,0,0,0,0,0,0,1,0,0,0,0,0,0,0,0,0,0,0,0,1,0,0,0,0,0,0,0,0,0,0,0,0,0,0,0,0,0,0,0,0,0,0,0,0,0,0,0,0,0,0,0,0,0,0,0,0,1,25,147,25.0,5.88,15.44,1,0,12,1,44,227,1,4,4,4,1,38,953,34768,35759,13,173,0.0263157894736842,0.0262329485834207,0.0042280257708237,272,1.5722543352601157,0,0,1,1,1,1,1,1
crushing endgame fork short,f1f3 g3e1 g1h2 e1d2,3rr1k1/p4pp1/1pp4p/3pPQ2/1P3P2/2P2RqP/P2R2P1/6K1 b - -,818,110,-1,366,426,120602,1,26,1000,0,0,-29,2,17,0,989,11,-37.0,3.0,20.0,0.0,981.0,19.0,1000,0,0,26,26,0,52,7,0,0,2,1,1,7,0,0,2,1,1,1,0,0,0,0,1,1,0,1,0,0,0,0,0,0,0,0,0,0,0,0,0,0,0,0,0,0,0,0,0,0,0,0,0,0,0,0,0,0,0,0,0,0,0,0,0,0,0,0,0,0,0,0,0,0,0,0,0,0,0,0,0,0,0,0,0,0,0,0,0,0,0,0,0,1,1,1,1.0,1.0,1.0,1,1,1,2,1,1,1,1,1,2,1,31,975,29413,30419,3,3,0.032258064516129,0.001025641025641,3.3998572059973484e-05,4,1.3333333333333333,0,1,1,1,1,1,1,1
advantage middlegame short,c1a3 c8a6 c4a6 b8a6,rnbq1rk1/p4ppp/1p2p3/2p5/2QPn3/B1P1PN2/P3BPPP/R4RK1 b - -,1612,82,-1,300,302,163996,1,26,1000,0,0,-30,2,24,2,963,35,-66.0,3.0,24.0,0.0,835.0,165.0,1000,0,0,35,35,0,70,7,1,2,2,1,1,7,2,1,2,1,1,0,0,0,1,1,0,1,0,0,0,0,0,0,0,0,0,0,0,0,0,0,0,0,0,0,0,0,0,0,0,0,0,0,0,0,0,0,0,0,0,0,0,0,0,0,0,0,0,0,0,0,0,0,0,0,0,0,0,0,0,0,0,0,0,0,0,0,0,0,0,0,0,0,0,1,1,1,1.0,1.0,1.0,1,1,1,2,2,2,1,1,1,3,1,36,1276,45570,46882,3,3,0.0277777777777777,0.0007836990595611,2.1944261575597983e-05,6,2.0,0,1,1,1,1,1,1,1
kingsideAttack mate mateIn1 oneMove opening,e5d6 g5g2,r1bk3r/ppp1np1p/3P2pP/1N4q1/2BP1n2/8/PPP3P1/R1BQ2KR b - -,1113,76,-1,-1500,-1500,116907,1,2,1000,0,0,-363,2,23,0,0,1000,-397.0,3.0,24.0,0.0,0.0,1000.0,1000,0,0,35,34,1,69,7,1,2,2,1,1,6,2,1,2,1,1,0,0,0,0,0,0,0,0,0,0,1,0,0,0,0,1,0,0,0,0,1,1,1,0,0,0,0,0,0,0,0,0,0,0,0,0,0,0,0,0,0,0,0,0,0,0,0,0,0,0,0,0,0,0,0,0,0,0,0,0,0,0,0,0,0,0,0,0,0,0,0,0,0,0,0,0,0,0.0,0.0,0.0,0,0,0,0,0,0,0,0,0,0,0,42,1574,61990,63606,0,0,0.0,0.0,0.0,0,0.0,1,1,1,1,1,1,1,1
endgame mate mateIn2 short,b7g2 f4f8 g8f8 f1f8,3k2q1/p2p3p/1p1P4/2p5/2P2Q1K/8/P5b1/5R2 w - -,1629,79,1,1500,1500,69243,1,4,1000,0,0,64,2,28,86,914,0,50.0,3.0,41.0,37.0,963.0,0.0,1000,0,0,17,17,0,34,3,0,0,1,1,1,5,0,1,0,1,1,0,0,0,0,0,1,1,0,0,0,1,1,0,0,0,0,0,0,0,0,0,0,0,0,0,0,0,0,0,0,0,0,0,0,0,0,0,0,0,0,0,0,0,0,0,0,0,0,0,0,0,0,0,0,0,0,0,0,0,0,0,0,0,0,0,0,0,0,0,0,0,0,0,0,1,1,0,1.0,0.0,0.5,1,1,0,4,1,0,1,1,0,1,0,29,709,19704,20442,2,2,0.0344827586206896,0.001410437235543,0.0,5,2.5,1,1,1,1,1,1,1,1
advantage endgame pin veryLong,g1g2 d1d2 c6c8 g8h7 c4d3 f7f5 c8c2 d2f2,6k1/5pp1/2R1p2p/8/P1B5/1P4P1/1q3QKP/3r4 b - -,2288,81,-1,314,329,148056,1,31,1000,0,0,-383,2,17,0,0,1000,-456.0,3.0,18.0,0.0,0.0,1000.0,1000,0,0,21,18,3,39,4,0,1,1,1,1,4,0,0,1,1,1,0,0,0,0,1,1,0,0,0,0,0,0,0,0,0,0,1,0,0,0,0,0,0,1,0,0,0,0,0,0,0,0,0,0,0,0,0,0,0,0,0,0,0,0,0,0,0,0,0,0,0,0,0,0,0,0,0,0,0,0,0,0,0,0,0,0,0,0,0,0,0,0,0,0,1,1,1,1.0,1.0,1.0,1,1,1,1,1,2,1,1,1,2,1,37,1012,32688,33737,3,3,0.027027027027027,0.0009881422924901,3.059226627508566e-05,4,1.3333333333333333,1,1,1,1,1,1,1,1
mate mateIn1 middlegame oneMove,b8e8 e1e8,4r1k1/2Q4p/pp6/2p2n2/P2P1P1q/2P4P/2PB2b1/4R1K1 w - -,917,76,1,1500,1500,48991,1,2,1000,0,0,0,2,16,2,996,2,-331.0,3.0,24.0,0.0,0.0,1000.0,1000,0,0,23,24,-1,47,6,0,1,1,1,1,4,1,1,1,1,1,0,0,0,1,0,0,0,0,0,0,1,0,0,0,0,0,0,0,0,0,1,1,0,0,0,0,0,0,0,0,0,0,0,0,0,0,0,0,0,0,0,0,0,0,0,0,0,0,0,0,0,0,0,0,0,0,0,0,0,0,0,0,0,0,0,0,0,0,0,0,0,0,0,0,0,0,0,0.0,0.0,0.0,0,0,0,0,0,0,0,0,0,0,0,35,1420,44724,46179,0,0,0.0,0.0,0.0,0,0.0,1,1,1,1,1,1,1,1
mate mateIn1 middlegame oneMove,d5c3 d6d2,3r1k1r/5p1p/b2q1p2/P3p3/Bp2P3/2N2P2/3Q2PP/1R2K2R b K -,578,103,-1,-1500,-1500,24535,1,2,1000,0,0,-2,2,20,2,995,3,-234.0,3.0,22.0,0.0,0.0,1000.0,1000,0,0,30,27,3,57,5,1,1,2,1,1,5,0,1,2,1,1,0,0,0,1,0,0,0,0,0,0,1,0,0,0,0,0,0,0,0,0,1,1,0,0,0,0,0,0,0,0,0,0,0,0,0,0,0,0,0,0,0,0,0,0,0,0,0,0,0,0,0,0,0,0,0,0,0,0,0,0,0,0,0,0,0,0,0,0,0,0,0,0,0,0,0,0,0,0.0,0.0,0.0,0,0,0,0,0,0,0,0,0,0,0,33,1353,45596,46982,0,0,0.0,0.0,0.0,0,0.0,1,1,1,1,1,1,1,1
crushing defensiveMove endgame long,h1h6 g6h6 c2c1q g4g5 c1c6 h6g7,8/5P1P/1p4Kr/8/6P1/8/2p5/k7 w - -,2602,94,1,499,580,513344,1,36,1000,0,0,-648,2,25,0,0,1000,-812.0,3.0,29.0,0.0,0.0,1000.0,1000,0,0,3,7,-4,10,3,0,0,0,0,1,2,0,0,1,0,1,1,0,1,0,0,1,0,0,0,0,0,0,0,0,0,0,0,0,0,0,0,0,0,0,0,0,0,0,0,0,0,0,0,0,0,0,0,0,0,0,0,0,1,0,0,0,0,0,0,0,0,0,0,0,0,0,0,0,0,0,0,0,0,0,0,0,0,0,0,0,0,0,0,0,1,1,2,1.0,2.0,1.5,1,1,0,1,1,2,1,1,1,2,1,4,65,736,805,2,4,0.25,0.0153846153846153,0.0027173913043478,4,1.0,0,0,1,1,1,1,1,1
endgame mate mateIn1 oneMove rookEndgame,b6b5 f6f5,8/8/5pkp/1RP5/1P3PKP/r7/8/8 b - -,887,81,-1,-1500,-1500,46408,1,2,1000,0,0,-1500,2,2,1000,0,0,-511.0,3.0,30.0,0.0,0.0,1000.0,1000,0,0,9,7,2,16,4,0,0,1,0,1,2,0,0,1,0,1,0,0,0,0,0,1,0,1,0,0,1,0,0,0,0,0,0,0,0,0,1,1,0,0,0,0,0,0,0,0,0,0,0,0,0,0,0,0,0,0,0,0,0,0,0,0,0,0,0,0,0,0,0,0,0,0,0,0,0,0,0,0,0,0,0,0,0,0,0,0,0,0,0,0,0,0,0,0.0,0.0,0.0,0,0,0,0,0,0,0,0,0,0,0,19,143,1981,2143,0,0,0.0,0.0,0.0,0,0.0,0,0,0,1,1,0,1,0
backRankMate mate mateIn2 middlegame short,d3b4 d4d1 b1d1 d5d1,2n3k1/p4ppp/2p1p3/P1NrP3/1N1r4/8/5PPP/1R1R2K1 b - -,608,103,-1,-1500,-1500,46258,1,4,1000,0,0,59,2,20,66,934,0,-463.0,3.0,18.0,0.0,0.0,1000.0,1000,0,0,21,19,2,40,5,2,0,2,0,1,6,1,0,2,0,1,0,0,0,1,0,0,1,0,0,0,1,1,0,0,0,0,0,0,0,0,0,0,0,0,0,1,0,0,0,0,0,0,0,0,0,0,0,0,0,0,0,0,0,0,0,0,0,0,0,0,0,0,0,0,0,0,0,0,0,0,0,0,0,0,0,0,0,0,0,0,0,0,0,0,1,1,0,1.0,0.0,0.5,1,1,0,3,2,0,1,1,0,1,0,26,817,22961,23804,2,2,0.0384615384615384,0.0012239902080783,0.0,5,2.5,1,1,1,1,1,1,1,1
advantage discoveredAttack middlegame short,f1h1 f2e3 c1b1 h2e2,r3r1k1/p2Q1p1p/1p2p1p1/8/1P1P4/P3P3/1B2Nb1q/2KR3R b - -,1551,81,-1,224,215,166268,1,22,999,1,0,-143,2,27,0,72,928,-236.0,3.0,20.0,0.0,0.0,1000.0,1000,0,0,29,28,1,57,4,1,1,2,1,1,6,0,1,2,1,1,0,0,0,1,1,0,1,0,0,0,0,0,0,0,0,0,0,0,0,0,0,0,0,0,0,0,1,0,0,0,0,0,0,0,0,0,0,0,0,0,0,0,0,0,0,0,0,0,0,0,0,0,0,0,0,0,0,0,0,0,0,0,0,0,0,0,0,0,0,0,0,0,0,0,0,0,0,0.0,0.0,0.0,0,0,0,0,0,0,0,0,0,0,0,38,1283,44018,45339,0,0,0.0,0.0,0.0,0,0.0,1,1,1,1,1,1,1,1
crushing fork long middlegame,g6e5 d4e5 d6c5 b5c5 b6c5 e5f6,3r4/p5k1/1p1qpr1p/1Q1pn1p1/3P1pP1/1PP5/P5PP/4RRK1 w - -,1317,74,1,412,400,308704,1,39,1000,0,0,22,2,16,8,991,1,-464.0,3.0,24.0,0.0,0.0,1000.0,1000,0,0,26,29,-3,55,7,0,0,2,1,1,7,1,0,2,1,1,1,0,1,1,0,0,0,0,1,0,0,0,0,0,0,0,0,0,0,0,0,0,0,0,0,0,0,0,0,0,0,0,0,0,0,0,0,0,0,0,0,0,0,0,0,0,0,0,0,0,0,0,0,0,0,0,0,0,0,0,0,0,0,0,0,0,0,0,0,0,0,0,0,0,1,1,1,1.0,1.0,1.0,1,1,1,1,1,1,1,1,1,2,1,34,1290,42413,43737,3,3,0.0294117647058823,0.0007751937984496,2.3577676655742344e-05,3,1.0,0,1,0,1,1,1,1,1
capturingDefender crushing opening short,f3g5 g4e3 f2e3 d8g5,r2q1rk1/ppp2ppp/2nbb3/6N1/6n1/2NPB3/PPP1BPPP/R2QK2R b KQ -,1201,94,-1,423,425,378133,1,42,1000,0,0,-52,2,19,2,881,117,-109.0,3.0,20.0,0.0,409.0,591.0,1000,0,0,38,37,1,75,7,2,2,2,1,1,6,2,2,2,1,1,1,0,0,0,0,0,1,0,0,0,0,0,0,0,0,0,0,0,0,0,0,0,1,0,0,0,0,0,0,0,0,0,0,0,0,0,0,0,0,0,0,0,0,0,0,0,0,0,0,0,0,0,0,0,1,0,0,0,0,0,0,0,0,0,0,0,0,0,0,0,0,0,0,0,1,1,1,1.0,1.0,1.0,1,1,1,2,2,2,1,1,1,2,1,47,1905,88352,90304,3,3,0.0212765957446808,0.000524934383202,1.131836291198841e-05,6,2.0,0,1,1,1,1,1,1,1
crushing middlegame short,c8c7 g4g5 d8g5 g3g5,3q1r1k/p1r3pp/8/1p1BpPb1/2Pp2Q1/P2P2R1/6PP/R5K1 w - -,827,96,1,440,444,105396,1,30,1000,0,0,61,2,17,87,913,0,57.0,3.0,18.0,71.0,929.0,0.0,1000,0,0,28,28,0,56,6,0,1,2,1,1,6,0,1,2,1,1,1,0,0,1,0,0,1,0,0,0,0,0,0,0,0,0,0,0,0,0,0,0,0,0,0,0,0,0,0,0,0,0,0,0,0,0,0,0,0,0,0,0,0,0,0,0,0,0,0,0,0,0,0,0,0,0,0,0,0,0,0,0,0,0,0,0,0,0,0,0,0,0,0,0,1,2,2,2.0,1.0,1.5,1,0,2,1,4,6,1,1,1,2,1,36,1357,47946,49339,3,5,0.0277777777777777,0.0014738393515106,4.171359446043466e-05,11,2.2,1,1,1,1,1,1,1,1
kingsideAttack mate mateIn1 middlegame oneMove,d3c2 d5g2,r4rk1/pb3ppp/1p2p3/3q4/3N4/2P4P/PPQ2PP1/R4RK1 b - -,633,87,-1,-1500,-1500,91225,1,2,1000,0,0,52,2,28,51,949,0,51.0,3.0,20.0,50.0,950.0,0.0,1000,0,0,28,28,0,56,6,1,0,2,1,1,6,0,1,2,1,1,0,0,0,1,0,0,0,0,0,0,1,0,0,0,0,1,0,0,0,0,1,1,0,0,0,0,0,0,0,0,0,0,0,0,0,0,0,0,0,0,0,0,0,0,0,0,0,0,0,0,0,0,0,0,0,0,0,0,0,0,0,0,0,0,0,0,0,0,0,0,0,0,0,0,0,0,0,0.0,0.0,0.0,0,0,0,0,0,0,0,0,0,0,0,40,1498,58124,59662,0,0,0.0,0.0,0.0,0,0.0,1,1,1,1,1,1,1,1
advantage long middlegame,e5e6 b7h1 d1d7 d8c8 d7c7 c8b8,N2k3r/1b1n1Bpp/p3P3/1pb5/6P1/4p3/PPP4P/1K1R3R b - -,1782,78,-1,257,233,89357,1,25,1000,0,0,-237,2,23,0,0,1000,-296.0,3.0,25.0,0.0,0.0,1000.0,1000,0,0,22,19,3,41,6,1,1,2,0,1,5,1,2,1,0,1,0,0,1,1,1,0,0,0,0,0,0,0,0,0,0,0,0,0,0,0,0,0,0,0,0,0,0,0,0,0,0,0,0,0,0,0,0,0,0,0,0,0,0,0,0,0,0,0,0,0,0,0,0,0,0,0,0,0,0,0,0,0,0,0,0,0,0,0,0,0,0,0,0,0,1,1,16,1.0,16.0,8.5,1,1,0,6,1,39,1,1,4,4,1,28,878,24179,25085,2,18,0.0357142857142857,0.0011389521640091,0.0006617312543943,46,2.555555555555556,1,1,1,1,1,1,1,1
mate mateIn1 middlegame oneMove,h7h6 g5g6,rn3q1r/4pk2/2pp1npp/p5Q1/1p1PPNP1/5P2/PPP5/R4KNR w - -,856,82,1,1500,1500,74564,1,2,1000,0,0,-56,2,34,0,912,88,-219.0,3.0,23.0,0.0,2.0,998.0,1000,0,0,32,32,0,64,7,2,0,2,1,1,7,2,0,2,1,1,0,0,0,1,0,0,0,0,0,0,1,0,0,0,0,0,0,0,0,0,1,1,0,0,0,0,0,0,0,0,0,0,0,0,0,0,0,0,0,0,0,0,0,0,0,0,0,0,0,0,0,0,0,0,0,0,0,0,0,0,0,0,0,0,0,0,0,0,0,0,0,0,0,0,0,0,0,0.0,0.0,0.0,0,0,0,0,0,0,0,0,0,0,0,41,1148,46819,48008,0,0,0.0,0.0,0.0,0,0.0,1,1,1,1,1,1,1,1
mate mateIn1 middlegame oneMove,f6h6 c2g2,2kr4/1pp5/p1b4R/2PpP3/3B2p1/2P1Q1Pp/PPq4P/5RK1 b - -,831,77,-1,-1500,-1500,65511,1,2,1000,0,0,-369,2,19,0,0,1000,-417.0,3.0,25.0,0.0,0.0,1000.0,1000,0,0,29,23,6,52,7,0,1,2,1,1,6,0,1,1,1,1,0,0,0,1,0,0,0,0,0,0,1,0,0,0,0,0,0,0,0,0,1,1,0,0,0,0,0,0,0,0,0,0,0,0,0,0,0,0,0,0,0,0,0,0,0,0,0,0,0,0,0,0,0,0,0,0,0,0,0,0,0,0,0,0,0,0,0,0,0,0,0,0,0,0,0,0,0,0.0,0.0,0.0,0,0,0,0,0,0,0,0,0,0,0,32,1120,33652,34804,0,0,0.0,0.0,0.0,0,0.0,1,1,1,1,1,1,1,1
crushing endgame short skewer,e8f7 h1h7 f7g6 h7c7,r1b5/ppr2k1p/5p2/5p2/8/2P3P1/P4PP1/4RK1R w - -,974,79,1,492,506,146775,1,29,1000,0,0,-393,2,23,0,0,1000,-394.0,3.0,18.0,0.0,0.0,1000.0,1000,0,0,15,18,-3,33,5,0,0,2,0,1,5,0,1,2,0,1,1,0,0,0,0,1,1,0,0,0,0,0,0,0,0,0,0,0,0,1,0,0,0,0,0,0,0,0,0,0,0,0,0,0,0,0,0,0,0,0,0,0,0,0,0,0,0,0,0,0,0,0,0,0,0,0,0,0,0,0,0,0,0,0,0,0,0,0,0,0,0,0,0,0,1,3,3,3.0,1.0,2.0,1,0,3,6,3,15,1,1,1,2,1,26,500,12596,13122,4,7,0.0384615384615384,0.006,0.0002381708478882,24,3.4285714285714284,1,1,1,1,1,1,1,1
crushing hangingPiece middlegame short,e1e6 e8d7 d2f4 c7f4,r3k2r/p1bN2pp/2p1Rp2/3p3b/3P1q2/2N4P/PPPQ1PP1/R5K1 b kq -,1315,76,-1,392,386,136488,1,31,1000,0,0,-261,2,25,0,0,1000,-278.0,3.0,27.0,0.0,0.0,1000.0,1000,0,0,32,31,1,63,7,2,0,2,1,1,6,0,2,2,1,1,1,1,0,1,0,0,1,0,0,0,0,0,0,0,0,0,0,0,0,0,0,0,0,0,0,0,0,0,0,0,0,0,0,0,0,0,0,0,0,0,0,0,0,0,0,0,0,0,0,0,0,0,0,0,0,0,0,0,0,0,0,0,0,0,0,0,0,0,0,0,0,0,0,0,1,28,28,28.0,1.0,14.5,1,0,28,1,54,56,1,4,1,5,1,3,129,5601,5733,29,57,0.3333333333333333,0.2170542635658914,0.0049991073022674,111,1.947368421052632,1,1,1,1,1,1,1,1
crushing defensiveMove endgame long,b4d3 d2d3 e4d3 e1e6 d3d2 g2f3,3r4/6k1/1p1pr1p1/p1p2p2/P1P1p1P1/1P1n4/3R1PBP/4R1K1 w - -,1402,77,1,255,312,153749,1,33,1000,0,0,29,2,19,10,990,0,-181.0,3.0,17.0,0.0,5.0,995.0,1000,0,0,19,20,-1,39,6,0,1,2,0,1,7,1,0,2,0,1,1,0,1,0,0,1,0,0,0,0,0,0,0,0,0,0,0,0,0,0,0,0,0,0,0,0,0,0,0,0,0,0,0,0,0,0,0,0,0,0,0,0,1,0,0,0,0,0,0,0,0,0,0,0,0,0,0,0,0,0,0,0,0,0,0,0,0,0,0,0,0,0,0,0,1,1,1,1.0,1.0,1.0,1,1,1,1,1,5,1,1,1,2,1,28,890,23895,24813,3,3,0.0357142857142857,0.0011235955056179,4.1849759363883655e-05,7,2.333333333333333,1,1,1,1,1,1,1,1
advantage fork middlegame short,g7g5 d5f6 g8h8 f6e4,5qk1/pQ3p2/7p/b2N1bp1/P3r3/5K2/7P/R4B2 w - -,1060,84,1,231,224,194942,1,26,1000,0,0,-198,2,23,0,2,998,-262.0,3.0,24.0,0.0,0.0,1000.0,1000,0,0,22,24,-2,46,2,1,1,1,1,1,4,0,2,1,1,1,0,0,0,1,1,0,1,0,1,0,0,0,0,0,0,0,0,0,0,0,0,0,0,0,0,0,0,0,0,0,0,0,0,0,0,0,0,0,0,0,0,0,0,0,0,0,0,0,0,0,0,0,0,0,0,0,0,0,0,0,0,0,0,0,0,0,0,0,0,0,0,0,0,0,0,0,0,0.0,0.0,0.0,0,0,0,0,0,0,0,0,0,0,0,42,1751,65902,67695,0,0,0.0,0.0,0.0,0,0.0,0,1,1,1,1,1,1,1
crushing middlegame short,f6f7 c3e4 f5e4 e1e4,rnb1k2r/ppp2q1p/3b2p1/3P1pBQ/4p2N/2N5/PPP2PPP/R3R1K1 w kq -,1982,75,1,429,426,248249,1,35,1000,0,0,117,2,24,693,307,0,53.0,3.0,39.0,96.0,903.0,1.0,1000,0,0,35,35,0,70,7,2,1,2,1,1,7,1,2,2,1,1,1,0,0,1,0,0,1,0,0,0,0,0,0,0,0,0,0,0,0,0,0,0,0,0,0,0,0,0,0,0,0,0,0,0,0,0,0,0,0,0,0,0,0,0,0,0,0,0,0,0,0,0,0,0,0,0,0,0,0,0,0,0,0,0,0,0,0,0,0,0,0,0,0,0,1,2,48,2.0,24.0,13.0,1,0,0,2,2,86,1,2,6,6,1,45,1629,69398,71072,1,51,0.0222222222222222,0.0012277470841006,0.0006916625839361,90,1.7647058823529411,1,1,0,1,1,1,1,1
crushing endgame master short skewer,b4b3 a5a7 c7b8 a7e7,8/2k1b3/5p2/RBpK1Pp1/P2p2P1/1p1P4/2r5/8 w - -,836,80,1,256,368,133293,1,31,1000,0,0,12,2,24,3,996,1,0.0,3.0,14.0,2.0,996.0,2.0,1000,0,0,12,13,-1,25,4,0,1,1,0,1,5,0,1,1,0,1,1,0,0,0,0,1,1,0,0,0,0,0,0,1,0,0,0,0,0,1,0,0,0,0,0,0,0,0,0,0,0,0,0,0,0,0,0,0,0,0,0,0,0,0,0,0,0,0,0,0,0,0,0,0,0,0,0,0,0,0,0,0,0,0,0,0,0,0,0,0,0,0,0,0,1,3,7,3.0,2.333333333333333,2.666666666666667,1,0,2,2,3,15,1,1,3,3,1,10,179,2201,2390,3,11,0.1,0.0167597765363128,0.0031803725579282,20,1.818181818181818,0,1,1,1,1,1,1,1
endgame mate mateIn2 short,c2c3 e7e1 c4f1 e1f1,6k1/4qpp1/3p3p/8/2BP4/1PQ5/3n1PPP/6K1 b - -,978,78,-1,-1500,-1500,46286,1,4,1000,0,0,-143,2,22,0,57,943,-155.0,3.0,20.0,0.0,27.0,973.0,1000,0,0,17,16,1,33,5,0,1,0,1,1,4,1,0,0,1,1,0,0,0,0,0,1,1,0,0,0,1,1,0,0,0,0,0,0,0,0,0,0,0,0,0,0,0,0,0,0,0,0,0,0,0,0,0,0,0,0,0,0,0,0,0,0,0,0,0,0,0,0,0,0,0,0,0,0,0,0,0,0,0,0,0,0,0,0,0,0,0,0,0,0,1,1,0,1.0,0.0,0.5,1,1,0,6,3,0,1,1,0,2,0,29,784,21413,22226,2,2,0.0344827586206896,0.0012755102040816,0.0,9,4.5,1,1,1,1,1,1,1,1
crushing endgame short,g6e4 a2b1 e4b1 c1b1,3r1rk1/5ppp/p7/1p1P4/2Ppq3/P6Q/B4PPP/2R3K1 w - -,1330,98,1,209,275,250609,1,32,1000,0,0,-287,2,26,0,0,1000,-314.0,3.0,18.0,0.0,0.0,1000.0,1000,0,0,23,25,-2,48,6,0,1,1,1,1,6,0,0,2,1,1,1,0,0,0,0,1,1,0,0,0,0,0,0,0,0,0,0,0,0,0,0,0,0,0,0,0,0,0,0,0,0,0,0,0,0,0,0,0,0,0,0,0,0,0,0,0,0,0,0,0,0,0,0,0,0,0,0,0,0,0,0,0,0,0,0,0,0,0,0,0,0,0,0,0,1,10,14,10.0,1.4,5.7,1,0,6,1,18,60,1,1,3,3,1,34,1206,37675,38915,7,25,0.0294117647058823,0.0082918739635157,0.0003715992037159,79,3.16,1,1,1,1,1,1,1,1
crushing deflection kingsideAttack middlegame pin short,e6f4 f5h6 g8h8 h6f7,2rqrbk1/pp3ppp/8/3p1N2/3NnnQ1/2P4P/PP3PP1/R4RK1 w - -,1525,82,1,503,495,1649239,1,40,1000,0,0,-42,2,22,1,954,45,-183.0,3.0,27.0,0.0,12.0,988.0,1000,0,0,31,34,-3,65,6,2,0,2,1,1,6,2,1,2,1,1,1,0,0,1,0,0,1,0,0,0,0,0,0,0,0,1,0,0,0,0,0,0,0,1,0,0,0,0,0,0,1,0,0,0,0,0,0,0,0,0,0,0,0,0,0,0,0,0,0,0,0,0,0,0,0,0,0,0,0,0,0,0,0,0,0,0,0,0,0,0,0,0,0,0,1,1,1,1.0,1.0,1.0,1,1,1,2,1,2,1,1,1,2,1,42,1911,77282,79235,3,3,0.0238095238095238,0.0005232862375719,1.2939623715742346e-05,5,1.6666666666666667,1,1,1,1,1,1,1,1
long mate mateIn3 middlegame queensideAttack sacrifice,e6d7 e3e8 d7e8 e1e8 g8e8 a4e8,2k3r1/pppb1prp/1q6/8/Q7/2P1R1P1/P4P1P/4R1K1 w - -,908,100,1,1500,1500,275809,1,6,1000,0,0,-380,2,28,0,0,1000,-400.0,3.0,23.0,0.0,0.0,1000.0,1000,0,0,24,27,-3,51,5,0,0,2,1,1,5,0,1,2,1,1,0,0,1,1,0,0,0,0,0,0,1,0,0,0,0,0,0,0,0,0,0,0,0,0,0,0,0,1,0,0,0,0,0,0,0,0,1,0,0,1,0,0,0,0,0,0,0,0,0,0,0,0,0,0,0,0,0,0,0,0,0,0,0,0,0,0,0,0,0,0,0,0,0,0,1,2,2,2.0,1.0,1.5,1,0,2,5,3,14,1,2,1,2,0,41,1612,61554,63207,3,5,0.024390243902439,0.0012406947890818,3.2491795821555056e-05,22,4.4,1,1,1,1,1,1,1,1
crushing endgame long,d1b3 e4e1 f8f1 e1f1 g1f1 g8b3,5Rbk/6pp/8/p3P3/Pp1pq3/1Q6/1P4PP/6K1 b - -,1595,77,-1,570,573,299362,1,35,1000,0,0,-770,2,29,0,0,1000,-1068.0,3.0,30.0,0.0,0.0,1000.0,1000,0,0,19,17,2,36,5,0,0,1,1,1,5,0,1,0,1,1,1,0,1,0,0,1,0,0,0,0,0,0,0,0,0,0,0,0,0,0,0,0,0,0,0,0,0,0,0,0,0,0,0,0,0,0,0,0,0,0,0,0,0,0,0,0,0,0,0,0,0,0,0,0,0,0,0,0,0,0,0,0,0,0,0,0,0,0,0,0,0,0,0,0,1,1,1,1.0,1.0,1.0,1,1,1,3,7,1,1,1,1,2,1,23,676,15141,15840,3,3,0.0434782608695652,0.0014792899408284,6.604583581005217e-05,11,3.6666666666666665,1,1,1,1,1,1,1,1
attackingF2F7 crushing middlegame short,e7h4 c4f7 e8e7 f7h5,r3k3/ppp2p2/1b1p3p/4p2r/2B1P1bq/P1PP1P2/1P4PQ/RN3R1K w q -,1976,77,1,315,335,40375,1,32,1000,0,0,1500,2,17,0,0,1000,1500.0,3.0,15.0,0.0,0.0,1000.0,1000,0,0,32,32,0,64,7,1,1,2,1,1,7,0,2,2,1,1,1,0,0,1,0,0,1,0,0,0,0,0,0,0,0,0,0,0,0,0,0,0,0,0,0,0,0,0,0,0,0,0,0,0,0,0,0,0,0,0,0,0,0,0,1,0,0,0,0,0,0,0,0,0,0,0,0,0,0,0,0,0,0,0,0,0,0,0,0,0,0,0,0,0,1,3,3,3.0,1.0,2.0,1,0,3,3,3,6,1,1,1,2,1,23,783,18159,18965,4,7,0.0434782608695652,0.003831417624521,0.0001652073352056,12,1.7142857142857142,1,1,1,1,1,1,1,1
advantage middlegame sacrifice short,b1a2 c4c3 b2c3 f7f6,1r4k1/5p2/2q3bp/4R3/p1r5/P1N5/KPP1Q2P/2R5 b - -,2438,84,-1,274,347,182258,1,39,1000,0,0,-30,2,21,0,988,12,-57.0,3.0,18.0,0.0,938.0,62.0,1000,0,0,26,25,1,51,4,1,0,2,1,1,3,0,1,2,1,1,0,0,0,1,1,0,1,0,0,0,0,0,0,0,0,0,0,0,0,0,0,0,0,0,0,0,0,1,0,0,0,0,0,0,0,0,0,0,0,0,0,0,0,0,0,0,0,0,0,0,0,0,0,0,0,0,0,0,0,0,0,0,0,0,0,0,0,0,0,0,0,0,0,0,1,3,33,3.0,11.0,7.0,1,0,2,1,4,64,1,2,5,5,1,50,2147,98757,100954,3,37,0.02,0.0013972985561248,0.0003341535283574,69,1.864864864864865,0,0,1,1,1,1,1,1
mate mateIn1 middlegame oneMove,c1b2 h5g3,r6r/1q2bpk1/7p/p1p1pPpn/Pp2P1nP/1P1B1N2/1BP3P1/3RR1QK b - -,927,75,-1,-1500,-1500,82061,1,2,1000,0,0,255,2,28,999,1,0,209.0,3.0,23.0,994.0,6.0,0.0,1000,0,0,35,35,0,70,7,1,2,2,1,1,7,2,1,2,1,1,0,0,0,1,0,0,0,0,0,0,1,0,0,0,0,0,0,0,0,0,1,1,0,0,0,0,0,0,0,0,0,0,0,0,0,0,0,0,0,0,0,0,0,0,0,0,0,0,0,0,0,0,0,0,0,0,0,0,0,0,0,0,0,0,0,0,0,0,0,0,0,0,0,0,1,23,573,23.0,24.91304347826087,23.95652173913044,1,0,0,1,34,1096,1,4,6,6,1,44,1434,57622,59100,1,597,0.0227272727272727,0.0160390516039051,0.0099441185658255,1131,1.894472361809045,1,1,1,1,1,1,1,1
crushing endgame rookEndgame veryLong,e4f3 c1c3 f3g2 c3h3 g2h3 h6h5 g4h5 g5h5,8/1pp5/p2p3p/3P1Pk1/P5P1/1P3K1R/8/2r5 b - -,2236,107,-1,318,398,162442,1,20,1000,0,0,56,2,27,53,947,0,-201.0,3.0,26.0,0.0,1.0,999.0,1000,0,0,10,10,0,20,5,0,0,1,0,1,5,0,0,1,0,1,1,0,0,0,0,1,0,1,0,0,0,0,0,0,0,0,1,0,0,0,0,0,0,0,0,0,0,0,0,0,0,0,0,0,0,0,0,0,0,0,0,0,0,0,0,0,0,0,0,0,0,0,0,0,0,0,0,0,0,0,0,0,0,0,0,0,0,0,0,0,0,0,0,0,1,1,1,1.0,1.0,1.0,1,1,1,2,1,5,1,1,1,2,1,19,260,4406,4685,3,3,0.0526315789473684,0.0038461538461538,0.0002269632319564,8,2.6666666666666665,1,1,1,1,1,1,1,1
endgame hangingPiece mate mateIn1 oneMove,c2b1 c1c8,2r3k1/5p1p/4pP2/3p3P/8/5P2/p5P1/1bR3K1 w - -,485,95,1,1500,1500,53023,1,2,1000,0,0,-614,2,21,0,0,1000,-623.0,3.0,22.0,0.0,0.0,1000.0,1000,0,0,9,13,-4,22,4,0,0,1,0,1,5,0,1,1,0,1,0,1,0,0,0,1,0,0,0,0,1,0,0,0,0,0,0,0,0,0,1,1,0,0,0,0,0,0,0,0,0,0,0,0,0,0,0,0,0,0,0,0,0,0,0,0,0,0,0,0,0,0,0,0,0,0,0,0,0,0,0,0,0,0,0,0,0,0,0,0,0,0,0,0,0,0,0,0.0,0.0,0.0,0,0,0,0,0,0,0,0,0,0,0,19,442,7694,8155,0,0,0.0,0.0,0.0,0,0.0,1,1,1,1,1,1,1,1
advancedPawn endgame mate mateIn2 pawnEndgame short,d1e1 d3e3 h3h4 f3f2,8/1P6/8/7p/3P4/3k1p1P/4p3/4K3 b - -,1794,77,-1,-1500,-1500,49528,1,4,1000,0,0,0,2,26,1,998,1,-602.0,3.0,20.0,0.0,0.0,1000.0,1000,0,0,3,3,0,6,3,0,0,0,0,1,3,0,0,0,0,1,0,0,0,0,0,1,1,0,0,1,1,1,0,0,0,0,0,0,0,0,0,0,0,0,0,0,0,0,0,0,0,0,0,1,0,0,0,0,0,0,0,0,0,0,0,0,0,0,0,0,0,0,0,0,0,0,0,0,0,0,0,0,0,0,0,0,0,0,0,0,0,0,0,0,1,6,3,6.0,0.5,3.25,1,0,3,1,6,3,1,1,1,2,0,8,50,410,468,4,10,0.125,0.12,0.0073170731707317,10,1.0,1,1,1,1,1,1,1,1
bishopEndgame crushing defensiveMove endgame short,b3d1 g4h4 d1a4 e5e6,8/5k2/8/3pPPB1/1p4K1/8/8/3b4 w - -,2594,90,1,266,402,193460,1,29,1000,0,0,43,2,18,22,978,0,24.0,3.0,23.0,7.0,993.0,0.0,1000,0,0,5,5,0,10,2,0,1,0,0,1,2,0,1,0,0,1,1,0,0,0,0,1,1,0,0,0,0,0,0,0,0,0,0,0,0,0,0,0,0,0,0,0,0,0,1,0,0,0,0,0,0,0,0,0,0,0,0,0,1,0,0,0,0,0,0,0,0,0,0,0,0,0,0,0,0,0,0,0,0,0,0,0,0,0,0,0,0,0,0,0,1,2,5,2.0,2.5,2.25,1,0,0,1,2,7,1,1,2,3,1,4,52,702,758,1,8,0.25,0.0384615384615384,0.0071225071225071,10,1.25,0,1,1,1,1,1,1,1
crushing endgame knightEndgame short,h2h4 b4b3 c2b3 c4b3,1k6/8/8/6p1/1pp4P/p4PP1/N1P5/7K b - -,936,88,-1,512,543,232836,1,45,1000,0,0,-371,2,16,0,0,1000,-411.0,3.0,20.0,0.0,0.0,1000.0,1000,0,0,7,4,3,11,4,1,0,0,0,1,4,0,0,0,0,1,1,0,0,0,0,1,1,0,0,0,0,0,0,0,0,0,0,0,0,0,0,0,0,0,0,0,0,0,0,0,0,0,0,0,0,0,0,0,0,0,1,0,0,0,0,0,0,0,0,0,0,0,0,0,0,0,0,0,0,0,0,0,0,0,0,0,0,0,0,0,0,0,0,0,1,3,17,3.0,5.666666666666667,4.333333333333334,1,0,1,1,5,17,1,2,2,3,1,9,97,903,1009,2,21,0.1111111111111111,0.0309278350515463,0.0188261351052048,23,1.0952380952380951,1,1,1,1,1,1,1,1
crushing endgame rookEndgame short,g5g4 a5a6 h3h2 h8h2,7R/1K3p2/6k1/PP6/6p1/6rp/8/8 w - -,1873,80,1,428,466,261230,1,18,1000,0,0,36,2,36,14,986,0,30.0,3.0,24.0,10.0,990.0,0.0,1000,0,0,7,8,-1,15,2,0,0,1,0,1,3,0,0,1,0,1,1,0,0,0,0,1,1,1,0,0,0,0,0,0,0,0,0,0,0,0,0,0,0,0,0,0,0,0,0,0,0,0,0,0,0,0,0,0,0,0,0,0,0,0,0,0,0,0,0,0,0,0,0,0,0,0,0,0,0,0,0,0,0,0,0,0,0,0,0,0,0,0,0,0,1,7,15,7.0,2.142857142857143,4.571428571428571,1,0,3,1,17,28,1,3,2,3,1,22,327,6184,6533,4,23,0.0454545454545454,0.0214067278287461,0.0024256144890038,46,2.0,0,1,1,1,1,1,1,1
kingsideAttack mate mateIn1 middlegame oneMove,b1c3 d5g2,2k2bn1/ppp2Nrp/2b1p3/3q2BQ/8/2N5/PP3PPP/R4RK1 b - -,672,79,-1,-1500,-1500,164986,1,2,1000,0,0,-220,2,26,0,1,999,-249.0,3.0,31.0,0.0,0.0,1000.0,1000,0,0,33,28,5,61,5,2,1,2,1,1,5,1,2,1,1,1,0,0,0,1,0,0,0,0,0,0,1,0,0,0,0,1,0,0,0,0,1,1,0,0,0,0,0,0,0,0,0,0,0,0,0,0,0,0,0,0,0,0,0,0,0,0,0,0,0,0,0,0,0,0,0,0,0,0,0,0,0,0,0,0,0,0,0,0,0,0,0,0,0,0,0,0,0,0.0,0.0,0.0,0,0,0,0,0,0,0,0,0,0,0,42,1968,82693,84703,0,0,0.0,0.0,0.0,0,0.0,1,1,1,1,1,1,1,1
crushing endgame fork short,f7f8 f4g5 h4g5 e3g5,4Rrk1/p6p/1pp2rp1/8/5B1q/4QP1P/P1P2PK1/8 w - -,1974,75,1,521,535,257197,1,33,1000,0,0,16,2,25,4,995,1,-134.0,3.0,20.0,0.0,99.0,901.0,1000,0,0,22,24,-2,46,5,0,1,1,1,1,5,0,0,2,1,1,1,0,0,0,0,1,1,0,1,0,0,0,0,0,0,0,0,0,0,0,0,0,0,0,0,0,0,0,0,0,0,0,0,0,0,0,0,0,0,0,0,0,0,0,0,0,0,0,0,0,0,0,0,0,0,0,0,0,0,0,0,0,0,0,0,0,0,0,0,0,0,0,0,0,1,2,2,2.0,1.0,1.5,1,0,2,1,3,2,1,1,2,4,1,40,967,32616,33623,3,5,0.025,0.0020682523267838,6.13195977434388e-05,6,1.2,0,1,1,1,1,1,1,1
doubleBishopMate mate mateIn1 middlegame oneMove,h8f8 c1g5,rnbk1r2/pppp1Bpp/8/5p2/4p3/2PP4/P1P2PPP/R1B1K2R w KQ -,879,145,1,1500,1500,96166,1,2,1000,0,0,14,2,24,4,995,1,2.0,3.0,24.0,2.0,997.0,1.0,1000,0,0,23,24,-1,47,7,0,2,2,0,1,8,1,1,2,0,1,0,0,0,1,0,0,0,0,0,0,1,0,0,0,0,0,0,0,0,0,1,1,0,0,0,0,0,0,0,0,0,0,0,0,0,0,0,0,0,0,0,0,0,0,0,0,0,0,0,0,0,0,0,0,0,0,1,0,0,0,0,0,0,0,0,0,0,0,0,0,0,0,0,0,0,0,0,0.0,0.0,0.0,0,0,0,0,0,0,0,0,0,0,0,34,733,23888,24655,0,0,0.0,0.0,0.0,0,0.0,1,1,1,1,1,1,1,1
kingsideAttack mate mateIn1 middlegame oneMove,e2f1 c2h7,r2q1rk1/ppp2ppp/2n5/3p2N1/3P4/1B5P/P1Q2PP1/R1B2bK1 w - -,743,80,1,1500,1500,123800,1,2,1000,0,0,244,2,25,1000,0,0,242.0,3.0,28.0,1000.0,0.0,0.0,1000,0,0,28,32,-4,60,5,1,2,1,1,1,7,1,1,2,1,1,0,0,0,1,0,0,0,0,0,0,1,0,0,0,0,1,0,0,0,0,1,1,0,0,0,0,0,0,0,0,0,0,0,0,0,0,0,0,0,0,0,0,0,0,0,0,0,0,0,0,0,0,0,0,0,0,0,0,0,0,0,0,0,0,0,0,0,0,0,0,0,0,0,0,3,79,795,26.33333333333333,10.063291139240508,18.19831223628692,0,0,10,5,138,1320,2,6,6,6,1,38,1212,46765,48015,10,877,0.0789473684210526,0.0651815181518151,0.0169998930824334,1463,1.6681870011402509,1,1,1,1,1,1,1,1
mate mateIn1 middlegame oneMove,d2e4 f4h2,Q4n1k/p2b2pp/3b4/2p5/4Nq2/2Pn3P/PP2BPP1/R1B2RK1 b - -,1339,93,-1,-1500,-1500,313327,1,2,1000,0,0,-453,2,32,0,0,1000,-590.0,3.0,19.0,0.0,0.0,1000.0,1000,0,0,34,25,9,59,6,1,2,2,1,1,4,2,2,0,1,1,0,0,0,1,0,0,0,0,0,0,1,0,0,0,0,0,0,0,0,0,1,1,0,0,0,0,0,0,0,0,0,0,0,0,0,0,0,0,0,0,0,0,0,0,0,0,0,0,0,0,0,0,0,0,0,0,0,0,0,0,0,0,0,0,0,0,0,0,0,0,0,0,0,0,0,0,0,0.0,0.0,0.0,0,0,0,0,0,0,0,0,0,0,0,43,1504,61968,63515,0,0,0.0,0.0,0.0,0,0.0,1,1,1,1,1,1,1,1
crushing defensiveMove endgame master rookEndgame short,c4c1 f4g5 c1g1 g5f6,5k2/1R6/3pp1P1/2p5/1p2PK2/5P2/8/2r5 w - -,1815,75,1,288,296,114946,1,16,1000,0,0,38,2,26,16,984,0,20.0,3.0,23.0,5.0,995.0,0.0,1000,0,0,8,9,-1,17,3,0,0,1,0,1,4,0,0,1,0,1,1,0,0,0,0,1,1,1,0,0,0,0,0,1,0,0,0,0,0,0,0,0,0,0,0,0,0,0,0,0,0,0,0,0,0,0,0,0,0,0,0,0,1,0,0,0,0,0,0,0,0,0,0,0,0,0,0,0,0,0,0,0,0,0,0,0,0,0,0,0,0,0,0,0,1,7,7,7.0,1.0,4.0,1,0,7,1,9,7,1,2,1,3,1,17,236,3705,3958,8,15,0.0588235294117647,0.0296610169491525,0.0018893387314439,17,1.1333333333333333,0,1,1,1,1,1,1,1
advantage middlegame short,d4a1 c1b2 a1b2 c2b2,3r1rk1/p4pp1/b1p4p/8/BPP5/P2P3P/2Q3P1/qNB4K w - -,1294,74,1,335,333,137612,1,22,1000,0,0,-281,2,18,0,0,1000,-321.0,3.0,24.0,0.0,0.0,1000.0,1000,0,0,24,27,-3,51,6,1,2,0,1,1,5,0,1,2,1,1,0,0,0,1,1,0,1,0,0,0,0,0,0,0,0,0,0,0,0,0,0,0,0,0,0,0,0,0,0,0,0,0,0,0,0,0,0,0,0,0,0,0,0,0,0,0,0,0,0,0,0,0,0,0,0,0,0,0,0,0,0,0,0,0,0,0,0,0,0,0,0,0,0,0,1,3,4,3.0,1.3333333333333333,2.1666666666666665,1,0,2,1,3,5,1,1,3,3,1,27,792,22480,23299,3,8,0.037037037037037,0.0037878787878787,0.0001779359430604,9,1.125,0,1,1,1,1,1,1,1
crushing defensiveMove endgame long rookEndgame,d5c5 d8c8 c5d4 c8c4 d4c4 h5h4,3r4/5k2/p4Pp1/2K3Pp/2R5/P7/8/8 b - -,1391,75,-1,646,683,272306,1,41,1000,0,0,0,2,22,1,998,1,0.0,3.0,19.0,1.0,998.0,1.0,1000,0,0,8,8,0,16,3,0,0,1,0,1,3,0,0,1,0,1,1,0,1,0,0,1,0,1,0,0,0,0,0,0,0,0,0,0,0,0,0,0,0,0,0,0,0,0,0,0,0,0,0,0,0,0,0,0,0,0,0,0,1,0,0,0,0,0,0,0,0,0,0,0,0,0,0,0,0,0,0,0,0,0,0,0,0,0,0,0,0,0,0,0,1,1,1,1.0,1.0,1.0,1,1,1,1,1,4,1,1,1,2,1,20,277,4610,4907,3,3,0.05,0.003610108303249,0.0002169197396963,6,2.0,0,1,1,1,1,1,1,1
crushing long middlegame,h5g6 g3g6 f7g6 e5e6 d6e6 e1e6,r5k1/5pp1/1p1rb1qp/3pR3/p1pP4/P1P3Q1/5PPN/4R1K1 w - -,1328,75,1,424,427,627206,1,39,1000,0,0,-111,2,18,0,338,662,-150.0,3.0,20.0,0.0,46.0,954.0,1000,0,0,27,29,-2,56,5,1,0,2,1,1,7,0,1,2,1,1,1,0,1,1,0,0,0,0,0,0,0,0,0,0,0,0,0,0,0,0,0,0,0,0,0,0,0,0,0,0,0,0,0,0,0,0,0,0,0,0,0,0,0,0,0,0,0,0,0,0,0,0,0,0,0,0,0,0,0,0,0,0,0,0,0,0,0,0,0,0,0,0,0,0,1,3,3,3.0,1.0,2.0,1,0,3,3,6,9,1,1,1,3,1,32,1064,34132,35228,4,7,0.03125,0.0028195488721804,8.789405836165475e-05,18,2.571428571428572,1,1,1,1,1,1,1,1
advantage middlegame short,b4d6 e2e7 d6e7 e1e7,3r1rk1/pp2n1pp/3q4/8/N7/1PB5/P3QPPP/4R1K1 w - -,1455,76,1,276,298,251753,1,30,1000,0,0,-154,2,20,0,32,968,-202.0,3.0,27.0,0.0,2.0,998.0,1000,0,0,25,26,-1,51,5,1,1,1,1,1,4,1,0,2,1,1,0,0,0,1,1,0,1,0,0,0,0,0,0,0,0,0,0,0,0,0,0,0,0,0,0,0,0,0,0,0,0,0,0,0,0,0,0,0,0,0,0,0,0,0,0,0,0,0,0,0,0,0,0,0,0,0,0,0,0,0,0,0,0,0,0,0,0,0,0,0,0,0,0,0,1,1,1,1.0,1.0,1.0,1,1,1,5,1,2,1,1,1,2,1,44,2022,87241,89307,3,3,0.0227272727272727,0.0004945598417408,1.1462500429843766e-05,8,2.6666666666666665,1,1,1,1,1,1,1,1
advantage discoveredAttack discoveredCheck fork middlegame short,h5g5 d6f7 h8g8 f7g5,r6k/pp2n1pp/2nN4/4p1r1/1PB5/2P4b/P3Nb1P/R2R3K w - -,887,92,1,505,529,323197,1,38,1000,0,0,0,2,32,2,996,2,-233.0,3.0,22.0,0.0,0.0,1000.0,1000,0,0,23,27,-4,50,4,2,1,2,0,1,5,2,2,2,0,1,0,0,0,1,1,0,1,0,1,0,0,0,0,0,0,0,0,0,0,0,0,0,0,0,0,0,1,0,0,0,0,0,0,0,0,0,0,0,0,0,0,0,0,0,0,0,0,0,0,0,0,0,1,0,0,0,0,0,0,0,0,0,0,0,0,0,0,0,0,0,0,0,0,0,1,1,1,1.0,1.0,1.0,1,1,1,2,1,2,1,1,1,2,1,34,1502,49347,50883,3,3,0.0294117647058823,0.0006657789613848,2.026465641275052e-05,5,1.6666666666666667,1,0,1,1,1,1,1,1
advantage middlegame veryLong,f2h1 c3e5 g7g8 d5e6 d8e7 d1h1 e7g7 e5g7,r1bq1r2/1p4kp/4p1p1/1NpPp1P1/2P1P3/pPQ4B/P7/2KR3n w - -,2496,115,1,211,242,180945,1,38,1000,0,0,-85,2,25,0,710,290,-345.0,3.0,26.0,0.0,0.0,1000.0,1000,0,0,26,32,-6,58,6,1,1,1,1,1,7,1,1,2,1,1,0,0,0,1,1,0,0,0,0,0,0,0,0,0,0,0,1,0,0,0,0,0,0,0,0,0,0,0,0,0,0,0,0,0,0,0,0,0,0,0,0,0,0,0,0,0,0,0,0,0,0,0,0,0,0,0,0,0,0,0,0,0,0,0,0,0,0,0,0,0,0,0,0,0,1,1,1,1.0,1.0,1.0,1,1,1,2,1,1,1,1,1,3,1,36,1227,41576,42839,3,3,0.0277777777777777,0.0008149959250203,2.405233788724264e-05,4,1.3333333333333333,0,1,1,1,1,1,1,1
kingsideAttack mate mateIn1 middlegame oneMove,e6e7 e4h7,1r3rk1/2p1qppb/p2n4/1p2p1Pp/4Qn1P/2P1N3/PPB2P1K/3R2R1 w - -,470,109,1,1500,1500,67499,1,2,1000,0,0,-402,2,25,0,0,1000,-419.0,3.0,25.0,0.0,0.0,1000.0,1000,0,0,31,35,-4,66,6,1,1,2,1,1,7,2,1,2,1,1,0,0,0,1,0,0,0,0,0,0,1,0,0,0,0,1,0,0,0,0,1,1,0,0,0,0,0,0,0,0,0,0,0,0,0,0,0,0,0,0,0,0,0,0,0,0,0,0,0,0,0,0,0,0,0,0,0,0,0,0,0,0,0,0,0,0,0,0,0,0,0,0,0,0,0,0,0,0.0,0.0,0.0,0,0,0,0,0,0,0,0,0,0,0,52,2014,99585,101651,0,0,0.0,0.0,0.0,0,0.0,1,1,1,1,1,1,1,1
crushing exposedKing long middlegame sacrifice,c8d7 h1h8 g7h8 e2e7 f8g8 e7d8,5k2/3b2q1/pn4p1/1rp2p2/8/8/1P2Q1P1/1K2R2R w - -,1581,77,1,435,585,4501889,1,60,1000,0,0,-114,2,18,0,291,709,-207.0,3.0,17.0,0.0,1.0,999.0,1000,0,0,21,24,-3,45,2,0,0,2,1,1,4,1,1,1,1,1,1,0,1,1,0,0,0,0,0,0,0,0,0,0,0,0,0,0,1,0,0,0,0,0,0,0,0,1,0,0,0,0,0,0,0,0,0,0,0,0,0,0,0,0,0,0,0,0,0,0,0,0,0,0,0,0,0,0,0,0,0,0,0,0,0,0,0,0,0,0,0,0,0,0,1,2,8,2.0,4.0,3.0,1,0,0,7,2,13,1,2,4,4,1,38,1051,38646,39735,1,11,0.0263157894736842,0.0019029495718363,0.0002070071934999,22,2.0,0,0,1,1,0,1,1,1
crushing middlegame veryLong,d6b7 b8b7 c5c6 b7b1 g1f1 d8d1 e1d1 b1d1 f1e2 e6d7,1r1r2k1/pN4pp/2n1b3/2R2p2/2P1p3/8/P4PPP/3BR1K1 b - -,2085,84,-1,396,402,159150,1,34,1000,0,0,-40,2,21,0,980,20,-170.0,3.0,32.0,0.0,11.0,989.0,1000,0,0,21,21,0,42,5,1,1,2,0,1,5,1,1,2,0,1,1,0,0,1,0,0,0,0,0,0,0,0,0,0,0,0,1,0,0,0,0,0,0,0,0,0,0,0,0,0,0,0,0,0,0,0,0,0,0,0,0,0,0,0,0,0,0,0,0,0,0,0,0,0,0,0,0,0,0,0,0,0,0,0,0,0,0,0,0,0,0,0,0,0,1,3,3,3.0,1.0,2.0,1,0,3,1,6,21,1,1,1,1,1,34,1016,34384,35434,4,7,0.0294117647058823,0.0029527559055118,8.724988366682178e-05,28,4.0,0,1,0,1,0,1,1,1
endgame mate mateIn1 oneMove,g5h4 b7b8,3k2r1/pR5R/3r4/4p3/7q/3Pn1PP/PP5K/8 w - -,1167,78,1,1500,1500,35098,1,2,1000,0,0,0,2,23,2,997,1,-21.0,3.0,22.0,0.0,994.0,6.0,1000,0,0,15,24,-9,39,5,0,0,2,0,1,2,1,0,2,1,1,0,0,0,0,0,1,0,0,0,0,1,0,0,0,0,0,0,0,0,0,1,1,0,0,0,0,0,0,0,0,0,0,0,0,0,0,0,0,0,0,0,0,0,0,0,0,0,0,0,0,0,0,0,0,0,0,0,0,0,0,0,0,0,0,0,0,0,0,0,0,0,0,0,0,0,0,0,0.0,0.0,0.0,0,0,0,0,0,0,0,0,0,0,0,29,1173,29404,30606,0,0,0.0,0.0,0.0,0,0.0,1,1,1,1,1,1,1,1
crushing master middlegame short,f6e5 g5f4 e5f4 g4f4,1r4k1/p3p1bp/1n4p1/4q1B1/6Q1/1P4pP/P5B1/3R3K w - -,1647,75,1,527,538,174909,1,31,1000,0,0,29,2,19,11,989,0,26.0,3.0,22.0,9.0,991.0,0.0,1000,0,0,23,25,-2,48,3,0,2,1,1,1,5,1,1,1,1,1,1,0,0,1,0,0,1,0,0,0,0,0,0,1,0,0,0,0,0,0,0,0,0,0,0,0,0,0,0,0,0,0,0,0,0,0,0,0,0,0,0,0,0,0,0,0,0,0,0,0,0,0,0,0,0,0,0,0,0,0,0,0,0,0,0,0,0,0,0,0,0,0,0,0,1,1,1,1.0,1.0,1.0,1,1,1,1,1,2,1,1,1,2,1,48,1867,81933,83848,3,3,0.0208333333333333,0.0005356186395286,1.2205094406405234e-05,4,1.3333333333333333,1,1,1,1,1,1,1,1
advantage deflection endgame rookEndgame short,d4g4 e6e5 f5e5 h3g4,8/p1r2p2/4r3/2P1PK2/1P4R1/3R2pk/8/8 b - -,1585,76,-1,197,221,125394,1,22,1000,0,0,-331,2,35,0,0,1000,-367.0,3.0,32.0,0.0,0.0,1000.0,1000,0,0,13,13,0,26,3,0,0,2,0,1,3,0,0,2,0,1,0,0,0,0,1,1,1,1,0,0,0,0,0,0,0,0,0,0,0,0,0,0,0,0,0,0,0,0,0,0,1,0,0,0,0,0,0,0,0,0,0,0,0,0,0,0,0,0,0,0,0,0,0,0,0,0,0,0,0,0,0,0,0,0,0,0,0,0,0,0,0,0,0,0,0,0,0,0.0,0.0,0.0,0,0,0,0,0,0,0,0,0,0,0,21,547,10546,11114,0,0,0.0,0.0,0.0,0,0.0,0,1,1,1,1,1,1,1
attraction crushing discoveredCheck doubleCheck endgame long pin,b7b5 f3g5 h7g7 f5f6 g7f6 g5e4,5r2/5p1k/6pp/ppqp1P2/7Q/5N2/6PP/5N1K w - -,1827,75,1,620,672,1561274,1,54,1000,0,0,-63,2,23,0,916,84,-109.0,3.0,19.0,0.0,360.0,640.0,1000,0,0,18,20,-2,38,3,2,0,0,1,1,6,0,0,1,1,1,1,0,1,0,0,1,0,0,0,0,0,0,0,0,0,0,0,0,0,0,0,0,0,1,0,0,0,0,0,0,0,0,0,0,1,0,0,0,0,0,0,0,0,0,0,0,0,0,0,0,0,0,1,0,0,0,0,1,0,0,0,0,0,0,0,0,0,0,0,0,0,0,0,0,1,1,1,1.0,1.0,1.0,1,1,1,2,1,2,1,1,1,3,1,31,938,26788,27757,3,3,0.032258064516129,0.0010660980810234,3.7330147827385393e-05,5,1.6666666666666667,1,0,1,0,1,1,1,1
endgame mate mateIn1 oneMove,f2d1 a4e8,2k5/1pp2pp1/p3p1p1/3pP2r/Q7/2P1N1P1/PP4P1/2Kn3r w - -,1022,164,1,1500,1500,104821,1,2,1000,0,0,181,2,29,995,5,0,174.0,3.0,30.0,992.0,8.0,0.0,1000,0,0,18,21,-3,39,6,1,0,0,1,1,8,1,0,2,0,1,0,0,0,0,0,1,0,0,0,0,1,0,0,0,0,0,0,0,0,0,1,1,0,0,0,0,0,0,0,0,0,0,0,0,0,0,0,0,0,0,0,0,0,0,0,0,0,0,0,0,0,0,0,0,0,0,0,0,0,0,0,0,0,0,0,0,0,0,0,0,0,0,0,0,0,0,0,0.0,0.0,0.0,0,0,0,0,0,0,0,0,0,0,0,32,904,23142,24078,0,0,0.0,0.0,0.0,0,0.0,1,1,1,1,1,1,1,1
kingsideAttack mate mateIn1 middlegame oneMove,e2d3 e5h2,r1b2rk1/ppb5/2p4p/2Ppqpp1/1P6/2NBP3/P4PPP/2RQ1RK1 b - -,544,87,-1,-1500,-1500,25091,1,2,1000,0,0,168,2,23,975,25,0,118.0,3.0,23.0,728.0,272.0,0.0,1000,0,0,32,32,0,64,7,1,1,2,1,1,7,0,2,2,1,1,0,0,0,1,0,0,0,0,0,0,1,0,0,0,0,1,0,0,0,0,1,1,0,0,0,0,0,0,0,0,0,0,0,0,0,0,0,0,0,0,0,0,0,0,0,0,0,0,0,0,0,0,0,0,0,0,0,0,0,0,0,0,0,0,0,0,0,0,0,0,0,0,0,0,1,1,1,1.0,1.0,1.0,1,1,1,2,1,3,1,1,1,2,1,38,1404,54131,55573,3,3,0.0263157894736842,0.0007122507122507,1.8473702684229e-05,6,2.0,1,1,1,1,1,1,1,1
crushing discoveredAttack endgame master short,f2f3 d5d4 c3d4 e4a8,R7/4k3/5p2/3p2p1/4b2p/2K1PP1P/6P1/8 b - -,1052,79,-1,422,427,69272,1,28,1000,0,0,-381,2,31,0,0,1000,-404.0,3.0,26.0,0.0,0.0,1000.0,1000,0,0,9,7,2,16,4,0,0,1,0,1,4,0,1,0,0,1,1,0,0,0,0,1,1,0,0,0,0,0,0,1,0,0,0,0,0,0,0,0,0,0,0,0,1,0,0,0,0,0,0,0,0,0,0,0,0,0,0,0,0,0,0,0,0,0,0,0,0,0,0,0,0,0,0,0,0,0,0,0,0,0,0,0,0,0,0,0,0,0,0,0,1,2,2,2.0,1.0,1.5,1,0,2,1,2,8,1,1,1,3,1,14,310,4551,4875,3,5,0.0714285714285714,0.0064516129032258,0.000439463854098,11,2.2,1,1,1,1,1,1,1,1
advancedPawn kingsideAttack long mate mateIn3 middlegame promotion sacrifice,e7e2 h1h6 g7h6 g6g7 h8h7 g7g8q,1n5k/6p1/p2q1rPp/1ppB4/8/3P4/PPP1rPQ1/2K4R w - -,1165,76,1,1500,1500,202414,1,6,1000,0,0,-311,2,21,0,0,1000,-340.0,3.0,29.0,0.0,0.0,1000.0,1000,0,0,23,27,-4,50,6,0,1,1,1,1,5,1,0,2,1,1,0,0,1,1,0,0,0,0,0,0,1,0,0,0,0,1,0,0,0,0,0,0,0,0,0,0,0,1,0,0,0,0,0,1,0,1,1,0,0,0,0,0,0,0,0,0,0,0,0,0,0,0,0,0,0,0,0,0,0,0,0,0,0,0,0,0,0,0,0,0,0,0,0,0,1,1,1,1.0,1.0,1.0,1,1,1,5,1,1,1,1,1,2,0,39,1418,49440,50897,3,3,0.0256410256410256,0.0007052186177715,2.022653721682848e-05,7,2.333333333333333,0,1,1,1,1,1,1,1
advantage defensiveMove endgame master short,c8c6 g6f5 b6c5 h7h5,8/7p/1KR3k1/8/5p2/5n2/8/8 b - -,2506,93,-1,220,268,387105,1,28,1000,0,0,81,2,28,220,780,0,40.0,3.0,24.0,18.0,982.0,0.0,999,1,0,5,5,0,10,0,0,0,1,0,1,2,1,0,0,0,1,0,0,0,0,1,1,1,0,0,0,0,0,0,1,0,0,0,0,0,0,0,0,0,0,0,0,0,0,0,0,0,0,0,0,0,0,0,0,0,0,0,0,1,0,0,0,0,0,0,0,0,0,0,0,0,0,0,0,0,0,0,0,0,0,0,0,0,0,0,0,0,0,0,0,2,2,1,1.0,0.5,0.75,0,2,1,2,6,2,1,2,1,3,1,5,95,1275,1375,3,5,0.4,0.0210526315789473,0.0007843137254901,10,2.0,0,0,0,1,1,1,1,1
endgame long mate mateIn3,d2d8 e6e1 d1e1 e7e1 g1f2 h3f1,3R4/1pp1r1kp/4r1p1/p1P5/5Q2/P4PPq/1P5P/3R2K1 b - -,896,82,-1,-1500,-1500,54640,1,6,1000,0,0,-161,2,18,0,21,979,-202.0,3.0,25.0,0.0,2.0,998.0,1000,0,0,25,24,1,49,6,0,0,2,1,1,5,0,0,2,1,1,0,0,1,0,0,1,0,0,0,0,1,0,0,0,0,0,0,0,0,0,0,0,0,0,0,0,0,0,0,0,0,0,0,0,0,0,1,0,0,0,0,0,0,0,0,0,0,0,0,0,0,0,0,0,0,0,0,0,0,0,0,0,0,0,0,0,0,0,0,0,0,0,0,0,1,1,1,1.0,1.0,1.0,1,1,1,5,1,6,1,1,1,1,0,29,1203,33970,35202,3,3,0.0344827586206896,0.0008312551953449,2.943773918163085e-05,12,4.0,0,0,0,1,1,1,1,1
advantage endgame fork short,e2d3 d7c5 d3d4 c5a4,8/2kn1p2/8/3P4/R7/2PKN3/1r6/8 b - -,964,76,-1,336,365,239545,1,32,1000,0,0,-95,2,18,0,586,414,-133.0,3.0,18.0,0.0,101.0,899.0,1000,0,0,10,9,1,19,2,1,0,1,0,1,1,1,0,1,0,1,0,0,0,0,1,1,1,0,1,0,0,0,0,0,0,0,0,0,0,0,0,0,0,0,0,0,0,0,0,0,0,0,0,0,0,0,0,0,0,0,0,0,0,0,0,0,0,0,0,0,0,0,0,0,0,0,0,0,0,0,0,0,0,0,0,0,0,0,0,0,0,0,0,0,1,2,2,2.0,1.0,1.5,1,0,2,2,2,4,1,1,1,2,1,28,666,15123,15817,3,5,0.0357142857142857,0.003003003003003,0.0001322488924155,8,1.6,1,0,1,1,1,1,1,1
advantage bishopEndgame defensiveMove endgame master short,f7f6 e5e6 b7e4 e6f7,8/1b4p1/1k3pPp/4K2P/4PP2/8/8/8 w - -,1134,77,1,379,401,305421,1,29,1000,0,0,55,2,45,49,951,0,-375.0,3.0,25.0,0.0,0.0,1000.0,1000,0,0,4,6,-2,10,4,0,0,0,0,1,3,0,1,0,0,1,0,0,0,0,1,1,1,0,0,0,0,0,0,1,0,0,0,0,0,0,0,0,0,0,0,0,0,0,1,0,0,0,0,0,0,0,0,0,0,0,0,0,1,0,0,0,0,0,0,0,0,0,0,0,0,0,0,0,0,0,0,0,0,0,0,0,0,0,0,0,0,0,0,0,1,3,4,3.0,1.3333333333333333,2.1666666666666665,1,0,2,1,5,4,1,2,1,2,1,4,51,268,323,3,8,0.25,0.0588235294117647,0.0149253731343283,10,1.25,0,1,1,1,1,1,1,1
mate mateIn1 middlegame oneMove,d5b5 d2d8,r1b1k1nr/1pp2p2/p7/1q5p/6p1/4PP2/PPPQ1P2/2KR3R w kq -,460,107,1,1500,1500,68694,1,2,1000,0,0,171,2,30,987,13,0,-231.0,3.0,21.0,0.0,0.0,1000.0,1000,0,0,25,31,-6,56,6,0,0,2,1,1,6,1,1,2,1,1,0,0,0,1,0,0,0,0,0,0,1,0,0,0,0,0,0,0,0,0,1,1,0,0,0,0,0,0,0,0,0,0,0,0,0,0,0,0,0,0,0,0,0,0,0,0,0,0,0,0,0,0,0,0,0,0,0,0,0,0,0,0,0,0,0,0,0,0,0,0,0,0,0,0,0,0,0,0.0,0.0,0.0,0,0,0,0,0,0,0,0,0,0,0,31,1087,35029,36147,0,0,0.0,0.0,0.0,0,0.0,1,1,1,1,1,1,1,1
crushing endgame fork long pin,e7c5 a4f4 f7e6 f4e4 a8f8 g1g6,r7/p4kp1/1p4p1/2qNn3/Q7/4PP2/PP3K2/6R1 w - -,2264,104,1,399,437,292795,1,29,1000,0,0,80,2,18,216,784,0,56.0,3.0,24.0,54.0,946.0,0.0,1000,0,0,21,21,0,42,4,1,0,1,1,1,4,1,0,1,1,1,1,0,1,0,0,1,0,0,1,0,0,0,0,0,0,0,0,0,0,0,0,0,0,1,0,0,0,0,0,0,0,0,0,0,0,0,0,0,0,0,0,0,0,0,0,0,0,0,0,0,0,0,0,0,0,0,0,0,0,0,0,0,0,0,0,0,0,0,0,0,0,0,0,0,1,1,1,1.0,1.0,1.0,1,1,1,5,1,1,1,1,1,2,1,46,1574,59883,61503,3,3,0.0217391304347826,0.0006353240152477,1.669923016548937e-05,7,2.333333333333333,1,1,1,1,1,1,1,1
mate mateIn1 middlegame oneMove swallowstailMate,e7c6 a5c7,r3r3/1kpR1qpp/p1n2p2/Qp2P2P/1N6/4Pb2/PPP3P1/2K2R2 w - -,1327,79,1,1500,1500,69421,1,2,1000,0,0,213,2,24,998,2,0,2.0,3.0,27.0,4.0,993.0,3.0,1000,0,0,29,31,-2,60,7,1,0,2,1,1,6,1,1,2,1,1,0,0,0,1,0,0,0,0,0,0,1,0,0,0,0,0,0,0,0,0,1,1,0,0,0,0,0,0,0,0,0,0,0,0,0,0,0,0,0,0,0,0,0,0,0,0,0,0,0,0,0,0,0,0,0,1,0,0,0,0,0,0,0,0,0,0,0,0,0,0,0,0,0,0,0,0,0,0.0,0.0,0.0,0,0,0,0,0,0,0,0,0,0,0,40,1613,63268,64921,0,0,0.0,0.0,0.0,0,0.0,1,1,1,1,1,1,1,1
crushing fork middlegame short,c1b2 h4f2 g1h2 f2b2,4rrk1/ppp2pp1/7p/3n4/3P3q/1P2p2P/PB4P1/R2QRBK1 b - -,2033,77,-1,357,352,171993,1,30,1000,0,0,-130,2,30,0,146,854,-141.0,3.0,38.0,0.0,85.0,915.0,1000,0,0,30,29,1,59,5,0,2,2,1,1,7,1,0,2,1,1,1,0,0,1,0,0,1,0,1,0,0,0,0,0,0,0,0,0,0,0,0,0,0,0,0,0,0,0,0,0,0,0,0,0,0,0,0,0,0,0,0,0,0,0,0,0,0,0,0,0,0,0,0,0,0,0,0,0,0,0,0,0,0,0,0,0,0,0,0,0,0,0,0,0,1,2,2,2.0,1.0,1.5,1,0,2,2,2,8,1,1,1,2,1,41,1121,44511,45673,3,5,0.024390243902439,0.0017841213202497,4.493271326189032e-05,12,2.4,1,1,1,1,1,1,1,1
crushing endgame long pawnEndgame quietMove,e3d3 c6c5 d3e2 c5c4 g3g4 h5g4,8/8/2p2p2/p4P1p/Pk5P/3K2P1/8/8 b - -,2295,97,-1,347,351,121090,1,45,1000,0,0,0,2,27,1,998,1,-231.0,3.0,35.0,0.0,0.0,1000.0,1000,0,0,4,4,0,8,4,0,0,0,0,1,4,0,0,0,0,1,1,0,1,0,0,1,0,0,0,1,0,0,0,0,0,0,0,0,0,0,0,0,0,0,1,0,0,0,0,0,0,0,0,0,0,0,0,0,0,0,0,0,0,0,0,0,0,0,0,0,0,0,0,0,0,0,0,0,0,0,0,0,0,0,0,0,0,0,0,0,0,0,0,0,1,2,3,2.0,1.5,1.75,1,0,1,1,2,3,1,2,1,2,1,5,37,203,245,2,6,0.2,0.054054054054054,0.0147783251231527,6,1.0,0,0,0,1,1,1,1,1
advantage endgame pin quietMove veryLong,e4f2 b2b7 c1h1 h2g3 f2e4 g3g4 e4f6 f7f6 c5b4 b7b4,8/5Rpk/3p3p/p1qPp3/P7/5N1P/1Q3nPK/2r5 w - -,2380,77,1,330,347,226447,1,30,1000,0,0,-44,2,19,0,975,25,-136.0,3.0,19.0,0.0,90.0,910.0,1000,0,0,21,22,-1,43,4,1,0,1,1,1,5,1,0,1,1,1,0,0,0,0,1,1,0,0,0,0,0,0,0,0,0,0,1,0,0,0,0,0,0,1,1,0,0,0,0,0,0,0,0,0,0,0,0,0,0,0,0,0,0,0,0,0,0,0,0,0,0,0,0,0,0,0,0,0,0,0,0,0,0,0,0,0,0,0,0,0,0,0,0,0,1,1,1,1.0,1.0,1.0,1,1,1,5,2,1,1,1,1,2,1,39,1227,42526,43792,3,3,0.0256410256410256,0.0008149959250203,2.351502610167897e-05,8,2.6666666666666665,0,1,1,1,1,1,1,1
attraction crushing deflection endgame sacrifice skewer veryLong,c7g3 g4c8 g8h7 f1f7 h5g7 f7g7 h7h6 c8h8 h6g5 g7g6 g5g6 h8g8 g6f6 g8g3,6k1/4pp2/p5pB/2p4n/3pP1Q1/P2P2qP/1r4P1/5RK1 w - -,1912,76,1,573,559,57909,1,34,1000,0,0,-247,2,26,0,0,1000,-311.0,3.0,20.0,0.0,0.0,1000.0,1000,0,0,22,23,-1,45,5,0,1,1,1,1,6,1,0,1,1,1,1,0,0,0,0,1,0,0,0,0,0,0,0,0,0,0,1,0,0,1,0,0,0,0,0,0,0,1,0,0,1,0,0,0,1,0,0,0,0,0,0,0,0,0,0,0,0,0,0,0,0,0,0,0,0,0,0,0,0,0,0,0,0,0,0,0,0,0,0,0,0,0,0,0,1,1,1,1.0,1.0,1.0,1,1,1,4,1,6,1,1,1,3,1,35,1294,36321,37650,3,3,0.0285714285714285,0.0007727975270479,2.7532281600176208e-05,11,3.6666666666666665,1,0,1,1,1,1,1,1
arabianMate endgame mate mateIn2 short,c4d3 e4f6 g8h8 c7h7,5bk1/2R4p/6p1/8/4NP1P/3bP1K1/r7/8 w - -,804,80,1,1500,1500,113174,1,4,1000,0,0,-249,2,30,0,0,1000,-275.0,3.0,34.0,0.0,0.0,1000.0,1000,0,0,11,13,-2,24,3,1,0,1,0,1,2,0,2,1,0,1,0,0,0,0,0,1,1,0,0,0,1,1,0,0,0,0,0,0,0,0,0,0,0,0,0,0,0,0,0,0,0,0,0,0,0,0,0,0,0,0,0,0,0,0,0,0,0,0,0,0,0,0,0,0,0,0,0,0,1,0,0,0,0,0,0,0,0,0,0,0,0,0,0,0,1,1,0,1.0,0.0,0.5,1,1,0,2,1,0,1,1,0,2,0,26,782,19062,19870,2,2,0.0384615384615384,0.0012787723785166,0.0,3,1.5,1,1,1,1,1,1,1,1
endgame master mate mateIn1 oneMove,d2d4 h3g2,7k/6p1/8/4p3/Pp1Q4/1P3b1q/6P1/5RK1 b - -,893,81,-1,-1500,-1500,381441,1,2,1000,0,0,-430,2,48,0,0,1000,-432.0,3.0,23.0,0.0,0.0,1000.0,1000,0,0,17,15,2,32,3,0,0,1,1,1,3,0,1,0,1,1,0,0,0,0,0,1,0,0,0,0,1,0,0,1,0,0,0,0,0,0,1,1,0,0,0,0,0,0,0,0,0,0,0,0,0,0,0,0,0,0,0,0,0,0,0,0,0,0,0,0,0,0,0,0,0,0,0,0,0,0,0,0,0,0,0,0,0,0,0,0,0,0,0,0,0,0,0,0.0,0.0,0.0,0,0,0,0,0,0,0,0,0,0,0,29,909,24789,25727,0,0,0.0,0.0,0.0,0,0.0,1,1,1,1,1,1,1,1
backRankMate endgame mate mateIn2 short,d8a8 f7f8 a8f8 f1f8,q4r1k/1p3Qpp/1n6/3P2pP/2PP2P1/1P6/2K5/5R2 w - -,622,79,1,1500,1500,127337,1,4,1000,0,0,-293,2,38,0,0,1000,-370.0,3.0,27.0,0.0,0.0,1000.0,1000,0,0,20,21,-1,41,6,0,0,1,1,1,4,1,0,1,1,1,0,0,0,0,0,1,1,0,0,0,1,1,0,0,0,0,0,0,0,0,0,0,0,0,0,1,0,0,0,0,0,0,0,0,0,0,0,0,0,0,0,0,0,0,0,0,0,0,0,0,0,0,0,0,0,0,0,0,0,0,0,0,0,0,0,0,0,0,0,0,0,0,0,0,1,1,0,1.0,0.0,0.5,1,1,0,1,5,0,1,1,0,1,0,38,906,30387,31331,2,2,0.0263157894736842,0.0011037527593818,0.0,6,3.0,1,1,1,1,1,1,1,1
crushing endgame exposedKing fork long,d4c4 f3d5 g8f8 e7f7 f8e8 d5c4,6k1/pp2R3/6pp/8/2r5/P4BbP/1P4P1/6K1 w - -,1506,90,1,612,647,1088327,1,39,1000,0,0,14,2,20,4,995,1,6.0,3.0,19.0,2.0,997.0,1.0,1000,0,0,12,12,0,24,4,0,1,1,0,1,4,0,1,1,0,1,1,0,1,0,0,1,0,0,1,0,0,0,0,0,0,0,0,0,1,0,0,0,0,0,0,0,0,0,0,0,0,0,0,0,0,0,0,0,0,0,0,0,0,0,0,0,0,0,0,0,0,0,0,0,0,0,0,0,0,0,0,0,0,0,0,0,0,0,0,0,0,0,0,0,1,2,3,2.0,1.5,1.75,1,0,1,2,2,3,1,1,2,3,1,27,752,17765,18544,2,6,0.037037037037037,0.0026595744680851,0.0001688713763017,7,1.1666666666666667,0,0,1,1,1,1,1,1
kingsideAttack mate mateIn2 middlegame sacrifice short,f8d8 e2e8 d8e8 e1e8,3r2k1/pp3ppp/2p3b1/2n3P1/2B2q1P/5N2/PPP1QP2/4R1K1 w - -,795,88,1,1500,1500,20632,1,4,1000,0,0,0,2,7,2,996,2,0.0,3.0,17.0,2.0,996.0,2.0,1000,0,0,26,26,0,52,6,1,1,1,1,1,6,1,1,1,1,1,0,0,0,1,0,0,1,0,0,0,1,1,0,0,0,1,0,0,0,0,0,0,0,0,0,0,0,1,0,0,0,0,0,0,0,0,0,0,0,0,0,0,0,0,0,0,0,0,0,0,0,0,0,0,0,0,0,0,0,0,0,0,0,0,0,0,0,0,0,0,0,0,0,0,1,1,0,1.0,0.0,0.5,1,1,0,6,1,0,1,1,0,2,0,35,1649,57277,58961,2,2,0.0285714285714285,0.0006064281382656,0.0,7,3.5,1,1,1,1,1,1,1,1
crushing endgame fork hangingPiece master short,a6a8 c1d1 g1f2 d1d4,R7/5pk1/4pn1p/8/3NP3/5P2/6PP/2rB2K1 b - -,926,93,-1,388,388,114730,1,31,1000,0,0,-34,2,18,0,986,14,-96.0,3.0,20.0,0.0,565.0,435.0,1000,0,0,15,11,4,26,4,1,1,1,0,1,3,1,0,1,0,1,1,1,0,0,0,1,1,0,1,0,0,0,0,1,0,0,0,0,0,0,0,0,0,0,0,0,0,0,0,0,0,0,0,0,0,0,0,0,0,0,0,0,0,0,0,0,0,0,0,0,0,0,0,0,0,0,0,0,0,0,0,0,0,0,0,0,0,0,0,0,0,0,0,0,1,1,1,1.0,1.0,1.0,1,1,1,1,1,3,1,1,1,2,1,22,645,13727,14394,3,3,0.0454545454545454,0.0015503875968992,7.284912945290303e-05,5,1.6666666666666667,0,1,1,1,1,1,1,1
crushing defensiveMove endgame long pawnEndgame,g4g5 f6g5 f3g4 g5f4 g4f4 e6f6,8/pp6/2p1kpp1/3p2P1/3P1P1p/1P3K2/P1P4P/8 b - -,1682,75,-1,211,199,142770,1,23,999,1,0,-158,2,19,0,21,979,-176.0,3.0,17.0,0.0,6.0,994.0,1000,0,0,7,7,0,14,7,0,0,0,0,1,7,0,0,0,0,1,1,0,1,0,0,1,0,0,0,1,0,0,0,0,0,0,0,0,0,0,0,0,0,0,0,0,0,0,0,0,0,0,0,0,0,0,0,0,0,0,0,0,1,0,0,0,0,0,0,0,0,0,0,0,0,0,0,0,0,0,0,0,0,0,0,0,0,0,0,0,0,0,0,0,1,6,29,6.0,4.833333333333333,5.416666666666666,1,0,2,1,7,35,1,2,2,2,1,13,164,1994,2171,3,36,0.0769230769230769,0.0365853658536585,0.014543630892678,43,1.1944444444444444,0,0,0,1,1,1,1,1
endgame mate mateIn1 oneMove rookEndgame,f6f7 e8e1,4r2k/p4R1p/1p6/2p5/2P5/1P4R1/r5PP/2K5 b - -,895,107,-1,-1500,-1500,28486,1,2,1000,0,0,0,2,22,2,996,2,0.0,3.0,6.0,2.0,996.0,2.0,1000,0,0,14,14,0,28,4,0,0,2,0,1,4,0,0,2,0,1,0,0,0,0,0,1,0,1,0,0,1,0,0,0,0,0,0,0,0,0,1,1,0,0,0,0,0,0,0,0,0,0,0,0,0,0,0,0,0,0,0,0,0,0,0,0,0,0,0,0,0,0,0,0,0,0,0,0,0,0,0,0,0,0,0,0,0,0,0,0,0,0,0,0,0,0,0,0.0,0.0,0.0,0,0,0,0,0,0,0,0,0,0,0,29,767,18222,19018,0,0,0.0,0.0,0.0,0,0.0,1,1,1,1,1,1,1,1
crushing endgame knightEndgame master short,h6h5 d2e4 f6e4 d3e4,8/8/1p1k1n2/4p2p/1PP2pp1/3K4/3N1PPP/8 w - -,848,78,1,395,433,479482,1,57,1000,0,0,67,2,25,101,899,0,48.0,3.0,19.0,31.0,969.0,0.0,1000,0,0,8,8,0,16,5,1,0,0,0,1,5,1,0,0,0,1,1,0,0,0,0,1,1,0,0,0,0,0,0,1,0,0,0,0,0,0,0,0,0,0,0,0,0,0,0,0,0,0,0,0,0,0,0,0,0,0,1,0,0,0,0,0,0,0,0,0,0,0,0,0,0,0,0,0,0,0,0,0,0,0,0,0,0,0,0,0,0,0,0,0,1,1,2,1.0,2.0,1.5,1,1,0,2,1,3,1,1,2,3,1,14,205,2891,3110,2,4,0.0714285714285714,0.0048780487804878,0.0006918021445866,6,1.5,0,1,1,1,1,1,1,1
attackingF2F7 mate mateIn1 oneMove opening,d5f4 c4f7,r1bqkb1r/pp2pppp/2p2n2/2P1N3/2BP1n2/8/PP3PPP/RN1QR1K1 w kq -,1261,127,1,1500,1500,31320,1,2,1000,0,0,220,2,21,995,5,0,96.0,3.0,20.0,458.0,542.0,0.0,1000,0,0,35,38,-3,73,7,2,1,2,1,1,7,2,2,2,1,1,0,0,0,0,0,0,0,0,0,0,1,0,0,0,0,0,0,0,0,0,1,1,1,0,0,0,0,0,0,0,0,0,0,0,0,0,0,0,0,0,0,0,0,0,1,0,0,0,0,0,0,0,0,0,0,0,0,0,0,0,0,0,0,0,0,0,0,0,0,0,0,0,0,0,1,2,52,2.0,26.0,14.0,1,0,0,2,3,88,1,2,6,6,1,45,1628,68813,70486,1,55,0.0222222222222222,0.0012285012285012,0.0007556711667853,93,1.690909090909091,1,1,1,1,1,1,1,1
endgame master mate mateIn1 oneMove,e2c3 c6c5,6r1/7p/2pk1p2/P2p4/P2KbP2/2N1P3/5R1P/8 b - -,659,106,-1,-1500,-1500,34034,1,2,1000,0,0,82,2,26,235,765,0,-26.0,3.0,25.0,0.0,992.0,8.0,1000,0,0,13,12,1,25,5,1,0,1,0,1,4,0,1,1,0,1,0,0,0,0,0,1,0,0,0,0,1,0,0,1,0,0,0,0,0,0,1,1,0,0,0,0,0,0,0,0,0,0,0,0,0,0,0,0,0,0,0,0,0,0,0,0,0,0,0,0,0,0,0,0,0,0,0,0,0,0,0,0,0,0,0,0,0,0,0,0,0,0,0,0,0,0,0,0.0,0.0,0.0,0,0,0,0,0,0,0,0,0,0,0,30,565,14088,14683,0,0,0.0,0.0,0.0,0,0.0,1,1,1,1,1,1,1,1
endgame mate mateIn2 short,f4g4 d3h7 g8f8 h6f6,4r1k1/pp1qn3/2p4R/6p1/3P2r1/3Q2P1/PP3P1P/6K1 w - -,1518,76,1,1500,1500,236032,1,4,1000,0,0,-332,2,20,0,0,1000,-373.0,3.0,27.0,0.0,0.0,1000.0,1000,0,0,20,26,-6,46,6,0,0,1,1,1,4,1,0,2,1,1,0,0,0,0,0,1,1,0,0,0,1,1,0,0,0,0,0,0,0,0,0,0,0,0,0,0,0,0,0,0,0,0,0,0,0,0,0,0,0,0,0,0,0,0,0,0,0,0,0,0,0,0,0,0,0,0,0,0,0,0,0,0,0,0,0,0,0,0,0,0,0,0,0,0,1,1,0,1.0,0.0,0.5,1,1,0,4,1,0,1,1,0,2,0,40,1038,37526,38604,2,2,0.025,0.0009633911368015,0.0,5,2.5,0,1,1,1,1,1,1,1
crushing endgame fork long master,f4e3 d1d8 g8f7 f3g5 f7g6 g5e4,6k1/6pp/1p6/p1n5/4q3/1P2pN2/P4PPP/3Q2K1 w - -,937,87,1,756,761,1086502,1,41,1000,0,0,24,2,18,7,993,0,20.0,3.0,22.0,6.0,994.0,0.0,1000,0,0,17,17,0,34,5,1,0,0,1,1,5,1,0,0,1,1,1,0,1,0,0,1,0,0,1,0,0,0,0,1,0,0,0,0,0,0,0,0,0,0,0,0,0,0,0,0,0,0,0,0,0,0,0,0,0,0,0,0,0,0,0,0,0,0,0,0,0,0,0,0,0,0,0,0,0,0,0,0,0,0,0,0,0,0,0,0,0,0,0,0,1,1,0,1.0,0.0,0.5,1,1,0,7,4,0,1,1,0,1,1,30,1086,31184,32300,2,2,0.0333333333333333,0.0009208103130755,0.0,11,5.5,0,0,1,1,1,1,1,1
crushing endgame master queenEndgame short,f6h4 g6h6 h4h6 h7h6,8/1p5k/p3p1q1/3pP3/2p3PQ/2P5/PP6/2K5 b - -,851,107,-1,338,435,206680,1,32,1000,0,0,0,2,9,2,996,2,-3.0,3.0,22.0,1.0,997.0,2.0,1000,0,0,14,14,0,28,5,0,0,0,1,1,5,0,0,0,1,1,1,0,0,0,0,1,1,0,0,0,0,0,0,1,0,0,0,0,0,0,0,0,0,0,0,0,0,0,0,0,0,0,0,0,0,0,0,0,0,0,0,0,0,1,0,0,0,0,0,0,0,0,0,0,0,0,0,0,0,0,0,0,0,0,0,0,0,0,0,0,0,0,0,0,1,1,1,1.0,1.0,1.0,1,1,1,1,2,1,1,1,1,2,1,4,69,1036,1109,3,3,0.25,0.0144927536231884,0.0009652509652509,4,1.3333333333333333,1,1,1,1,1,1,1,1
endgame mate mateIn1 oneMove,c2f2 e4e8,6k1/5ppp/5Bq1/8/p3R3/P6P/5rB1/R5K1 w - -,617,78,1,1500,1500,235787,1,2,1000,0,0,109,2,35,641,359,0,-425.0,3.0,18.0,0.0,0.0,1000.0,1000,0,0,18,18,0,36,2,0,2,2,0,1,4,0,0,1,1,1,0,0,0,0,0,1,0,0,0,0,1,0,0,0,0,0,0,0,0,0,1,1,0,0,0,0,0,0,0,0,0,0,0,0,0,0,0,0,0,0,0,0,0,0,0,0,0,0,0,0,0,0,0,0,0,0,0,0,0,0,0,0,0,0,0,0,0,0,0,0,0,0,0,0,0,0,0,0.0,0.0,0.0,0,0,0,0,0,0,0,0,0,0,0,33,870,24434,25337,0,0,0.0,0.0,0.0,0,0.0,1,1,1,1,1,1,1,1
mate mateIn1 middlegame oneMove,a1c1 b2c1,5rk1/p4ppp/4p3/1Q6/1P1BN1b1/8/Pq3PPP/2R1KB1R b K -,760,100,-1,-1500,-1500,58400,1,2,1000,0,0,-563,2,21,0,0,1000,-665.0,3.0,21.0,0.0,0.0,1000.0,1000,0,0,33,22,11,55,5,1,2,2,1,1,5,0,1,1,1,1,0,0,0,1,0,0,0,0,0,0,1,0,0,0,0,0,0,0,0,0,1,1,0,0,0,0,0,0,0,0,0,0,0,0,0,0,0,0,0,0,0,0,0,0,0,0,0,0,0,0,0,0,0,0,0,0,0,0,0,0,0,0,0,0,0,0,0,0,0,0,0,0,0,0,0,0,0,0.0,0.0,0.0,0,0,0,0,0,0,0,0,0,0,0,34,1530,50594,52158,0,0,0.0,0.0,0.0,0,0.0,1,1,1,1,1,1,1,1
master mate mateIn1 middlegame oneMove,d6e5 a8g2,q5kr/p4p2/4b1p1/4B2p/5n2/2P5/P1Q2PPP/3R1RK1 b - -,951,79,-1,-1500,-1500,62072,1,2,1000,0,0,121,2,30,791,209,0,-221.0,3.0,23.0,0.0,1.0,999.0,1000,0,0,27,24,3,51,5,0,1,2,1,1,4,1,1,1,1,1,0,0,0,1,0,0,0,0,0,0,1,0,0,1,0,0,0,0,0,0,1,1,0,0,0,0,0,0,0,0,0,0,0,0,0,0,0,0,0,0,0,0,0,0,0,0,0,0,0,0,0,0,0,0,0,0,0,0,0,0,0,0,0,0,0,0,0,0,0,0,0,0,0,0,0,0,0,0.0,0.0,0.0,0,0,0,0,0,0,0,0,0,0,0,35,1260,42571,43866,0,0,0.0,0.0,0.0,0,0.0,1,1,1,1,1,1,1,1
mate mateIn1 middlegame oneMove,f7f6 g6h7,5r1k/8/2b2rQp/1p1p2p1/1q4P1/8/8/1B3R1K w - -,1509,83,1,1500,1500,127106,1,2,1000,0,0,-581,2,19,0,0,1000,-586.0,3.0,24.0,0.0,0.0,1000.0,1000,0,0,18,26,-8,44,1,0,1,1,1,1,4,0,1,2,1,1,0,0,0,1,0,0,0,0,0,0,1,0,0,0,0,0,0,0,0,0,1,1,0,0,0,0,0,0,0,0,0,0,0,0,0,0,0,0,0,0,0,0,0,0,0,0,0,0,0,0,0,0,0,0,0,0,0,0,0,0,0,0,0,0,0,0,0,0,0,0,0,0,0,0,0,0,0,0.0,0.0,0.0,0,0,0,0,0,0,0,0,0,0,0,30,961,26820,27811,0,0,0.0,0.0,0.0,0,0.0,1,1,1,1,1,1,1,1
advantage fork long middlegame,b6a5 b1b8 c8b8 e7c7 b8c8 c7e5,1rr3k1/4Qppp/q3p3/p2pn3/3N4/4P2P/5PP1/RR4K1 w - -,1778,76,1,238,261,165397,1,37,1000,0,0,-219,2,21,0,1,999,-238.0,3.0,21.0,0.0,0.0,1000.0,1000,0,0,26,28,-2,54,4,1,0,2,1,1,6,1,0,2,1,1,0,0,1,1,1,0,0,0,1,0,0,0,0,0,0,0,0,0,0,0,0,0,0,0,0,0,0,0,0,0,0,0,0,0,0,0,0,0,0,0,0,0,0,0,0,0,0,0,0,0,0,0,0,0,0,0,0,0,0,0,0,0,0,0,0,0,0,0,0,0,0,0,0,0,1,2,2,2.0,1.0,1.5,1,0,2,7,3,4,1,1,1,3,1,47,1838,77380,79265,3,5,0.0212765957446808,0.001088139281828,2.5846471956577927e-05,14,2.8,1,0,1,1,1,1,1,1
crushing endgame master pawnEndgame short zugzwang,g5h4 f3g2 h4g5 g2g3,8/6p1/8/8/4P2k/5KpP/8/8 w - -,1774,75,1,292,445,296409,1,21,1000,0,0,-930,2,40,0,0,1000,-930.0,3.0,49.0,0.0,0.0,1000.0,1000,0,0,2,2,0,4,2,0,0,0,0,1,2,0,0,0,0,1,1,0,0,0,0,1,1,0,0,1,0,0,0,1,0,0,0,1,0,0,0,0,0,0,0,0,0,0,0,0,0,0,0,0,0,0,0,0,0,0,0,0,0,0,0,0,0,0,0,0,0,0,0,0,0,0,0,0,0,0,0,0,0,0,0,0,0,0,0,0,0,0,0,0,1,4,5,4.0,1.25,2.625,1,0,3,1,5,5,1,2,2,2,1,5,27,181,213,4,10,0.2,0.1481481481481481,0.0276243093922651,11,1.1,1,1,1,1,1,1,1,1
crushing intermezzo opening short,d1d5 f6c3 b2c3 d8d5,rnbqk2r/1p3ppp/p4b2/2PQ4/8/2N2N2/PP2PPPP/R3KB1R b KQkq -,961,91,-1,605,651,41097,1,17,1000,0,0,-58,2,20,0,890,110,-62.0,3.0,19.0,0.0,867.0,133.0,1000,0,0,35,33,2,68,7,2,1,2,1,1,5,1,2,2,1,1,1,0,0,0,0,0,1,0,0,0,0,0,0,0,0,0,0,0,0,0,0,0,1,0,0,0,0,0,0,0,0,0,0,0,0,0,0,0,0,0,0,0,0,0,0,0,0,1,0,0,0,0,0,0,0,0,0,0,0,0,0,0,0,0,0,0,0,0,0,0,0,0,0,0,1,3,11,3.0,3.6666666666666665,3.333333333333333,1,0,1,3,6,26,1,3,2,4,1,33,1466,45904,47403,2,15,0.0303030303030303,0.0020463847203274,0.0002396305332868,35,2.333333333333333,1,1,1,1,1,1,1,1
mate mateIn1 middlegame oneMove,c1c2 a5c3,r4rk1/4p1bp/3p2p1/q1pP1P2/4QP2/4B3/1pK4P/1B1R3R b - -,1286,77,-1,-1500,-1500,92637,1,2,1000,0,0,226,2,26,999,1,0,153.0,3.0,27.0,960.0,40.0,0.0,1000,0,0,29,28,1,57,4,0,2,2,1,1,6,0,1,2,1,1,0,0,0,1,0,0,0,0,0,0,1,0,0,0,0,0,0,0,0,0,1,1,0,0,0,0,0,0,0,0,0,0,0,0,0,0,0,0,0,0,0,0,0,0,0,0,0,0,0,0,0,0,0,0,0,0,0,0,0,0,0,0,0,0,0,0,0,0,0,0,0,0,0,0,0,0,0,0.0,0.0,0.0,0,0,0,0,0,0,0,0,0,0,0,42,1284,51106,52432,0,0,0.0,0.0,0.0,0,0.0,1,1,1,1,1,1,1,1
clearance crushing endgame short,g8f8 h4h6 h7g8 f6h4,3r1q2/5prk/p3pQpp/1p2P3/2p4R/2P2P1P/PPB2P2/6K1 w - -,1824,79,1,953,1205,661106,1,40,1000,0,0,-172,2,23,0,10,990,-213.0,3.0,27.0,0.0,1.0,999.0,1000,0,0,24,26,-2,50,7,0,1,1,1,1,7,0,0,2,1,1,1,0,0,0,0,1,1,0,0,0,0,0,0,0,0,0,0,0,0,0,0,0,0,0,0,0,0,0,0,0,0,0,0,0,0,0,0,0,0,0,0,0,0,0,0,0,1,0,0,0,0,0,0,0,0,0,0,0,0,0,0,0,0,0,0,0,0,0,0,0,0,0,0,0,1,1,0,1.0,0.0,0.5,1,1,0,2,1,0,1,1,0,2,1,33,742,23584,24359,2,2,0.0303030303030303,0.0013477088948787,0.0,3,1.5,0,0,1,1,1,1,1,1
endgame mate mateIn1 oneMove operaMate,d8d5 e1e8,1rb2k2/p4ppp/2B5/2pr1NP1/2P5/P7/7P/4R1K1 w - -,1125,81,1,1500,1500,69417,1,2,1000,0,0,-65,2,26,0,907,93,-76.0,3.0,24.0,0.0,822.0,178.0,1000,0,0,15,18,-3,33,4,1,1,1,0,1,5,0,1,2,0,1,0,0,0,0,0,1,0,0,0,0,1,0,1,0,0,0,0,0,0,0,1,1,0,0,0,0,0,0,0,0,0,0,0,0,0,0,0,0,0,0,0,0,0,0,0,0,0,0,0,0,0,0,0,0,0,0,0,0,0,0,0,0,0,0,0,0,0,0,0,0,0,0,0,0,0,0,0,0.0,0.0,0.0,0,0,0,0,0,0,0,0,0,0,0,36,1010,32987,34033,0,0,0.0,0.0,0.0,0,0.0,1,1,1,1,1,1,1,1
endgame hookMate mate mateIn2 short,c8f8 f2f8 g8h7 f8h8,5rk1/p2q2p1/1p2p1Np/3p3P/3Pb1P1/2P5/PP3R2/6K1 w - -,763,102,1,1500,1500,45540,1,4,1000,0,0,-541,2,21,0,0,1000,-550.0,3.0,23.0,0.0,0.0,1000.0,1000,0,0,14,23,-9,37,6,1,0,1,0,1,6,0,1,1,1,1,0,0,0,0,0,1,1,0,0,0,1,1,0,0,0,0,0,0,0,0,0,0,0,0,0,0,0,0,0,0,0,0,0,0,0,0,0,0,0,0,0,0,0,0,0,0,0,0,0,0,0,1,0,0,0,0,0,0,0,0,0,0,0,0,0,0,0,0,0,0,0,0,0,0,1,1,0,1.0,0.0,0.5,1,1,0,6,1,0,1,1,0,2,0,26,846,19447,20319,2,2,0.0384615384615384,0.0011820330969267,0.0,7,3.5,1,1,1,1,1,1,1,1
endgame mate mateIn2 rookEndgame short,c4c3 b5b4 c3c4 h2c2,8/8/p2k4/1pp5/7P/1PKP1RP1/7r/8 b - -,937,80,-1,-1500,-1500,36153,1,4,1000,0,0,-28,2,20,0,992,8,-48.0,3.0,23.0,0.0,969.0,31.0,1000,0,0,9,8,1,17,4,0,0,1,0,1,3,0,0,1,0,1,0,0,0,0,0,1,1,1,0,0,1,1,0,0,0,0,0,0,0,0,0,0,0,0,0,0,0,0,0,0,0,0,0,0,0,0,0,0,0,0,0,0,0,0,0,0,0,0,0,0,0,0,0,0,0,0,0,0,0,0,0,0,0,0,0,0,0,0,0,0,0,0,0,0,1,1,0,1.0,0.0,0.5,1,1,0,1,1,0,1,1,0,2,0,20,232,3995,4247,2,2,0.05,0.0043103448275862,0.0,2,1.0,0,1,1,1,1,1,1,1
crushing endgame fork short,c6h6 c2c1 g1h2 c1h6,4r1k1/5pp1/7R/1p6/8/1PP3QP/2q2PP1/6K1 b - -,1692,76,-1,488,488,411650,1,35,1000,0,0,-10,2,18,1,996,3,-31.0,3.0,20.0,0.0,988.0,12.0,1000,0,0,19,17,2,36,5,0,0,1,1,1,3,0,0,1,1,1,1,0,0,0,0,1,1,0,1,0,0,0,0,0,0,0,0,0,0,0,0,0,0,0,0,0,0,0,0,0,0,0,0,0,0,0,0,0,0,0,0,0,0,0,0,0,0,0,0,0,0,0,0,0,0,0,0,0,0,0,0,0,0,0,0,0,0,0,0,0,0,0,0,0,1,1,1,1.0,1.0,1.0,1,1,1,1,1,5,1,1,1,2,1,33,900,27127,28060,3,3,0.0303030303030303,0.0011111111111111,3.686364139049655e-05,7,2.333333333333333,1,1,1,1,1,1,1,1
crushing endgame short,h4g5 e7f5 e5f5 f7f5,4rk2/3Rnrp1/8/4Q1P1/8/6K1/8/8 b - -,943,78,-1,450,400,142794,1,26,1000,0,0,0,2,29,2,996,2,-74.0,3.0,17.0,0.0,839.0,161.0,1000,0,0,15,14,1,29,1,0,0,1,1,1,1,1,0,2,0,1,1,0,0,0,0,1,1,0,0,0,0,0,0,0,0,0,0,0,0,0,0,0,0,0,0,0,0,0,0,0,0,0,0,0,0,0,0,0,0,0,0,0,0,0,0,0,0,0,0,0,0,0,0,0,0,0,0,0,0,0,0,0,0,0,0,0,0,0,0,0,0,0,0,0,1,1,1,1.0,1.0,1.0,1,1,1,2,1,2,1,1,1,3,1,18,620,12657,13295,3,3,0.0555555555555555,0.0016129032258064,7.90076637433831e-05,5,1.6666666666666667,1,0,1,1,1,1,1,1
crushing long middlegame skewer,f8f5 b5a7 c8d8 e5b8 d8e7 b8g8,2k3r1/1p1q3p/1p2p3/1NbpQr2/P1p2P2/6P1/6KP/R4R2 w - -,1345,75,1,387,414,955266,1,43,1000,0,0,-201,2,21,0,2,998,-244.0,3.0,17.0,0.0,0.0,1000.0,1000,0,0,26,28,-2,54,4,1,0,2,1,1,6,0,1,2,1,1,1,0,1,1,0,0,0,0,0,0,0,0,0,0,0,0,0,0,0,1,0,0,0,0,0,0,0,0,0,0,0,0,0,0,0,0,0,0,0,0,0,0,0,0,0,0,0,0,0,0,0,0,0,0,0,0,0,0,0,0,0,0,0,0,0,0,0,0,0,0,0,0,0,0,1,1,1,1.0,1.0,1.0,1,1,1,2,1,3,1,1,1,3,1,43,1526,62802,64371,3,3,0.0232558139534883,0.0006553079947575,1.5923059775166397e-05,6,2.0,0,1,1,1,1,1,1,1
advantage endgame quietMove short,g2g3 e6h3 c5c1 f4c1,4r3/pN3kpp/2N1b3/2R5/5b2/P5P1/1P3P1P/7K b - -,1862,75,-1,384,409,170616,1,35,1000,0,0,-205,2,24,0,1,999,-310.0,3.0,27.0,0.0,0.0,1000.0,1000,0,0,16,14,2,30,5,2,0,1,0,1,3,0,2,1,0,1,0,0,0,0,1,1,1,0,0,0,0,0,0,0,0,0,0,0,0,0,0,0,0,0,1,0,0,0,0,0,0,0,0,0,0,0,0,0,0,0,0,0,0,0,0,0,0,0,0,0,0,0,0,0,0,0,0,0,0,0,0,0,0,0,0,0,0,0,0,0,0,0,0,0,1,21,142,21.0,6.761904761904762,13.88095238095238,1,0,3,3,39,268,1,4,4,5,1,37,1141,35937,37115,4,164,0.027027027027027,0.0184049079754601,0.0039513593232601,310,1.8902439024390243,0,1,1,1,1,1,1,1
crushing endgame long master quietMove,f6f7 d5f7 a5b6 f7d5 b6c5 c3b3,8/5P2/2p5/K2b3p/7N/P1k5/8/8 b - -,1621,76,-1,301,334,250485,1,27,1000,0,0,-633,2,20,0,0,1000,-693.0,3.0,35.0,0.0,0.0,1000.0,1000,0,0,5,5,0,10,2,1,0,0,0,1,2,0,1,0,0,1,1,0,1,0,0,1,0,0,0,0,0,0,0,1,0,0,0,0,0,0,0,0,0,0,1,0,0,0,0,0,0,0,0,0,0,0,0,0,0,0,0,0,0,0,0,0,0,0,0,0,0,0,0,0,0,0,0,0,0,0,0,0,0,0,0,0,0,0,0,0,0,0,0,0,1,1,1,1.0,1.0,1.0,1,1,1,2,1,2,1,1,1,2,1,17,203,3244,3464,3,3,0.0588235294117647,0.0049261083743842,0.000308261405672,5,1.6666666666666667,1,1,0,1,1,1,1,1
crushing endgame fork short,c2c8 f5e7 g8f7 e7c8,2r3k1/6p1/R6p/3P1N2/8/3K4/5b2/8 w - -,905,87,1,443,453,124436,1,22,1000,0,0,33,2,18,12,988,0,29.0,3.0,18.0,9.0,991.0,0.0,1000,0,0,9,10,-1,19,1,1,0,1,0,1,2,0,1,1,0,1,1,0,0,0,0,1,1,0,1,0,0,0,0,0,0,0,0,0,0,0,0,0,0,0,0,0,0,0,0,0,0,0,0,0,0,0,0,0,0,0,0,0,0,0,0,0,0,0,0,0,0,0,0,0,0,0,0,0,0,0,0,0,0,0,0,0,0,0,0,0,0,0,0,0,1,4,4,4.0,1.0,2.5,1,0,4,2,4,8,1,1,1,2,1,26,651,15295,15972,5,9,0.0384615384615384,0.0061443932411674,0.0002615233736515,14,1.5555555555555556,1,1,1,1,1,1,1,1
crushing defensiveMove endgame hangingPiece short,f2f4 e3f4 h4h3 e1g3,1k6/p1p5/P2p4/3P4/1PK2r1p/4P3/8/4B3 w - -,1267,78,1,659,760,457908,1,46,1000,0,0,-474,2,20,0,0,1000,-529.0,3.0,21.0,0.0,0.0,1000.0,1000,0,0,7,9,-2,16,4,0,1,0,0,1,4,0,0,1,0,1,1,1,0,0,0,1,1,0,0,0,0,0,0,0,0,0,0,0,0,0,0,0,0,0,0,0,0,0,0,0,0,0,0,0,0,0,0,0,0,0,0,0,1,0,0,0,0,0,0,0,0,0,0,0,0,0,0,0,0,0,0,0,0,0,0,0,0,0,0,0,0,0,0,0,1,1,1,1.0,1.0,1.0,1,1,1,1,1,2,1,1,1,2,1,6,87,985,1078,3,3,0.1666666666666666,0.0114942528735632,0.0010152284263959,4,1.3333333333333333,0,1,1,1,1,1,1,1
crushing middlegame short,c1e3 d5c3 d1g4 c3e4,b3k2r/4bpp1/2q1p2p/1p1nP3/1Pp1N3/2P1B3/2B2PPP/3QR1K1 b k -,1719,76,-1,258,270,96203,1,22,1000,0,0,48,2,27,44,956,0,-12.0,3.0,24.0,1.0,993.0,6.0,1000,0,0,29,29,0,58,6,1,2,1,1,1,6,1,2,1,1,1,1,0,0,1,0,0,1,0,0,0,0,0,0,0,0,0,0,0,0,0,0,0,0,0,0,0,0,0,0,0,0,0,0,0,0,0,0,0,0,0,0,0,0,0,0,0,0,0,0,0,0,0,0,0,0,0,0,0,0,0,0,0,0,0,0,0,0,0,0,0,0,0,0,0,0,0,0,0.0,0.0,0.0,0,0,0,0,0,0,0,0,0,0,0,36,1452,47706,49194,0,0,0.0,0.0,0.0,0,0.0,0,0,1,1,1,1,1,1
attraction crushing long middlegame,d5c3 g5f4 c7b6 c4c5 b6c5 f4e3,r1b4r/ppk2ppp/2p5/6B1/2P5/2n3P1/P1P1B2P/2KR3R w - -,2150,75,1,436,432,2271457,1,48,1000,0,0,-38,2,18,0,982,18,-65.0,3.0,24.0,0.0,907.0,93.0,1000,0,0,21,22,-1,43,5,0,2,2,0,1,6,1,1,2,0,1,1,0,1,1,0,0,0,0,0,0,0,0,0,0,0,0,0,0,0,0,0,0,0,0,0,0,0,0,0,0,0,0,0,0,1,0,0,0,0,0,0,0,0,0,0,0,0,0,0,0,0,0,0,0,0,0,0,0,0,0,0,0,0,0,0,0,0,0,0,0,0,0,0,0,1,1,1,1.0,1.0,1.0,1,1,1,1,1,1,1,1,1,3,1,34,950,29395,30379,3,3,0.0294117647058823,0.0010526315789473,3.401939105290015e-05,3,1.0,0,0,1,1,1,1,1,1
advancedPawn crushing endgame promotion veryLong,e7e1 a1e1 f2e1 a4a3 e1d2 a3a2 d2c3 a2a1q,8/8/1k6/8/p7/1p1N2P1/5KP1/r3R3 b - -,1647,76,-1,461,460,139740,1,40,1000,0,0,7,2,17,2,997,1,-5.0,3.0,21.0,1.0,997.0,2.0,1000,0,0,10,7,3,17,2,1,0,1,0,1,2,0,0,1,0,1,1,0,0,0,0,1,0,0,0,0,0,0,0,0,0,0,1,0,0,0,0,0,0,0,0,0,0,0,0,0,0,0,0,1,0,1,0,0,0,0,0,0,0,0,0,0,0,0,0,0,0,0,0,0,0,0,0,0,0,0,0,0,0,0,0,0,0,0,0,0,0,0,0,0,1,1,1,1.0,1.0,1.0,1,1,1,4,1,1,1,1,1,3,1,15,348,4973,5336,3,3,0.0666666666666666,0.0028735632183908,0.0002010858636637,6,2.0,0,1,1,1,1,1,1,1
advantage deflection endgame sacrifice veryLong,d4d2 d8d7 d2d7 h3h2 g1f1 h2g3 d7d8 g8g7 d8f6 g7h6 f6g5 h5g5,3r2k1/pp1P1p1p/6p1/2R1P2r/5P2/6Pq/3Q3P/3R2K1 b - -,2621,100,-1,389,391,83749,1,19,1000,0,0,-256,2,16,0,0,1000,-260.0,3.0,20.0,0.0,0.0,1000.0,1000,0,0,24,24,0,48,5,0,0,2,1,1,5,0,0,2,1,1,0,0,0,0,1,1,0,0,0,0,0,0,0,0,0,0,1,0,0,0,0,0,0,0,0,0,0,1,0,0,1,0,0,0,0,0,0,0,0,0,0,0,0,0,0,0,0,0,0,0,0,0,0,0,0,0,0,0,0,0,0,0,0,0,0,0,0,0,0,0,0,0,0,0,1,1,1,1.0,1.0,1.0,1,1,1,1,1,1,1,1,1,2,1,31,1032,31941,33004,3,3,0.032258064516129,0.000968992248062,3.130772361541592e-05,3,1.0,0,1,0,0,1,1,1,1
clearance crushing kingsideAttack middlegame short,e3f5 e4f5 d3f5 f3d5,1r4k1/r5q1/p2p1pP1/4pn2/2p1P2Q/2Pb1BK1/P6R/2R5 w - -,1706,75,1,470,554,153570,1,36,1000,0,0,-491,2,18,0,0,1000,-635.0,3.0,18.0,0.0,0.0,1000.0,1000,0,0,26,30,-4,56,4,0,1,2,1,1,5,1,1,2,1,1,1,0,0,1,0,0,1,0,0,0,0,0,0,0,0,1,0,0,0,0,0,0,0,0,0,0,0,0,0,0,0,0,0,0,0,0,0,0,0,0,0,0,0,0,0,0,1,0,0,0,0,0,0,0,0,0,0,0,0,0,0,0,0,0,0,0,0,0,0,0,0,0,0,0,1,1,1,1.0,1.0,1.0,1,1,1,1,7,1,1,1,1,2,1,5,206,7146,7357,3,3,0.2,0.0048543689320388,0.000139938427092,9,3.0,1,1,1,1,1,1,1,1
endgame mate mateIn1 oneMove,g4f5 e3f3,4Q3/6pk/p3p2p/5P2/1p1P4/4q2P/2B1n2B/7K b - -,1544,86,-1,-1500,-1500,991367,1,2,1000,0,0,137,2,67,916,84,0,0.0,3.0,14.0,2.0,997.0,1.0,1000,0,0,18,17,1,35,3,0,2,0,1,1,5,1,0,0,1,1,0,0,0,0,0,1,0,0,0,0,1,0,0,0,0,0,0,0,0,0,1,1,0,0,0,0,0,0,0,0,0,0,0,0,0,0,0,0,0,0,0,0,0,0,0,0,0,0,0,0,0,0,0,0,0,0,0,0,0,0,0,0,0,0,0,0,0,0,0,0,0,0,0,0,0,0,0,0.0,0.0,0.0,0,0,0,0,0,0,0,0,0,0,0,29,791,19225,20045,0,0,0.0,0.0,0.0,0,0.0,1,1,1,1,1,1,1,1
crushing endgame fork short,e7g5 e4g5 h7h6 g5e6,5r2/5p1k/2ppq1p1/4p1b1/4N2P/3P4/1P1R1P2/4K1R1 w - -,907,88,1,491,494,81511,1,23,1000,0,0,-287,2,16,0,0,1000,-345.0,3.0,22.0,0.0,0.0,1000.0,1000,0,0,17,22,-5,39,4,1,0,2,0,1,5,0,1,1,1,1,1,0,0,0,0,1,1,0,1,0,0,0,0,0,0,0,0,0,0,0,0,0,0,0,0,0,0,0,0,0,0,0,0,0,0,0,0,0,0,0,0,0,0,0,0,0,0,0,0,0,0,0,0,0,0,0,0,0,0,0,0,0,0,0,0,0,0,0,0,0,0,0,0,0,1,1,1,1.0,1.0,1.0,1,1,1,2,1,2,1,1,1,2,1,25,803,19889,20717,3,3,0.04,0.0012453300124533,5.027904872039821e-05,5,1.6666666666666667,1,1,1,1,1,1,1,1
mate mateIn1 middlegame oneMove,d7a4 d4g7,3r1rk1/5pp1/7p/8/b2Qp1n1/1P6/PB1q1PP1/R5K1 w - -,921,81,1,1500,1500,337746,1,2,1000,0,0,-625,2,29,0,0,1000,-681.0,3.0,23.0,0.0,0.0,1000.0,1000,0,0,21,29,-8,50,4,0,1,1,1,1,4,1,1,2,1,1,0,0,0,1,0,0,0,0,0,0,1,0,0,0,0,0,0,0,0,0,1,1,0,0,0,0,0,0,0,0,0,0,0,0,0,0,0,0,0,0,0,0,0,0,0,0,0,0,0,0,0,0,0,0,0,0,0,0,0,0,0,0,0,0,0,0,0,0,0,0,0,0,0,0,0,0,0,0.0,0.0,0.0,0,0,0,0,0,0,0,0,0,0,0,34,1396,44946,46376,0,0,0.0,0.0,0.0,0,0.0,1,1,1,1,1,1,1,1
crushing fork long middlegame,d1d4 c7c5 b4a3 c5d4 a3e7 e8e7,1r2r1k1/ppp1q1pp/4b3/4P3/1Q1R1P2/8/P5PP/R1B3K1 b - -,1426,74,-1,471,494,100956,1,21,1000,0,0,64,2,25,100,900,0,40.0,3.0,22.0,24.0,976.0,0.0,1000,0,0,27,27,0,54,5,0,1,2,1,1,5,0,1,2,1,1,1,0,1,1,0,0,0,0,1,0,0,0,0,0,0,0,0,0,0,0,0,0,0,0,0,0,0,0,0,0,0,0,0,0,0,0,0,0,0,0,0,0,0,0,0,0,0,0,0,0,0,0,0,0,0,0,0,0,0,0,0,0,0,0,0,0,0,0,0,0,0,0,0,0,1,8,12,8.0,1.5,4.75,1,0,4,2,14,13,1,1,2,3,1,39,1534,57752,59325,5,21,0.0256410256410256,0.0052151238591916,0.0002077850117744,29,1.380952380952381,1,1,1,1,1,1,1,1
clearance kingsideAttack mate mateIn2 middlegame operaMate sacrifice short,a7e3 h3g3 h2g3 h5h1,8/2p1r1kp/5pp1/3P3r/4P3/2N1QbPq/PPP2R1P/5RK1 b - -,1709,75,-1,-1500,-1500,28903,1,4,1000,0,0,-343,2,23,0,0,1000,-361.0,3.0,21.0,0.0,0.0,1000.0,1000,0,0,29,26,3,55,7,1,0,2,1,1,4,0,1,2,1,1,0,0,0,1,0,0,1,0,0,0,1,1,1,0,0,1,0,0,0,0,0,0,0,0,0,0,0,1,0,0,0,0,0,0,0,0,0,0,0,0,0,0,0,0,0,0,1,0,0,0,0,0,0,0,0,0,0,0,0,0,0,0,0,0,0,0,0,0,0,0,0,0,0,0,1,2,0,2.0,0.0,1.0,1,0,0,1,2,0,1,2,0,3,0,37,1160,41556,42753,1,3,0.027027027027027,0.0017241379310344,0.0,3,1.0,0,0,1,1,1,1,1,1
advantage discoveredAttack discoveredCheck long middlegame,f7f6 h4h5 g6h6 g5e6 h6h7 e6f8,r1b2r2/pp2n1p1/1qn1ppk1/3pP1N1/3P3P/P7/1P1Q1PP1/RN2K2R w KQ -,1826,75,1,277,380,247548,1,28,1000,0,0,-240,2,25,0,1,999,-264.0,3.0,19.0,0.0,0.0,1000.0,1000,0,0,32,34,-2,66,7,2,0,2,1,1,6,2,1,2,1,1,0,0,1,1,1,0,0,0,0,0,0,0,0,0,0,0,0,0,0,0,0,0,0,0,0,0,1,0,0,0,0,0,0,0,0,0,0,0,0,0,0,0,0,0,0,0,0,0,0,0,0,0,1,0,0,0,0,0,0,0,0,0,0,0,0,0,0,0,0,0,0,0,0,0,1,1,1,1.0,1.0,1.0,1,1,1,1,1,2,1,1,1,3,1,35,1058,36418,37511,3,3,0.0285714285714285,0.0009451795841209,2.74589488714372e-05,4,1.3333333333333333,0,0,1,1,1,1,1,1
endgame master mate mateIn1 oneMove rookEndgame,b7b6 e8b8,4R3/4R3/1k1K2p1/1P6/1P6/2rp3r/8/8 w - -,923,86,1,1500,1500,44633,1,2,1000,0,0,0,2,27,2,996,2,-9.0,3.0,23.0,1.0,996.0,3.0,1000,0,0,12,12,0,24,2,0,0,2,0,1,2,0,0,2,0,1,0,0,0,0,0,1,0,1,0,0,1,0,0,1,0,0,0,0,0,0,1,1,0,0,0,0,0,0,0,0,0,0,0,0,0,0,0,0,0,0,0,0,0,0,0,0,0,0,0,0,0,0,0,0,0,0,0,0,0,0,0,0,0,0,0,0,0,0,0,0,0,0,0,0,0,0,0,0.0,0.0,0.0,0,0,0,0,0,0,0,0,0,0,0,24,498,12669,13191,0,0,0.0,0.0,0.0,0,0.0,1,1,1,1,1,1,1,1
advantage endgame long quietMove,e2a6 c3e1 g1h2 f7f1 a6f1 e1f1,6k1/5rp1/Q2B3p/P1Pp4/1P6/2q1P2P/6P1/6K1 b - -,1629,103,-1,393,464,711676,1,35,1000,0,0,-17,2,35,1,995,4,-25.0,3.0,21.0,0.0,992.0,8.0,1000,0,0,18,17,1,35,6,0,1,0,1,1,3,0,0,1,1,1,0,0,1,0,1,1,0,0,0,0,0,0,0,0,0,0,0,0,0,0,0,0,0,0,1,0,0,0,0,0,0,0,0,0,0,0,0,0,0,0,0,0,0,0,0,0,0,0,0,0,0,0,0,0,0,0,0,0,0,0,0,0,0,0,0,0,0,0,0,0,0,0,0,0,1,1,1,1.0,1.0,1.0,1,1,1,2,5,6,1,1,1,2,1,34,792,24666,25492,3,3,0.0294117647058823,0.0012626262626262,4.0541636260439473e-05,13,4.333333333333333,0,1,1,1,1,1,1,1
advantage middlegame short,d3f3 g4f3 g1g7 g8f8,r5k1/pp4p1/1n6/3pB3/3P2pb/2N2Q2/PP6/2K3R1 b - -,1748,77,-1,275,292,270824,1,38,1000,0,0,-363,2,26,0,0,1000,-791.0,3.0,17.0,0.0,0.0,1000.0,1000,0,0,23,16,7,39,3,1,1,1,1,1,5,1,1,1,0,1,0,0,0,1,1,0,1,0,0,0,0,0,0,0,0,0,0,0,0,0,0,0,0,0,0,0,0,0,0,0,0,0,0,0,0,0,0,0,0,0,0,0,0,0,0,0,0,0,0,0,0,0,0,0,0,0,0,0,0,0,0,0,0,0,0,0,0,0,0,0,0,0,0,0,1,2,4,2.0,2.0,2.0,1,0,1,1,7,6,1,2,3,4,1,24,1077,24689,25790,2,7,0.0416666666666666,0.0018570102135561,0.0001620154724776,14,2.0,1,1,1,1,1,1,1,1
crushing defensiveMove endgame hangingPiece knightEndgame long,e5f3 f2f3 h2g1 f3f4 h3h2 f5g3,8/2p5/pp1p4/3P1N2/PPP1Pp2/5n1p/5K1k/8 w - -,1478,76,1,182,221,256161,1,27,1000,0,0,-193,2,40,0,2,998,-356.0,3.0,31.0,0.0,0.0,1000.0,1000,0,0,8,9,-1,17,5,1,0,0,0,1,6,1,0,0,0,1,1,1,1,0,0,1,0,0,0,0,0,0,0,0,0,0,0,0,0,0,0,0,0,0,0,0,0,0,0,0,0,0,0,0,0,0,0,0,0,0,1,0,1,0,0,0,0,0,0,0,0,0,0,0,0,0,0,0,0,0,0,0,0,0,0,0,0,0,0,0,0,0,0,0,0,0,0,0.0,0.0,0.0,0,0,0,0,0,0,0,0,0,0,0,15,180,2409,2604,0,0,0.0,0.0,0.0,0,0.0,0,1,1,1,1,1,1,1
crushing hangingPiece middlegame short,d8d7 f6h8 d7c6 h8e8,r1b4r/pppkn2p/3pNQ2/8/2BpP2p/8/PPPq2PP/R5K1 w - -,2130,112,1,419,430,294929,1,34,1000,0,0,-132,2,27,0,135,865,-193.0,3.0,42.0,0.0,4.0,996.0,1000,0,0,26,32,-6,58,6,1,1,1,1,1,7,1,1,2,1,1,1,1,0,1,0,0,1,0,0,0,0,0,0,0,0,0,0,0,0,0,0,0,0,0,0,0,0,0,0,0,0,0,0,0,0,0,0,0,0,0,0,0,0,0,0,0,0,0,0,0,0,0,0,0,0,0,0,0,0,0,0,0,0,0,0,0,0,0,0,0,0,0,0,0,1,20,20,20.0,1.0,10.5,1,0,20,2,33,80,1,4,1,4,1,47,1616,63469,65132,21,41,0.0212765957446808,0.0123762376237623,0.0003151144653295,115,2.804878048780488,0,0,1,1,1,1,1,1
backRankMate master mate mateIn2 middlegame sacrifice short,e3c4 d2d8 a8d8 d1d8,r5k1/pp3ppp/2p5/4pb2/2n2q2/P1P2P2/1P1Q3P/3R1R1K w - -,1434,96,1,1500,1500,53392,1,4,1000,0,0,-435,2,20,0,0,1000,-516.0,3.0,21.0,0.0,0.0,1000.0,1000,0,0,24,27,-3,51,5,0,0,2,1,1,7,1,1,1,1,1,0,0,0,1,0,0,1,0,0,0,1,1,0,1,0,0,0,0,0,0,0,0,0,0,0,1,0,1,0,0,0,0,0,0,0,0,0,0,0,0,0,0,0,0,0,0,0,0,0,0,0,0,0,0,0,0,0,0,0,0,0,0,0,0,0,0,0,0,0,0,0,0,0,0,1,1,0,1.0,0.0,0.5,1,1,0,6,3,0,1,1,0,2,0,28,1239,35502,36769,2,2,0.0357142857142857,0.0008071025020177,0.0,9,4.5,1,1,1,1,1,1,1,1
endgame long mate mateIn3 rookEndgame,e4e5 h3h2 g2f1 h2h1 f1f2 h7h2,8/2p4r/1p3k2/p2PR1p1/P1P2pP1/1P3P1r/4R1K1/8 b - -,1603,78,-1,-1500,-1500,22768,1,6,1000,0,0,18,2,28,5,995,0,-137.0,3.0,25.0,0.0,84.0,916.0,1000,0,0,16,15,1,31,6,0,0,2,0,1,5,0,0,2,0,1,0,0,1,0,0,1,0,1,0,0,1,0,0,0,0,0,0,0,0,0,0,0,0,0,0,0,0,0,0,0,0,0,0,0,0,0,1,0,0,0,0,0,0,0,0,0,0,0,0,0,0,0,0,0,0,0,0,0,0,0,0,0,0,0,0,0,0,0,0,0,0,0,0,0,1,2,2,2.0,1.0,1.5,1,0,2,1,2,2,1,1,1,2,0,21,408,7721,8150,3,5,0.0476190476190476,0.0049019607843137,0.0002590338039114,5,1.0,0,0,1,1,1,1,1,1
deflection endgame mate mateIn2 short,f5e4 g3g6 g7h8 g6h6,1q3r2/p5k1/1p2pbpp/2p5/2P1p3/2P2PQP/PP3P2/6RK w - -,1161,80,1,1500,1500,59220,1,4,1000,0,0,-391,2,17,0,0,1000,-422.0,3.0,23.0,0.0,0.0,1000.0,1000,0,0,21,24,-3,45,7,0,0,1,1,1,7,0,1,1,1,1,0,0,0,0,0,1,1,0,0,0,1,1,0,0,0,0,0,0,0,0,0,0,0,0,0,0,0,0,0,0,1,0,0,0,0,0,0,0,0,0,0,0,0,0,0,0,0,0,0,0,0,0,0,0,0,0,0,0,0,0,0,0,0,0,0,0,0,0,0,0,0,0,0,0,1,1,0,1.0,0.0,0.5,1,1,0,3,1,0,1,1,0,2,0,27,860,23524,24411,2,2,0.037037037037037,0.0011627906976744,0.0,4,2.0,1,1,1,1,1,1,1,1
exposedKing kingsideAttack long mate mateIn3 middlegame,f6g7 d2g5 d8g8 g5h5 g7h6 h5h6,r1qr3k/pp3pb1/1np1p3/8/3P3P/2N2PR1/PP1Q2P1/2KR4 w - -,1708,73,1,1500,1500,206991,1,6,1000,0,0,-77,2,36,0,797,203,-153.0,3.0,28.0,0.0,43.0,957.0,1000,0,0,28,30,-2,58,6,1,0,2,1,1,5,1,1,2,1,1,0,0,1,1,0,0,0,0,0,0,1,0,0,0,0,1,0,0,1,0,0,0,0,0,0,0,0,0,0,0,0,0,0,0,0,0,1,0,0,0,0,0,0,0,0,0,0,0,0,0,0,0,0,0,0,0,0,0,0,0,0,0,0,0,0,0,0,0,0,0,0,0,0,0,1,1,1,1.0,1.0,1.0,1,1,1,3,3,1,1,1,1,2,0,33,895,31557,32485,3,3,0.0303030303030303,0.0011173184357541,3.168869030642964e-05,7,2.333333333333333,0,0,1,1,1,1,1,1
crushing endgame short,a4a3 e3d4 e6e5 f7b3,8/5Qpk/4p3/1p6/8/pq1bB2P/5PP1/6K1 w - -,2168,76,1,670,717,218664,1,22,1000,0,0,17,2,17,5,994,1,-2.0,3.0,15.0,1.0,997.0,2.0,1000,0,0,15,16,-1,31,3,0,1,0,1,1,4,0,1,0,1,1,1,0,0,0,0,1,1,0,0,0,0,0,0,0,0,0,0,0,0,0,0,0,0,0,0,0,0,0,0,0,0,0,0,0,0,0,0,0,0,0,0,0,0,0,0,0,0,0,0,0,0,0,0,0,0,0,0,0,0,0,0,0,0,0,0,0,0,0,0,0,0,0,0,0,1,2,2,2.0,1.0,1.5,1,0,2,1,4,2,1,1,1,3,1,32,640,18743,19415,3,5,0.03125,0.003125,0.0001067065037614,7,1.4,1,1,1,1,1,1,1,1
crushing defensiveMove master middlegame short,h1h6 g7h6 e3h6 a5c7,r4rk1/1p4p1/p1p1n1PR/q3p3/4P3/2N1QP2/PPP5/2KR4 b - -,2112,76,-1,219,250,199176,1,27,1000,0,0,-169,2,22,0,15,985,-221.0,3.0,22.0,0.0,1.0,999.0,1000,0,0,28,27,1,55,6,1,0,2,1,1,5,1,0,2,1,1,1,0,0,1,0,0,1,0,0,0,0,0,0,1,0,0,0,0,0,0,0,0,0,0,0,0,0,0,0,0,0,0,0,0,0,0,0,0,0,0,0,0,1,0,0,0,0,0,0,0,0,0,0,0,0,0,0,0,0,0,0,0,0,0,0,0,0,0,0,0,0,0,0,0,0,0,0,0.0,0.0,0.0,0,0,0,0,0,0,0,0,0,0,0,35,1431,46770,48236,0,0,0.0,0.0,0.0,0,0.0,0,1,1,0,1,1,1,1
endgame master masterVsMaster mate mateIn1 oneMove,f7e6 b7g7,3r2k1/pQ4pp/4p1n1/2q5/2P5/2B3P1/P4PBP/6K1 w - -,999,102,1,1500,1500,83496,1,2,1000,0,0,31,2,25,11,989,0,24.0,3.0,26.0,7.0,993.0,0.0,1000,0,0,20,21,-1,41,5,0,2,0,1,1,4,1,0,1,1,1,0,0,0,0,0,1,0,0,0,0,1,0,0,1,0,0,0,0,0,0,1,1,0,0,0,0,0,0,0,0,0,0,0,0,0,0,0,1,0,0,0,0,0,0,0,0,0,0,0,0,0,0,0,0,0,0,0,0,0,0,0,0,0,0,0,0,0,0,0,0,0,0,0,0,0,0,0,0.0,0.0,0.0,0,0,0,0,0,0,0,0,0,0,0,44,1834,73144,75022,0,0,0.0,0.0,0.0,0,0.0,1,1,1,1,1,1,1,1
crushing deflection endgame master rookEndgame short,g6g5 a2a6 h6g7 h4g5,8/5r2/7k/6pp/7P/5PK1/R7/8 w - -,1184,79,1,443,448,578973,1,51,1000,0,0,18,2,18,4,996,0,16.0,3.0,19.0,4.0,996.0,0.0,1000,0,0,7,7,0,14,2,0,0,1,0,1,2,0,0,1,0,1,1,0,0,0,0,1,1,1,0,0,0,0,0,1,0,0,0,0,0,0,0,0,0,0,0,0,0,0,0,0,1,0,0,0,0,0,0,0,0,0,0,0,0,0,0,0,0,0,0,0,0,0,0,0,0,0,0,0,0,0,0,0,0,0,0,0,0,0,0,0,0,0,0,0,1,1,1,1.0,1.0,1.0,1,1,1,4,1,5,1,1,1,1,1,20,313,5299,5632,3,3,0.05,0.0031948881789137,0.0001887148518588,10,3.333333333333333,1,0,1,1,1,1,1,1
backRankMate endgame mate mateIn2 rookEndgame short,d8d6 c1c8 d6d8 c8d8,6k1/5ppp/3rp3/8/8/8/1P3PPP/2R3K1 w - -,399,101,1,1500,1500,90066,1,4,1000,0,0,72,2,23,133,867,0,22.0,3.0,19.0,6.0,994.0,0.0,1000,0,0,9,9,0,18,4,0,0,1,0,1,4,0,0,1,0,1,0,0,0,0,0,1,1,1,0,0,1,1,0,0,0,0,0,0,0,0,0,0,0,0,0,1,0,0,0,0,0,0,0,0,0,0,0,0,0,0,0,0,0,0,0,0,0,0,0,0,0,0,0,0,0,0,0,0,0,0,0,0,0,0,0,0,0,0,0,0,0,0,0,0,1,1,0,1.0,0.0,0.5,1,1,0,7,2,0,1,1,0,1,0,22,398,7917,8337,2,2,0.0454545454545454,0.0025125628140703,0.0,9,4.5,1,1,1,1,1,1,1,1
crushing middlegame pin veryLong,h7g6 h5g6 e5g7 f1f7 c7c5 g1h1 c5f8 f7f8,4r1k1/ppqb4/6p1/3pb2Q/8/2P5/PP1B2PP/5RK1 w - -,2040,95,1,399,430,296514,1,38,1000,0,0,-364,2,23,0,0,1000,-372.0,3.0,20.0,0.0,0.0,1000.0,1000,0,0,22,24,-2,46,5,0,1,1,1,1,4,0,2,1,1,1,1,0,0,1,0,0,0,0,0,0,0,0,0,0,0,0,1,0,0,0,0,0,0,1,0,0,0,0,0,0,0,0,0,0,0,0,0,0,0,0,0,0,0,0,0,0,0,0,0,0,0,0,0,0,0,0,0,0,0,0,0,0,0,0,0,0,0,0,0,0,0,0,0,0,1,2,4,2.0,2.0,2.0,1,0,1,1,3,14,1,2,2,4,1,42,1601,58451,60094,2,7,0.0238095238095238,0.0012492192379762,6.84333886503225e-05,18,2.571428571428572,1,0,1,1,1,1,1,1
crushing defensiveMove endgame queenEndgame short,d3c4 c7c4 d5c4 b2b4,8/2Q2pk1/8/3pp2P/2q5/2P5/KP6/8 w - -,2082,84,1,277,423,362918,1,26,1000,0,0,-679,2,16,0,0,1000,-747.0,3.0,19.0,0.0,0.0,1000.0,1000,0,0,12,12,0,24,3,0,0,0,1,1,3,0,0,0,1,1,1,0,0,0,0,1,1,0,0,0,0,0,0,0,0,0,0,0,0,0,0,0,0,0,0,0,0,0,0,0,0,0,0,0,0,0,0,0,0,0,0,0,1,1,0,0,0,0,0,0,0,0,0,0,0,0,0,0,0,0,0,0,0,0,0,0,0,0,0,0,0,0,0,0,1,1,1,1.0,1.0,1.0,1,1,1,3,1,2,1,1,1,2,1,5,114,1989,2108,3,3,0.2,0.0087719298245614,0.0005027652086475,6,2.0,1,0,1,1,1,1,1,1
advantage endgame short,c3e1 e4e1 f1e1 h6c1,8/1p4pk/pPp4b/P1P1P3/3pq1b1/8/6PP/2B1QRK1 b - -,2213,80,-1,129,198,99857,1,36,998,2,0,-307,2,22,0,0,1000,-410.0,3.0,23.0,0.0,0.0,1000.0,1000,0,0,23,20,3,43,6,0,1,1,1,1,5,0,2,0,1,1,0,0,0,0,1,1,1,0,0,0,0,0,0,0,0,0,0,0,0,0,0,0,0,0,0,0,0,0,0,0,0,0,0,0,0,0,0,0,0,0,0,0,0,0,0,0,0,0,0,0,0,0,0,0,0,0,0,0,0,0,0,0,0,0,0,0,0,0,0,0,0,0,0,0,1,3,3,3.0,1.0,2.0,1,0,3,3,5,9,1,1,1,2,1,33,852,26283,27168,4,7,0.0303030303030303,0.0035211267605633,0.0001141422212076,17,2.4285714285714284,0,0,0,1,1,1,1,1
endgame mate mateIn1 oneMove,c7c5 h7h8,5rk1/pp4pR/4p1r1/2qp4/8/2P4Q/PP3RPP/6K1 w - -,986,79,1,1500,1500,107991,1,2,1000,0,0,-570,2,21,0,0,1000,-584.0,3.0,23.0,0.0,0.0,1000.0,1000,0,0,24,24,0,48,5,0,0,2,1,1,5,0,0,2,1,1,0,0,0,0,0,1,0,0,0,0,1,0,0,0,0,0,0,0,0,0,1,1,0,0,0,0,0,0,0,0,0,0,0,0,0,0,0,0,0,0,0,0,0,0,0,0,0,0,0,0,0,0,0,0,0,0,0,0,0,0,0,0,0,0,0,0,0,0,0,0,0,0,0,0,0,0,0,0.0,0.0,0.0,0,0,0,0,0,0,0,0,0,0,0,24,800,22938,23762,0,0,0.0,0.0,0.0,0,0.0,1,1,1,1,1,1,1,1
backRankMate endgame mate mateIn2 short,f8f7 e1e8 f7f8 e8f8,7k/pb3rpp/2p5/5p2/3P4/8/PPP2PPP/4R1K1 w - -,560,99,1,1500,1500,94823,1,4,1000,0,0,-111,2,28,0,333,667,-155.0,3.0,32.0,0.0,27.0,973.0,1000,0,0,12,13,-1,25,7,0,0,1,0,1,5,0,1,1,0,1,0,0,0,0,0,1,1,0,0,0,1,1,0,0,0,0,0,0,0,0,0,0,0,0,0,1,0,0,0,0,0,0,0,0,0,0,0,0,0,0,0,0,0,0,0,0,0,0,0,0,0,0,0,0,0,0,0,0,0,0,0,0,0,0,0,0,0,0,0,0,0,0,0,0,1,1,0,1.0,0.0,0.5,1,1,0,7,1,0,1,1,0,1,0,27,443,11105,11575,2,2,0.037037037037037,0.0022573363431151,0.0,8,4.0,1,1,1,1,1,1,1,1
kingsideAttack long mate mateIn3 middlegame,f8f3 d3h7 g8f7 c2g6 f7f8 h7h8,r5k1/pp2q1p1/2p1p2p/3nP1pP/3P2P1/2PQ1r2/PPB5/R5K1 w - -,1470,75,1,1500,1500,68046,1,6,1000,0,0,34,2,25,16,984,0,-311.0,3.0,26.0,0.0,0.0,1000.0,1000,0,0,24,29,-5,53,7,0,1,1,1,1,7,1,0,2,1,1,0,0,1,1,0,0,0,0,0,0,1,0,0,0,0,1,0,0,0,0,0,0,0,0,0,0,0,0,0,0,0,0,0,0,0,0,1,0,0,0,0,0,0,0,0,0,0,0,0,0,0,0,0,0,0,0,0,0,0,0,0,0,0,0,0,0,0,0,0,0,0,0,0,0,1,2,2,2.0,1.0,1.5,1,0,2,4,2,5,1,1,2,3,0,30,1237,37198,38465,3,5,0.0333333333333333,0.0016168148746968,5.3766331523200175e-05,11,2.2,0,1,1,1,1,1,1,1
endgame mate mateIn2 short,b2d2 c8c1 d2d1 c1d1,2r5/1p2k1pp/4p3/1N3p2/5P2/P2nP3/3R2PP/6K1 b - -,561,103,-1,-1500,-1500,123069,1,4,1000,0,0,6,2,20,2,997,1,1.0,3.0,27.0,2.0,996.0,2.0,1000,0,0,13,13,0,26,5,1,0,1,0,1,5,1,0,1,0,1,0,0,0,0,0,1,1,0,0,0,1,1,0,0,0,0,0,0,0,0,0,0,0,0,0,0,0,0,0,0,0,0,0,0,0,0,0,0,0,0,0,0,0,0,0,0,0,0,0,0,0,0,0,0,0,0,0,0,0,0,0,0,0,0,0,0,0,0,0,0,0,0,0,0,1,1,0,1.0,0.0,0.5,1,1,0,7,1,0,1,1,0,1,0,34,710,20537,21281,2,2,0.0294117647058823,0.0014084507042253,0.0,8,4.0,1,1,1,1,1,1,1,1
advantage kingsideAttack long opening,f6e4 h4g6 e4c3 g6e7 d8e7 b2c3,r2q1rk1/p1p1bppp/2pp2b1/4p3/4n1PN/2NP3P/PPP2PK1/R1BQ1R2 w - -,1659,73,1,325,331,75202,1,30,1000,0,0,-146,2,21,0,108,892,-177.0,3.0,20.0,0.0,28.0,972.0,1000,0,0,35,36,-1,71,7,2,1,2,1,1,8,1,2,2,1,1,0,0,1,0,1,0,0,0,0,0,0,0,0,0,0,1,0,0,0,0,0,0,1,0,0,0,0,0,0,0,0,0,0,0,0,0,0,0,0,0,0,0,0,0,0,0,0,0,0,0,0,0,0,0,0,0,0,0,0,0,0,0,0,0,0,0,0,0,0,0,0,0,0,0,1,2,3,2.0,1.5,1.75,1,0,1,2,3,5,1,2,2,2,1,35,967,34509,35511,2,6,0.0285714285714285,0.0020682523267838,8.693384334521429e-05,10,1.6666666666666667,1,0,1,1,1,1,1,1
crushing endgame short,b7f7 a1f1 f7f1 g1f1,7k/5q1p/3Q2p1/8/P3p3/1p2B2P/1br3P1/R5K1 w - -,2091,82,1,544,535,80174,1,28,1000,0,0,0,2,9,2,997,1,0.0,3.0,22.0,2.0,997.0,1.0,1000,0,0,20,21,-1,41,3,0,1,1,1,1,4,0,1,1,1,1,1,0,0,0,0,1,1,0,0,0,0,0,0,0,0,0,0,0,0,0,0,0,0,0,0,0,0,0,0,0,0,0,0,0,0,0,0,0,0,0,0,0,0,0,0,0,0,0,0,0,0,0,0,0,0,0,0,0,0,0,0,0,0,0,0,0,0,0,0,0,0,0,0,0,1,1,2,1.0,2.0,1.5,1,1,0,5,6,7,1,1,1,1,1,47,1680,63016,64743,2,4,0.0212765957446808,0.000595238095238,3.173797130887394e-05,18,4.5,0,1,1,1,1,1,1,1
crushing endgame exposedKing rookEndgame veryLong,a7a6 d5d6 b6a5 d6a6 a5a6 d2c3 a6b7 c3d4,8/8/rk5p/3R2p1/4p1P1/4P3/3K4/8 w - -,1080,80,1,558,597,336693,1,32,1000,0,0,12,2,16,3,996,1,3.0,3.0,18.0,2.0,997.0,1.0,1000,0,0,7,8,-1,15,2,0,0,1,0,1,3,0,0,1,0,1,1,0,0,0,0,1,0,1,0,0,0,0,0,0,0,0,1,0,1,0,0,0,0,0,0,0,0,0,0,0,0,0,0,0,0,0,0,0,0,0,0,0,0,0,0,0,0,0,0,0,0,0,0,0,0,0,0,0,0,0,0,0,0,0,0,0,0,0,0,0,0,0,0,0,1,4,4,4.0,1.0,2.5,1,0,4,1,4,12,1,1,1,2,1,17,197,3150,3364,5,9,0.0588235294117647,0.0203045685279187,0.0012698412698412,17,1.8888888888888888,0,1,1,1,1,1,1,1
mate mateIn2 middlegame short,h5h3 f4f7 e7d8 f7d7,r6r/1bpnk3/1p1pB3/pP1P4/P3PQP1/2b2N1q/2P2P2/R3R1K1 w - -,971,78,1,1500,1500,74761,1,4,1000,0,0,-370,2,26,0,0,1000,-396.0,3.0,16.0,0.0,0.0,1000.0,1000,0,0,32,32,0,64,7,1,1,2,1,1,4,1,2,2,1,1,0,0,0,1,0,0,1,0,0,0,1,1,0,0,0,0,0,0,0,0,0,0,0,0,0,0,0,0,0,0,0,0,0,0,0,0,0,0,0,0,0,0,0,0,0,0,0,0,0,0,0,0,0,0,0,0,0,0,0,0,0,0,0,0,0,0,0,0,0,0,0,0,0,0,1,1,0,1.0,0.0,0.5,1,1,0,3,1,0,1,1,0,2,0,36,1600,49481,51117,2,2,0.0277777777777777,0.000625,0.0,4,2.0,1,1,1,1,1,1,1,1
crushing deflection endgame long,g3g4 f5b1 f2f1 b1b2 e3e6 g8h8,2r2rk1/pp2R3/5p2/3p1q2/3P2P1/4QP1p/PP3R1P/6K1 b - -,1913,75,-1,452,477,328644,1,49,1000,0,0,-75,2,22,0,827,173,-228.0,3.0,18.0,0.0,0.0,1000.0,1000,0,0,25,24,1,49,6,0,0,2,1,1,5,0,0,2,1,1,1,0,1,0,0,1,0,0,0,0,0,0,0,0,0,0,0,0,0,0,0,0,0,0,0,0,0,0,0,0,1,0,0,0,0,0,0,0,0,0,0,0,0,0,0,0,0,0,0,0,0,0,0,0,0,0,0,0,0,0,0,0,0,0,0,0,0,0,0,0,0,0,0,0,0,0,0,0.0,0.0,0.0,0,0,0,0,0,0,0,0,0,0,0,33,1123,34016,35172,0,0,0.0,0.0,0.0,0,0.0,0,1,1,1,1,1,1,1
mate mateIn2 middlegame short,d7c5 d2d8 e8f7 d8f8,r1b1k1nr/pp2p2p/2q1Npp1/2n1p3/2B5/2N3B1/PPPR1PPP/2K4R w kq -,2002,77,1,1500,1500,149291,1,4,1000,0,0,-202,2,17,0,4,996,-316.0,3.0,24.0,0.0,0.0,1000.0,1000,0,0,28,35,-7,63,6,2,2,2,0,1,7,2,1,2,1,1,0,0,0,1,0,0,1,0,0,0,1,1,0,0,0,0,0,0,0,0,0,0,0,0,0,0,0,0,0,0,0,0,0,0,0,0,0,0,0,0,0,0,0,0,0,0,0,0,0,0,0,0,0,0,0,0,0,0,0,0,0,0,0,0,0,0,0,0,0,0,0,0,0,0,1,1,0,1.0,0.0,0.5,1,1,0,6,1,0,1,1,0,2,0,47,1458,62245,63750,2,2,0.0212765957446808,0.0006858710562414,0.0,7,3.5,1,1,1,1,1,1,1,1
crushing defensiveMove middlegame veryLong,d5e6 d7b5 e2d2 d8c7 a1c1 c7b7 g6e4 b7a7,1rbk3r/3qp1b1/p3P1Bp/1N4p1/8/P5P1/1P2Q1P1/R3K2R b KQ -,2272,79,-1,254,254,67040,1,26,1000,0,0,-327,2,22,0,0,1000,-406.0,3.0,18.0,0.0,0.0,1000.0,1000,0,0,30,29,1,59,5,1,1,2,1,1,4,0,2,2,1,1,1,0,0,1,0,0,0,0,0,0,0,0,0,0,0,0,1,0,0,0,0,0,0,0,0,0,0,0,0,0,0,0,0,0,0,0,0,0,0,0,0,0,1,0,0,0,0,0,0,0,0,0,0,0,0,0,0,0,0,0,0,0,0,0,0,0,0,0,0,0,0,0,0,0,0,0,0,0.0,0.0,0.0,0,0,0,0,0,0,0,0,0,0,0,32,1321,42745,44098,0,0,0.0,0.0,0.0,0,0.0,0,1,1,1,0,1,1,1
crushing defensiveMove endgame pawnEndgame quietMove short,h6h7 g6g5 g3g4 f5f4,8/7K/6p1/5p2/4p3/1k4P1/5P1P/8 b - -,1657,77,-1,397,413,494249,1,39,1000,0,0,-598,2,31,0,0,1000,-613.0,3.0,36.0,0.0,0.0,1000.0,1000,0,0,3,3,0,6,3,0,0,0,0,1,3,0,0,0,0,1,1,0,0,0,0,1,1,0,0,1,0,0,0,0,0,0,0,0,0,0,0,0,0,0,1,0,0,0,0,0,0,0,0,0,0,0,0,0,0,0,0,0,1,0,0,0,0,0,0,0,0,0,0,0,0,0,0,0,0,0,0,0,0,0,0,0,0,0,0,0,0,0,0,0,1,6,14,6.0,2.333333333333333,4.166666666666667,1,0,5,1,6,14,1,2,2,2,1,11,111,1154,1276,6,21,0.0909090909090909,0.054054054054054,0.0121317157712305,21,1.0,0,1,1,1,1,1,1,1
crushing endgame fork master short,d1e2 d3f4 d5c6 f4e2,8/8/8/2Pk4/pK4p1/3N4/4bP2/8 w - -,777,87,1,507,589,189734,1,41,1000,0,0,9,2,17,2,997,1,3.0,3.0,22.0,2.0,997.0,1.0,1000,0,0,5,5,0,10,2,1,0,0,0,1,2,0,1,0,0,1,1,0,0,0,0,1,1,0,1,0,0,0,0,1,0,0,0,0,0,0,0,0,0,0,0,0,0,0,0,0,0,0,0,0,0,0,0,0,0,0,0,0,0,0,0,0,0,0,0,0,0,0,0,0,0,0,0,0,0,0,0,0,0,0,0,0,0,0,0,0,0,0,0,0,1,1,1,1.0,1.0,1.0,1,1,1,2,1,2,1,1,1,2,1,13,140,1674,1827,3,3,0.0769230769230769,0.0071428571428571,0.0005973715651135,5,1.6666666666666667,0,1,1,1,1,1,1,1
endgame master mate mateIn1 oneMove operaMate,h8g8 f1f8,6k1/6pp/p2B4/2pP4/P1q5/6P1/2P1p2P/5RK1 w - -,425,114,1,1500,1500,47667,1,2,1000,0,0,-501,2,27,0,0,1000,-631.0,3.0,20.0,0.0,0.0,1000.0,1000,0,0,13,14,-1,27,5,0,1,1,0,1,5,0,0,0,1,1,0,0,0,0,0,1,0,0,0,0,1,0,1,1,0,0,0,0,0,0,1,1,0,0,0,0,0,0,0,0,0,0,0,0,0,0,0,0,0,0,0,0,0,0,0,0,0,0,0,0,0,0,0,0,0,0,0,0,0,0,0,0,0,0,0,0,0,0,0,0,0,0,0,0,0,0,0,0.0,0.0,0.0,0,0,0,0,0,0,0,0,0,0,0,27,688,15062,15777,0,0,0.0,0.0,0.0,0,0.0,1,1,1,1,1,1,1,1
advantage exposedKing long middlegame,g2f1 e5f4 b3f3 f4f3 d4f3 d6d1,7k/1p4p1/pP1r4/4qp2/P2Nn3/1Q5P/2N5/3R1K2 b - -,2072,76,-1,494,491,562539,1,34,1000,0,0,37,2,25,17,983,0,6.0,3.0,24.0,2.0,997.0,1.0,1000,0,0,23,21,2,44,3,2,0,1,1,1,4,1,0,1,1,1,0,0,1,1,1,0,0,0,0,0,0,0,0,0,0,0,0,0,1,0,0,0,0,0,0,0,0,0,0,0,0,0,0,0,0,0,0,0,0,0,0,0,0,0,0,0,0,0,0,0,0,0,0,0,0,0,0,0,0,0,0,0,0,0,0,0,0,0,0,0,0,0,0,0,1,2,2,2.0,1.0,1.5,1,0,2,1,2,6,1,1,1,3,1,34,1156,40082,41272,3,5,0.0294117647058823,0.0017301038062283,4.9897709695124994e-05,9,1.8,0,1,1,1,1,1,1,1
advantage opening short,f4c7 d8c7 c5c7 d5c7,r2q2kr/p1B2pp1/4b2p/n1Qn4/8/4P3/PP3PPP/2KR1BNR b - -,1370,75,-1,200,208,425667,1,32,996,4,0,-86,2,41,0,677,323,-124.0,3.0,32.0,0.0,224.0,776.0,996,4,0,34,32,2,66,6,1,2,2,1,1,4,2,1,2,1,1,0,0,0,0,1,0,1,0,0,0,0,0,0,0,0,0,0,0,0,0,0,0,1,0,0,0,0,0,0,0,0,0,0,0,0,0,0,0,0,0,0,0,0,0,0,0,0,0,0,0,0,0,0,0,0,0,0,0,0,0,0,0,0,0,0,0,0,0,0,0,0,0,0,0,1,1,1,1.0,1.0,1.0,1,1,1,1,2,2,1,1,1,2,1,38,1851,71857,73746,3,3,0.0263157894736842,0.0005402485143165,1.3916528661090777e-05,5,1.6666666666666667,0,1,1,1,1,1,1,1
endgame mate mateIn2 short,g2f3 g6h4 f3e4 e1h1,8/6pk/1Q1p2n1/4p3/2P3P1/P2PPK1P/1B6/4q3 b - -,1432,78,-1,-1500,-1500,81201,1,4,1000,0,0,0,2,15,2,996,2,0.0,3.0,23.0,2.0,996.0,2.0,1000,0,0,18,15,3,33,6,0,1,0,1,1,3,1,0,0,1,1,0,0,0,0,0,1,1,0,0,0,1,1,0,0,0,0,0,0,0,0,0,0,0,0,0,0,0,0,0,0,0,0,0,0,0,0,0,0,0,0,0,0,0,0,0,0,0,0,0,0,0,0,0,0,0,0,0,0,0,0,0,0,0,0,0,0,0,0,0,0,0,0,0,0,1,1,0,1.0,0.0,0.5,1,1,0,2,1,0,1,1,0,2,0,26,502,11927,12455,2,2,0.0384615384615384,0.0019920318725099,0.0,3,1.5,1,1,1,1,1,1,1,1
crushing middlegame short skewer,f6e4 c3h8 f8e7 h8b8,1r3k2/1p1q1p2/p2p2p1/2pP2bp/2P1n1n1/1PQ3P1/P3N1K1/3N1R1R w - -,943,85,1,306,315,259117,1,28,1000,0,0,-176,2,18,0,12,988,-208.0,3.0,27.0,0.0,2.0,998.0,1000,0,0,30,30,0,60,5,2,0,2,1,1,7,2,1,1,1,1,1,0,0,1,0,0,1,0,0,0,0,0,0,0,0,0,0,0,0,1,0,0,0,0,0,0,0,0,0,0,0,0,0,0,0,0,0,0,0,0,0,0,0,0,0,0,0,0,0,0,0,0,0,0,0,0,0,0,0,0,0,0,0,0,0,0,0,0,0,0,0,0,0,0,1,1,1,1.0,1.0,1.0,1,1,1,5,1,6,1,1,1,2,1,42,1677,63708,65427,3,3,0.0238095238095238,0.0005963029218843,1.5696615809631444e-05,12,4.0,0,1,1,1,1,1,1,1
crushing kingsideAttack master middlegame pin short,c8c7 h5h6 b2b1q h6g5,3r2k1/2r2p2/4p2p/4N1pQ/1p3P2/4P3/np3P1P/2q2BRK w - -,2495,106,1,549,573,954566,1,21,1000,0,0,13,2,19,4,995,1,-27.0,3.0,19.0,0.0,989.0,11.0,1000,0,0,24,28,-4,52,4,1,1,1,1,1,6,1,0,2,1,1,1,0,0,1,0,0,1,0,0,0,0,0,0,1,0,1,0,0,0,0,0,0,0,1,0,0,0,0,0,0,0,0,0,0,0,0,0,0,0,0,0,0,0,0,0,0,0,0,0,0,0,0,0,0,0,0,0,0,0,0,0,0,0,0,0,0,0,0,0,0,0,0,0,0,1,1,2,1.0,2.0,1.5,1,1,0,1,1,5,1,1,2,2,1,36,1506,49306,50848,2,4,0.0277777777777777,0.0006640106241699,4.056301464324829e-05,7,1.75,0,1,1,1,1,1,1,1
advantage deflection discoveredCheck doubleCheck fork middlegame veryLong,e5e4 h5f6 g8f8 f6h7 f8e7 a1f6 g5f6 f3f6,r3r1k1/p1p4p/3b4/6qN/4p3/1P1b1Q2/P2P1PP1/B5KR w - -,1982,79,1,466,407,59065,1,27,1000,0,0,-151,2,25,0,43,957,-319.0,3.0,19.0,0.0,0.0,1000.0,1000,0,0,25,29,-4,54,5,1,1,1,1,1,4,0,2,2,1,1,0,0,0,1,1,0,0,0,1,0,0,0,0,0,0,0,1,0,0,0,0,0,0,0,0,0,0,0,0,0,1,0,0,0,0,0,0,0,0,0,0,0,0,0,0,0,0,0,0,0,0,0,1,0,0,0,0,1,0,0,0,0,0,0,0,0,0,0,0,0,0,0,0,0,1,1,1,1.0,1.0,1.0,1,1,1,2,1,2,1,1,1,2,1,32,1487,47978,49497,3,3,0.03125,0.0006724949562878,2.0842886322897997e-05,5,1.6666666666666667,0,1,0,1,1,1,1,1
advantage endgame long,e5h2 f1h1 h2c2 d3c2 c8c2 b1c2,2r2rk1/3p1ppp/p3p3/1p6/6P1/3Q4/PP5q/1K2RR2 w - -,1333,76,1,326,355,488452,1,43,1000,0,0,-394,2,20,0,0,1000,-421.0,3.0,22.0,0.0,0.0,1000.0,1000,0,0,22,26,-4,48,3,0,0,2,1,1,7,0,0,2,1,1,0,0,1,0,1,1,0,0,0,0,0,0,0,0,0,0,0,0,0,0,0,0,0,0,0,0,0,0,0,0,0,0,0,0,0,0,0,0,0,0,0,0,0,0,0,0,0,0,0,0,0,0,0,0,0,0,0,0,0,0,0,0,0,0,0,0,0,0,0,0,0,0,0,0,1,11,29,11.0,2.636363636363636,6.818181818181818,1,0,5,2,32,49,1,1,4,4,1,42,1726,65180,66948,6,41,0.0238095238095238,0.0063731170336037,0.0004449217551396,83,2.024390243902439,0,1,1,1,1,1,1,1
crushing endgame master short skewer,b4d5 h6h7 f7f8 h7a7,8/r4k2/7R/3n1PK1/8/8/8/8 w - -,962,100,1,516,511,76223,1,24,1000,0,0,20,2,19,5,995,0,7.0,3.0,19.0,2.0,997.0,1.0,1000,0,0,6,8,-2,14,1,0,0,1,0,1,0,1,0,1,0,1,1,0,0,0,0,1,1,0,0,0,0,0,0,1,0,0,0,0,0,1,0,0,0,0,0,0,0,0,0,0,0,0,0,0,0,0,0,0,0,0,0,0,0,0,0,0,0,0,0,0,0,0,0,0,0,0,0,0,0,0,0,0,0,0,0,0,0,0,0,0,0,0,0,0,1,2,2,2.0,1.0,1.5,1,0,2,1,2,14,1,1,1,2,1,18,379,6314,6711,3,5,0.0555555555555555,0.0052770448548812,0.0003167564143173,17,3.4,1,1,1,1,1,1,1,1
crushing endgame short,a8h8 f2f4 e5d7 g7f7,7r/4kpRp/2p2p1P/p1P1n3/Pp6/1B6/5PP1/6K1 w - -,1497,75,1,201,235,181603,1,45,1000,0,0,-49,2,30,0,964,36,-64.0,3.0,23.0,0.0,910.0,90.0,1000,0,0,13,14,-1,27,5,0,1,1,0,1,6,1,0,1,0,1,1,0,0,0,0,1,1,0,0,0,0,0,0,0,0,0,0,0,0,0,0,0,0,0,0,0,0,0,0,0,0,0,0,0,0,0,0,0,0,0,0,0,0,0,0,0,0,0,0,0,0,0,0,0,0,0,0,0,0,0,0,0,0,0,0,0,0,0,0,0,0,0,0,0,0,0,0,0.0,0.0,0.0,0,0,0,0,0,0,0,0,0,0,0,21,368,7249,7638,0,0,0.0,0.0,0.0,0,0.0,0,0,0,1,1,1,1,1
crushing middlegame short,c5c3 b6b5 e1d3 b5d3,4r1k1/p4ppp/bqp2n2/3p4/3P4/2Q5/PP3PPP/RNB1N1K1 b - -,2335,82,-1,614,622,1364743,1,57,1000,0,0,7,2,18,3,996,1,0.0,3.0,27.0,2.0,996.0,2.0,1000,0,0,29,26,3,55,6,2,1,1,1,1,6,1,1,1,1,1,1,0,0,1,0,0,1,0,0,0,0,0,0,0,0,0,0,0,0,0,0,0,0,0,0,0,0,0,0,0,0,0,0,0,0,0,0,0,0,0,0,0,0,0,0,0,0,0,0,0,0,0,0,0,0,0,0,0,0,0,0,0,0,0,0,0,0,0,0,0,0,0,0,0,1,3,3,3.0,1.0,2.0,1,0,3,1,4,21,1,2,1,3,1,41,1388,55565,56994,4,7,0.024390243902439,0.0021613832853025,5.399082156033474e-05,26,3.7142857142857135,0,0,1,1,1,1,1,1
crushing endgame short,c7a7 e6e1 g3e1 e8e1,4r3/R5p1/4r2p/3k1n2/3p4/P5B1/1P4PP/4R1K1 b - -,834,95,-1,478,474,244981,1,36,1000,0,0,62,2,37,77,923,0,43.0,3.0,20.0,25.0,975.0,0.0,1000,0,0,17,16,1,33,4,0,1,2,0,1,3,1,0,2,0,1,1,0,0,0,0,1,1,0,0,0,0,0,0,0,0,0,0,0,0,0,0,0,0,0,0,0,0,0,0,0,0,0,0,0,0,0,0,0,0,0,0,0,0,0,0,0,0,0,0,0,0,0,0,0,0,0,0,0,0,0,0,0,0,0,0,0,0,0,0,0,0,0,0,0,1,1,1,1.0,1.0,1.0,1,1,1,5,2,7,1,1,1,2,1,32,1063,31763,32858,3,3,0.03125,0.0009407337723424,3.148317224443535e-05,14,4.666666666666667,1,1,0,1,1,1,1,1
endgame hangingPiece mate mateIn2 pillsburysMate short,d1d2 f8f1 d2d1 f1d1,2k2r2/pp5p/3p4/3Nb1p1/8/1P1P3P/P1PR4/1K3R2 b - -,588,99,-1,-1500,-1500,192961,1,4,1000,0,0,-614,2,20,0,0,1000,-617.0,3.0,25.0,0.0,0.0,1000.0,1000,0,0,18,13,5,31,5,1,0,2,0,1,5,0,1,1,0,1,0,1,0,0,0,1,1,0,0,0,1,1,0,0,0,0,0,0,0,0,0,0,0,0,0,0,0,0,0,0,0,0,0,0,0,0,0,0,0,0,0,0,0,0,0,0,0,0,0,1,0,0,0,0,0,0,0,0,0,0,0,0,0,0,0,0,0,0,0,0,0,0,0,0,1,1,0,1.0,0.0,0.5,1,1,0,7,1,0,1,1,0,1,0,31,967,25140,26138,2,2,0.032258064516129,0.0010341261633919,0.0,8,4.0,1,1,1,1,1,1,1,1
advancedPawn clearance crushing endgame long master sacrifice,b1b7 f8f6 e5f6 d3d2 e1d1 c4e2,5rk1/pR5p/2r1pBp1/4P3/2b5/3p4/P4PPP/4R1K1 b - -,2272,83,-1,0,122,110591,1,13,807,193,0,59,2,32,63,937,0,0.0,3.0,12.0,2.0,997.0,1.0,1000,0,0,18,18,0,36,5,0,1,2,0,1,5,0,1,2,0,1,1,0,1,0,0,1,0,0,0,0,0,0,0,1,0,0,0,0,0,0,0,0,0,0,0,0,0,1,0,0,0,0,0,1,0,0,0,0,0,0,0,0,0,0,0,0,1,0,0,0,0,0,0,0,0,0,0,0,0,0,0,0,0,0,0,0,0,0,0,0,0,0,0,0,1,1,1,1.0,1.0,1.0,1,1,1,2,1,1,1,1,1,3,1,24,887,22049,22960,3,3,0.0416666666666666,0.0011273957158962,4.535353077237063e-05,4,1.3333333333333333,0,0,0,1,1,0,1,1
kingsideAttack mate mateIn1 middlegame oneMove,d1d4 d6h2,r1b2k1r/pp4p1/2pq2p1/3p4/3Q4/1N6/PPP2PPP/R4RK1 b - -,917,104,-1,-1500,-1500,38287,1,2,1000,0,0,23,2,18,10,989,1,17.0,3.0,19.0,7.0,992.0,1.0,1000,0,0,28,28,0,56,6,1,0,2,1,1,6,0,1,2,1,1,0,0,0,1,0,0,0,0,0,0,1,0,0,0,0,1,0,0,0,0,1,1,0,0,0,0,0,0,0,0,0,0,0,0,0,0,0,0,0,0,0,0,0,0,0,0,0,0,0,0,0,0,0,0,0,0,0,0,0,0,0,0,0,0,0,0,0,0,0,0,0,0,0,0,0,0,0,0.0,0.0,0.0,0,0,0,0,0,0,0,0,0,0,0,37,1491,50651,52179,0,0,0.0,0.0,0.0,0,0.0,1,1,1,1,1,1,1,1
mate mateIn2 middlegame short,g7f8 g3d6 f8e8 d6e7,3r1k2/p2n3p/1p2Bpp1/2r2N2/4q3/6QP/P5P1/5R1K w - -,1239,75,1,1500,1500,79540,1,4,1000,0,0,9,2,26,3,996,1,-334.0,3.0,24.0,0.0,0.0,1000.0,1000,0,0,23,27,-4,50,3,1,1,1,1,1,5,1,0,2,1,1,0,0,0,1,0,0,1,0,0,0,1,1,0,0,0,0,0,0,0,0,0,0,0,0,0,0,0,0,0,0,0,0,0,0,0,0,0,0,0,0,0,0,0,0,0,0,0,0,0,0,0,0,0,0,0,0,0,0,0,0,0,0,0,0,0,0,0,0,0,0,0,0,0,0,1,1,0,1.0,0.0,0.5,1,1,0,3,1,0,1,1,0,2,0,45,2105,86179,88329,2,2,0.0222222222222222,0.0004750593824228,0.0,4,2.0,0,0,1,1,0,1,0,0
endgame long mate mateIn3 rookEndgame,h3h4 f4g3 b5d5 a2a1 d5d1 a1d1,8/8/6p1/PR3p2/1P3k1P/8/r5P1/7K b - -,1453,79,-1,-1500,-1500,140221,1,6,1000,0,0,-180,2,17,0,5,995,-221.0,3.0,25.0,0.0,0.0,1000.0,1000,0,0,9,7,2,16,4,0,0,1,0,1,2,0,0,1,0,1,0,0,1,0,0,1,0,1,0,0,1,0,0,0,0,0,0,0,0,0,0,0,0,0,0,0,0,0,0,0,0,0,0,0,0,0,1,0,0,0,0,0,0,0,0,0,0,0,0,0,0,0,0,0,0,0,0,0,0,0,0,0,0,0,0,0,0,0,0,0,0,0,0,0,1,4,5,4.0,1.25,2.625,1,0,3,1,10,5,1,1,2,3,0,15,178,2622,2815,4,10,0.0666666666666666,0.0224719101123595,0.001906941266209,16,1.6,0,1,1,1,1,1,1,1
advantage endgame rookEndgame short,f2g1 f4g3 g1f1 f5g4,3R4/3P4/8/5p2/5kPp/8/3r2P1/6K1 b - -,2133,75,-1,307,403,533077,1,57,1000,0,0,12,2,24,3,996,1,-391.0,3.0,22.0,0.0,0.0,1000.0,1000,0,0,8,7,1,15,3,0,0,1,0,1,2,0,0,1,0,1,0,0,0,0,1,1,1,1,0,0,0,0,0,0,0,0,0,0,0,0,0,0,0,0,0,0,0,0,0,0,0,0,0,0,0,0,0,0,0,0,0,0,0,0,0,0,0,0,0,0,0,0,0,0,0,0,0,0,0,0,0,0,0,0,0,0,0,0,0,0,0,0,0,0,1,1,1,1.0,1.0,1.0,1,1,1,1,1,1,1,1,1,2,1,20,239,4385,4644,3,3,0.05,0.00418410041841,0.0002280501710376,3,1.0,0,0,1,1,1,1,1,1
endgame mate mateIn2 short,b4d4 g5g6 f7f6 a8f8,R7/1p3kp1/2pK3p/3p1PP1/3r2nP/8/1P6/8 w - -,880,97,1,1500,1500,61127,1,4,1000,0,0,-234,2,22,0,0,1000,-237.0,3.0,20.0,0.0,0.0,1000.0,1000,0,0,9,13,-4,22,4,0,0,1,0,1,5,1,0,1,0,1,0,0,0,0,0,1,1,0,0,0,1,1,0,0,0,0,0,0,0,0,0,0,0,0,0,0,0,0,0,0,0,0,0,0,0,0,0,0,0,0,0,0,0,0,0,0,0,0,0,0,0,0,0,0,0,0,0,0,0,0,0,0,0,0,0,0,0,0,0,0,0,0,0,0,1,1,0,1.0,0.0,0.5,1,1,0,1,1,0,1,1,0,2,0,23,426,8543,8992,2,2,0.0434782608695652,0.0023474178403755,0.0,2,1.0,0,0,1,1,1,1,1,1
endgame mate mateIn1 oneMove,f8f6 f5h7,7k/1pq3p1/2p2r1p/3pPQ2/1p1P4/7P/1rB4K/5R2 w - -,829,83,1,1500,1500,75833,1,2,1000,0,0,-438,2,19,0,0,1000,-549.0,3.0,25.0,0.0,0.0,1000.0,1000,0,0,20,25,-5,45,3,0,1,1,1,1,6,0,0,2,1,1,0,0,0,0,0,1,0,0,0,0,1,0,0,0,0,0,0,0,0,0,1,1,0,0,0,0,0,0,0,0,0,0,0,0,0,0,0,0,0,0,0,0,0,0,0,0,0,0,0,0,0,0,0,0,0,0,0,0,0,0,0,0,0,0,0,0,0,0,0,0,0,0,0,0,0,0,0,0.0,0.0,0.0,0,0,0,0,0,0,0,0,0,0,0,29,784,22790,23603,0,0,0.0,0.0,0.0,0,0.0,1,1,1,1,1,1,1,1
clearance endgame mate mateIn2 pin sacrifice short,b1b6 d5f7 f8f7 d2d8,5rk1/5ppp/1r6/3Qp3/2B1P3/2q3P1/3R1PKP/8 w - -,1335,92,1,1500,1500,38402,1,4,1000,0,0,-109,2,17,0,357,643,-167.0,3.0,22.0,0.0,13.0,987.0,1000,0,0,21,23,-2,44,4,0,1,1,1,1,4,0,0,2,1,1,0,0,0,0,0,1,1,0,0,0,1,1,0,0,0,0,0,0,0,0,0,0,0,1,0,0,0,1,0,0,0,0,0,0,0,0,0,0,0,0,0,0,0,0,0,0,1,0,0,0,0,0,0,0,0,0,0,0,0,0,0,0,0,0,0,0,0,0,0,0,0,0,0,0,1,2,1,2.0,0.5,1.25,1,0,1,2,2,5,1,2,1,3,0,37,1407,51291,52735,2,4,0.027027027027027,0.0014214641080312,1.949659784367628e-05,9,2.25,0,1,1,1,1,1,1,1
advantage discoveredAttack endgame fork long,g7g6 h5e5 h8g8 e4d5 e7d5 e5e1,5r1k/4n2p/1p4p1/pP5Q/P2pB2K/6P1/2P4P/4q3 w - -,1734,74,1,233,251,123013,1,35,1000,0,0,-576,2,25,0,0,1000,-765.0,3.0,23.0,0.0,0.0,1000.0,1000,0,0,17,22,-5,39,5,0,1,0,1,1,5,1,0,1,1,1,0,0,1,0,1,1,0,0,1,0,0,0,0,0,0,0,0,0,0,0,0,0,0,0,0,0,1,0,0,0,0,0,0,0,0,0,0,0,0,0,0,0,0,0,0,0,0,0,0,0,0,0,0,0,0,0,0,0,0,0,0,0,0,0,0,0,0,0,0,0,0,0,0,0,1,1,1,1.0,1.0,1.0,1,1,1,3,1,1,1,1,1,3,1,28,1014,24263,25305,3,3,0.0357142857142857,0.0009861932938856,4.121501875283353e-05,5,1.6666666666666667,0,1,1,1,1,1,1,1
crushing endgame long pawnEndgame quietMove,f4f5 d5e5 h4h5 h7h6 g4g5 h6g5,8/6pp/8/3k1P2/2p3PP/2K5/8/8 b - -,2608,106,-1,426,492,280943,1,18,1000,0,0,42,2,27,21,979,0,40.0,3.0,24.0,19.0,981.0,0.0,1000,0,0,3,3,0,6,3,0,0,0,0,1,3,0,0,0,0,1,1,0,1,0,0,1,0,0,0,1,0,0,0,0,0,0,0,0,0,0,0,0,0,0,1,0,0,0,0,0,0,0,0,0,0,0,0,0,0,0,0,0,0,0,0,0,0,0,0,0,0,0,0,0,0,0,0,0,0,0,0,0,0,0,0,0,0,0,0,0,0,0,0,0,1,2,5,2.0,2.5,2.25,1,0,0,1,2,5,1,1,2,2,1,9,70,697,776,1,8,0.1111111111111111,0.0285714285714285,0.0071736011477761,8,1.0,1,1,0,1,1,1,1,1
advantage defensiveMove opening pin short,f6e4 g5g6 d8b6 g1h2,r2q1rk1/p3bpp1/2pp2b1/4p1Q1/4n3/1B3N1P/PPP3P1/R1B2RK1 w - -,1881,76,1,237,233,154418,1,22,999,1,0,-211,2,20,0,4,996,-328.0,3.0,21.0,0.0,0.0,1000.0,1000,0,0,33,34,-1,67,5,1,2,2,1,1,6,1,2,2,1,1,0,0,0,0,1,0,1,0,0,0,0,0,0,0,0,0,0,0,0,0,0,0,1,1,0,0,0,0,0,0,0,0,0,0,0,0,0,0,0,0,0,0,1,0,0,0,0,0,0,0,0,0,0,0,0,0,0,0,0,0,0,0,0,0,0,0,0,0,0,0,0,0,0,0,1,3,31,3.0,10.333333333333334,6.666666666666667,1,0,2,1,6,65,1,1,6,6,1,40,1108,43847,44995,3,35,0.025,0.0027075812274368,0.0007070038999247,72,2.057142857142857,0,1,1,1,1,1,1,1
advantage attraction fork long middlegame sacrifice,f3g5 d8g5 c1g5 h4f3 g1g2 f3g5,r2qk3/5p1r/p1p1p3/1p1pP1N1/P1nP2Pn/2P3B1/2P2P2/R1QR2K1 b q -,1419,76,-1,319,306,131650,1,36,1000,0,0,-134,2,34,0,134,866,-350.0,3.0,20.0,0.0,0.0,1000.0,1000,0,0,32,31,1,63,7,1,1,2,1,1,6,2,0,2,1,1,0,0,1,1,1,0,0,0,1,0,0,0,0,0,0,0,0,0,0,0,0,0,0,0,0,0,0,1,0,0,0,0,0,0,1,0,0,0,0,0,0,0,0,0,0,0,0,0,0,0,0,0,0,0,0,0,0,0,0,0,0,0,0,0,0,0,0,0,0,0,0,0,0,0,1,1,1,1.0,1.0,1.0,1,1,1,3,2,2,1,1,1,2,1,38,1077,40594,41709,3,3,0.0263157894736842,0.000928505106778,2.4634182391486427e-05,7,2.333333333333333,0,1,1,1,1,1,1,1
crushing endgame rookEndgame short trappedPiece,g3g4 f2f3 g4g5 f4g5,8/5p2/5pk1/8/4PPr1/8/5K2/7R w - -,1852,76,1,443,550,160156,1,36,1000,0,0,3,2,15,2,997,1,1.0,3.0,22.0,1.0,998.0,1.0,1000,0,0,7,7,0,14,2,0,0,1,0,1,2,0,0,1,0,1,1,0,0,0,0,1,1,1,0,0,0,0,0,0,0,0,0,0,0,0,0,0,0,0,0,0,0,0,0,0,0,0,0,0,0,0,0,0,0,0,0,0,0,0,0,0,0,0,0,0,1,0,0,0,0,0,0,0,0,0,0,0,0,0,0,0,0,0,0,0,0,0,0,0,1,1,1,1.0,1.0,1.0,1,1,1,1,1,1,1,1,1,3,1,21,178,2745,2944,3,3,0.0476190476190476,0.0056179775280898,0.0003642987249544,3,1.0,1,1,1,1,1,1,1,1
crushing endgame long quietMove,g7g5 d2d3 h6g7 d3h7 g7f6 h7f7,6B1/ppp5/7k/6pp/6q1/8/Pb1Q1P1P/5K2 w - -,2355,82,1,623,671,1620725,1,57,1000,0,0,0,2,8,2,996,2,0.0,3.0,5.0,2.0,996.0,2.0,1000,0,0,15,17,-2,32,3,0,1,0,1,1,5,0,1,0,1,1,1,0,1,0,0,1,0,0,0,0,0,0,0,0,0,0,0,0,0,0,0,0,0,0,1,0,0,0,0,0,0,0,0,0,0,0,0,0,0,0,0,0,0,0,0,0,0,0,0,0,0,0,0,0,0,0,0,0,0,0,0,0,0,0,0,0,0,0,0,0,0,0,0,0,1,1,1,1.0,1.0,1.0,1,1,1,1,1,4,1,1,1,1,1,31,1008,27210,28249,3,3,0.032258064516129,0.0009920634920634,3.6751194413818446e-05,6,2.0,0,0,0,1,1,1,1,1
crushing fork middlegame short,h5g6 e5f3 e1e2 f3d2,r2q1r2/p3ppkp/3p2P1/1N2n3/4P1P1/5P2/PPPQ4/R3K2R b KQ -,905,98,-1,381,438,224961,1,33,1000,0,0,-229,2,24,0,0,1000,-300.0,3.0,32.0,0.0,0.0,1000.0,1000,0,0,29,27,2,56,7,1,0,2,1,1,5,1,0,2,1,1,1,0,0,1,0,0,1,0,1,0,0,0,0,0,0,0,0,0,0,0,0,0,0,0,0,0,0,0,0,0,0,0,0,0,0,0,0,0,0,0,0,0,0,0,0,0,0,0,0,0,0,0,0,0,0,0,0,0,0,0,0,0,0,0,0,0,0,0,0,0,0,0,0,0,1,2,2,2.0,1.0,1.5,1,0,2,2,2,4,1,1,1,2,1,33,1538,49113,50684,3,5,0.0303030303030303,0.0013003901170351,4.0722415653696575e-05,8,1.6,0,1,1,1,1,1,1,1
endgame exposedKing long master mate mateIn3 queenRookEndgame,a7a8q g3h3 h1g1 f2g2 g1f1 h3h1,Q7/8/8/5k2/8/5pr1/5r2/R6K b - -,1204,75,-1,-1500,-1500,82623,1,6,1000,0,0,-394,2,28,0,0,1000,-474.0,3.0,29.0,0.0,0.0,1000.0,1000,0,0,14,11,3,25,0,0,0,1,1,1,1,0,0,2,0,1,0,0,1,0,0,1,0,0,0,0,1,0,0,1,0,0,0,0,1,0,0,0,0,0,0,0,0,0,0,0,0,0,0,0,0,0,1,0,0,0,0,0,0,0,0,1,0,0,0,0,0,0,0,0,0,0,0,0,0,0,0,0,0,0,0,0,0,0,0,0,0,0,0,0,1,1,1,1.0,1.0,1.0,1,1,1,1,1,1,1,1,1,2,0,23,570,11119,11712,3,3,0.0434782608695652,0.0017543859649122,8.993614533681087e-05,3,1.0,0,0,1,1,1,1,1,1
advantage long middlegame,d4b4 a5d5 e1g1 e7e5 b4b7 e5f4,3rkb1r/pp2pbpp/2p5/q7/1Q3B2/2P3P1/PP2PP1P/RN2K2R b KQk -,1826,79,-1,381,413,685692,1,39,1000,0,0,-40,2,21,0,963,37,-60.0,3.0,26.0,0.0,899.0,101.0,1000,0,0,32,31,1,63,7,1,1,2,1,1,6,0,2,2,1,1,0,0,1,1,1,0,0,0,0,0,0,0,0,0,0,0,0,0,0,0,0,0,0,0,0,0,0,0,0,0,0,0,0,0,0,0,0,0,0,0,0,0,0,0,0,0,0,0,0,0,0,0,0,0,0,0,0,0,0,0,0,0,0,0,0,0,0,0,0,0,0,0,0,0,1,31,293,31.0,9.451612903225806,20.225806451612904,1,0,6,3,50,451,1,6,4,6,1,44,1606,64372,66022,7,325,0.0227272727272727,0.0193026151930261,0.0045516684272665,504,1.550769230769231,0,0,1,1,1,1,1,1
advancedPawn crushing kingsideAttack middlegame promotion short,g7h6 e7e8q b8e8 e1e8,1r4k1/4Pp1p/p5pb/2q5/p2n4/P2Q2B1/r2N1PPP/3KR2R w - -,1260,84,1,268,312,164879,1,33,1000,0,0,-27,2,35,1,984,15,-631.0,3.0,22.0,0.0,0.0,1000.0,1000,0,0,30,30,0,60,5,1,1,2,1,1,5,1,1,2,1,1,1,0,0,1,0,0,1,0,0,0,0,0,0,0,0,1,0,0,0,0,0,0,0,0,0,0,0,0,0,0,0,0,0,1,0,1,0,0,0,0,0,0,0,0,0,0,0,0,0,0,0,0,0,0,0,0,0,0,0,0,0,0,0,0,0,0,0,0,0,0,0,0,0,0,1,1,1,1.0,1.0,1.0,1,1,1,1,3,7,1,1,1,2,1,44,2309,91040,93393,3,3,0.0227272727272727,0.0004330879168471,1.0984182776801408e-05,11,3.6666666666666665,0,1,0,1,1,1,1,1
clearance crushing defensiveMove endgame quietMove veryLong,a7b7 d6e6 b7b4 d8d4 b4b8 g8f7 b8b7 f7g6 g2g3 e6e1,3q2k1/1Q4pp/3r4/P7/8/1P6/3p1PPP/3R2K1 b - -,2536,89,-1,-6,3,347747,1,39,2,997,1,0,2,28,2,997,1,-11.0,3.0,23.0,1.0,996.0,3.0,1000,0,0,19,17,2,36,5,0,0,1,1,1,3,0,0,1,1,1,1,0,0,0,0,1,0,0,0,0,0,0,0,0,0,0,1,0,0,0,0,0,0,0,1,0,0,0,0,0,0,0,0,0,0,0,0,0,0,0,0,0,1,0,0,0,1,0,0,0,0,0,0,0,0,0,0,0,0,0,0,0,0,0,0,0,0,0,0,0,0,0,0,0,0,0,0,0.0,0.0,0.0,0,0,0,0,0,0,0,0,0,0,0,30,968,27619,28617,0,0,0.0,0.0,0.0,0,0.0,0,0,1,0,1,1,1,1
crushing deflection endgame long,g7g6 h5h8 g8g7 h1h7 g7f6 h8f8,5rk1/5p2/4p1p1/7R/2P5/2n2N2/5r2/2K4R w - -,1147,75,1,449,466,1086233,1,43,1000,0,0,-137,2,41,0,86,914,-199.0,3.0,42.0,0.0,2.0,998.0,1000,0,0,14,16,-2,30,1,1,0,2,0,1,3,1,0,2,0,1,1,0,1,0,0,1,0,0,0,0,0,0,0,0,0,0,0,0,0,0,0,0,0,0,0,0,0,0,0,0,1,0,0,0,0,0,0,0,0,0,0,0,0,0,0,0,0,0,0,0,0,0,0,0,0,0,0,0,0,0,0,0,0,0,0,0,0,0,0,0,0,0,0,0,1,1,1,1.0,1.0,1.0,1,1,1,3,1,6,1,1,1,2,1,29,790,18177,18996,3,3,0.0344827586206896,0.0012658227848101,5.50145788633988e-05,10,3.333333333333333,1,0,1,1,1,1,1,1
advancedPawn crushing endgame master rookEndgame short,b2b3 c3c1 f1g2 d3d2,6k1/5pp1/7p/2p5/2P5/1Rrp2PP/P4P2/5K2 b - -,1107,88,-1,648,663,1021888,1,40,1000,0,0,32,2,18,12,988,0,26.0,3.0,18.0,8.0,992.0,0.0,1000,0,0,10,10,0,20,5,0,0,1,0,1,5,0,0,1,0,1,1,0,0,0,0,1,1,1,0,0,0,0,0,1,0,0,0,0,0,0,0,0,0,0,0,0,0,0,0,0,0,0,0,1,0,0,0,0,0,0,0,0,0,0,0,0,0,0,0,0,0,0,0,0,0,0,0,0,0,0,0,0,0,0,0,0,0,0,0,0,0,0,0,0,1,1,1,1.0,1.0,1.0,1,1,1,2,1,1,1,1,1,3,1,13,211,2980,3204,3,3,0.0769230769230769,0.0047393364928909,0.0003355704697986,4,1.3333333333333333,1,1,1,1,1,1,1,1
advantage master middlegame short,e7d7 d4d5 b7d5 c3c4,3r2k1/1b1q1pb1/pp4p1/3rp3/3R2P1/2P2NBP/PP2Q2K/3R4 w - -,2179,80,1,354,363,88064,1,21,1000,0,0,-16,2,20,1,991,8,-170.0,3.0,19.0,0.0,18.0,982.0,1000,0,0,30,30,0,60,5,1,1,2,1,1,5,0,2,2,1,1,0,0,0,1,1,0,1,0,0,0,0,0,0,1,0,0,0,0,0,0,0,0,0,0,0,0,0,0,0,0,0,0,0,0,0,0,0,0,0,0,0,0,0,0,0,0,0,0,0,0,0,0,0,0,0,0,0,0,0,0,0,0,0,0,0,0,0,0,0,0,0,0,0,0,1,2,3,2.0,1.5,1.75,1,0,1,1,4,6,1,2,2,4,1,51,1941,94396,96388,2,6,0.0196078431372549,0.0010303967027305,3.178100766981652e-05,11,1.8333333333333333,1,1,1,1,1,1,1,1
advantage endgame fork short,e1e2 f5f1 g1h2 f1e2,6k1/5r1p/4b1pQ/5q2/3B3P/2P5/4R1P1/6K1 b - -,1113,77,-1,454,503,1270483,1,47,1000,0,0,-28,2,19,0,991,9,-32.0,3.0,37.0,0.0,988.0,12.0,1000,0,0,20,19,1,39,3,0,1,1,1,1,2,0,1,1,1,1,0,0,0,0,1,1,1,0,1,0,0,0,0,0,0,0,0,0,0,0,0,0,0,0,0,0,0,0,0,0,0,0,0,0,0,0,0,0,0,0,0,0,0,0,0,0,0,0,0,0,0,0,0,0,0,0,0,0,0,0,0,0,0,0,0,0,0,0,0,0,0,0,0,0,1,1,1,1.0,1.0,1.0,1,1,1,4,1,1,1,1,1,2,1,33,1038,34135,35206,3,3,0.0303030303030303,0.0009633911368015,2.929544455837117e-05,6,2.0,0,1,1,1,1,1,1,1
crushing endgame short,d5d6 e1e4 d6f4 e4f4,6k1/6Bp/3q2pP/5p2/p2PnQ2/2r5/P5PK/4R3 w - -,1552,76,1,416,443,238060,1,29,1000,0,0,40,2,25,20,980,0,35.0,3.0,17.0,15.0,985.0,0.0,1000,0,0,21,21,0,42,4,0,1,1,1,1,4,1,0,1,1,1,1,0,0,0,0,1,1,0,0,0,0,0,0,0,0,0,0,0,0,0,0,0,0,0,0,0,0,0,0,0,0,0,0,0,0,0,0,0,0,0,0,0,0,0,0,0,0,0,0,0,0,0,0,0,0,0,0,0,0,0,0,0,0,0,0,0,0,0,0,0,0,0,0,0,1,1,1,1.0,1.0,1.0,1,1,1,3,1,2,1,1,1,2,1,23,923,25560,26506,3,3,0.0434782608695652,0.0010834236186348,3.912363067292645e-05,6,2.0,0,1,1,1,1,1,1,1
crushing hangingPiece middlegame short,c3d5 f6d5 g5d8 d5e3,r2qk2r/pp1n1ppp/4pn2/3N2B1/1b1P4/4QN1P/PPb1BPP1/R4RK1 b kq -,1302,78,-1,359,396,146587,1,27,1000,0,0,-94,2,19,0,560,440,-132.0,3.0,28.0,0.0,201.0,799.0,1000,0,0,37,37,0,74,6,2,2,2,1,1,6,2,2,2,1,1,1,1,0,1,0,0,1,0,0,0,0,0,0,0,0,0,0,0,0,0,0,0,0,0,0,0,0,0,0,0,0,0,0,0,0,0,0,0,0,0,0,0,0,0,0,0,0,0,0,0,0,0,0,0,0,0,0,0,0,0,0,0,0,0,0,0,0,0,0,0,0,0,0,0,1,2,4,2.0,2.0,2.0,1,0,1,2,5,5,1,2,3,4,1,47,2194,95603,97844,2,7,0.0212765957446808,0.0009115770282588,4.183969122307877e-05,12,1.7142857142857142,1,1,1,1,1,1,1,1
advancedPawn crushing endgame knightEndgame sacrifice short,f4e5 b6c4 e3c4 c3c2,8/8/1n4kP/1P2Kp2/3P4/2p1N3/8/8 b - -,1777,80,-1,259,328,112593,1,27,1000,0,0,-14,2,22,1,996,3,-33.0,3.0,15.0,0.0,988.0,12.0,1000,0,0,6,5,1,11,3,1,0,0,0,1,2,1,0,0,0,1,1,0,0,0,0,1,1,0,0,0,0,0,0,0,0,0,0,0,0,0,0,0,0,0,0,0,0,1,0,0,0,0,0,1,0,0,0,0,0,0,1,0,0,0,0,0,0,0,0,0,0,0,0,0,0,0,0,0,0,0,0,0,0,0,0,0,0,0,0,0,0,0,0,0,1,2,2,2.0,1.0,1.5,1,0,2,2,3,3,1,2,2,3,1,13,160,1902,2075,3,5,0.0769230769230769,0.0125,0.0010515247108307,8,1.6,0,0,1,1,1,1,1,1
endgame mate mateIn2 operaMate sacrifice short,d5d3 f6a6 b7a6 c7a7,kr6/1pR4p/p4R2/n7/P3p3/3rB3/6PP/6K1 w - -,1118,75,1,1500,1500,110171,1,4,1000,0,0,104,2,30,571,429,0,65.0,3.0,26.0,93.0,907.0,0.0,1000,0,0,16,17,-1,33,3,0,1,2,0,1,4,1,0,2,0,1,0,0,0,0,0,1,1,0,0,0,1,1,1,0,0,0,0,0,0,0,0,0,0,0,0,0,0,1,0,0,0,0,0,0,0,0,0,0,0,0,0,0,0,0,0,0,0,0,0,0,0,0,0,0,0,0,0,0,0,0,0,0,0,0,0,0,0,0,0,0,0,0,0,0,1,1,0,1.0,0.0,0.5,1,1,0,5,1,0,1,1,0,2,0,44,1059,40592,41695,2,2,0.0227272727272727,0.0009442870632672,0.0,6,3.0,0,1,1,1,1,1,1,1
advantage middlegame pin short,c4b3 e6f5 c2f5 g6f5,1k2r3/pp2r2p/2pqbpp1/3n4/3P1p2/1B3N1P/PPQB1PP1/1K1RR3 b - -,1552,75,-1,384,385,58752,1,16,1000,0,0,-204,2,20,0,5,995,-297.0,3.0,22.0,0.0,0.0,1000.0,1000,0,0,34,32,2,66,6,1,2,2,1,1,7,1,1,2,1,1,0,0,0,1,1,0,1,0,0,0,0,0,0,0,0,0,0,0,0,0,0,0,0,1,0,0,0,0,0,0,0,0,0,0,0,0,0,0,0,0,0,0,0,0,0,0,0,0,0,0,0,0,0,0,0,0,0,0,0,0,0,0,0,0,0,0,0,0,0,0,0,0,0,0,1,3,29,3.0,9.666666666666666,6.333333333333333,1,0,1,1,10,55,1,3,6,6,1,40,1529,62347,63916,2,33,0.025,0.0019620667102681,0.0004651386594383,66,2.0,1,1,1,1,1,1,1,1
advantage middlegame short,c5d5 c6d5 c1c8 d7c8,2r3k1/3q1pp1/1rp5/3R2Np/1p1N3n/1Q2P3/5PP1/2R3K1 b - -,1655,75,-1,253,290,402286,1,39,1000,0,0,38,2,37,22,978,0,-114.0,3.0,26.0,0.0,298.0,702.0,1000,0,0,28,27,1,55,3,2,0,2,1,1,5,1,0,2,1,1,0,0,0,1,1,0,1,0,0,0,0,0,0,0,0,0,0,0,0,0,0,0,0,0,0,0,0,0,0,0,0,0,0,0,0,0,0,0,0,0,0,0,0,0,0,0,0,0,0,0,0,0,0,0,0,0,0,0,0,0,0,0,0,0,0,0,0,0,0,0,0,0,0,0,1,1,3,1.0,3.0,2.0,1,1,0,1,2,10,1,1,2,4,1,33,1563,51284,52880,2,5,0.0303030303030303,0.000639795265515,5.849777708447079e-05,13,2.6,1,1,0,1,1,1,1,1
crushing endgame short,f6e5 b3b4 a5a1 f4e5,5k2/1p3pp1/p3p3/r3b3/2P2B2/1P6/1PR1K1PP/8 w - -,1476,75,1,405,397,75191,1,25,1000,0,0,-26,2,19,0,991,9,-48.0,3.0,18.0,0.0,967.0,33.0,1000,0,0,13,13,0,26,5,0,1,1,0,1,5,0,1,1,0,1,1,0,0,0,0,1,1,0,0,0,0,0,0,0,0,0,0,0,0,0,0,0,0,0,0,0,0,0,0,0,0,0,0,0,0,0,0,0,0,0,0,0,0,0,0,0,0,0,0,0,0,0,0,0,0,0,0,0,0,0,0,0,0,0,0,0,0,0,0,0,0,0,0,0,1,4,26,4.0,6.5,5.25,1,0,1,1,10,30,1,2,3,4,1,24,575,13494,14093,2,31,0.0416666666666666,0.0069565217391304,0.001926782273603,41,1.3225806451612905,1,1,1,1,1,1,1,1
mate mateIn1 middlegame oneMove,f6d5 f3f5,1rb4r/pp1nb1pp/6k1/3np3/2q1P3/2N2Q2/PPP2PPP/R1B1K2R w KQ -,1195,75,1,1500,1500,137492,1,2,1000,0,0,124,2,35,768,232,0,-195.0,3.0,23.0,0.0,9.0,991.0,1000,0,0,32,36,-4,68,7,1,1,2,1,1,5,2,2,2,1,1,0,0,0,1,0,0,0,0,0,0,1,0,0,0,0,0,0,0,0,0,1,1,0,0,0,0,0,0,0,0,0,0,0,0,0,0,0,0,0,0,0,0,0,0,0,0,0,0,0,0,0,0,0,0,0,0,0,0,0,0,0,0,0,0,0,0,0,0,0,0,0,0,0,0,0,0,0,0.0,0.0,0.0,0,0,0,0,0,0,0,0,0,0,0,38,1495,52087,53620,0,0,0.0,0.0,0.0,0,0.0,1,1,1,1,1,1,1,1
advancedPawn discoveredCheck doubleCheck mate mateIn4 middlegame promotion queensideAttack sacrifice veryLong,g3g7 a6a7 b8a8 b5c7 d7c7 h5e8 c7b8 a7b8q,1k6/1p1q2r1/P2p3p/1NpPpn1Q/5b2/2P5/1P2B1P1/R6K w - -,2077,86,1,1500,1500,68379,1,8,1000,0,0,-13,2,23,1,995,4,-242.0,3.0,23.0,0.0,0.0,1000.0,1000,0,0,25,25,0,50,5,1,1,1,1,1,5,1,1,1,1,1,0,0,0,1,0,0,0,0,0,0,1,0,0,0,0,0,1,0,0,0,0,0,0,0,0,0,0,1,0,0,0,0,0,1,0,1,0,0,0,1,0,0,0,0,0,0,0,0,0,0,0,0,1,0,0,0,0,1,0,1,0,0,0,0,0,0,0,0,0,0,0,0,0,0,1,1,1,1.0,1.0,1.0,1,1,1,1,1,2,1,1,1,3,0,40,1345,50494,51879,3,3,0.025,0.0007434944237918,1.9804333188101555e-05,4,1.3333333333333333,0,0,0,0,0,0,0,0
crushing exposedKing fork long middlegame,f2f4 h4g3 g1h1 g3f3 c2g2 f3e3,5r1k/7p/p2pB3/3Pb1p1/4pP1q/1P2B3/P1Q5/2R3K1 b - f3,2411,93,-1,381,446,742549,1,57,1000,0,0,24,2,25,8,992,0,0.0,3.0,7.0,2.0,996.0,2.0,1000,0,0,24,22,2,46,4,0,2,1,1,1,5,0,1,1,1,1,1,0,1,1,0,0,0,0,1,0,0,0,0,0,0,0,0,0,1,0,0,0,0,0,0,0,0,0,0,0,0,0,0,0,0,0,0,0,0,0,0,0,0,0,0,0,0,0,0,0,0,0,0,0,0,0,0,0,0,0,0,0,0,0,0,0,0,0,0,0,0,0,0,0,1,1,1,1.0,1.0,1.0,1,1,1,1,1,1,1,1,1,2,1,34,1169,36776,37979,3,3,0.0294117647058823,0.0008554319931565,2.719164672612573e-05,3,1.0,0,0,1,1,1,1,1,1
crushing endgame long,g7h8 d3g6 f2g2 g4g2 d2g2 g6g2,5r1k/8/p3p2p/1p2P3/1P1p2R1/3Q3P/3r1qPK/8 w - -,1488,75,1,404,520,282179,1,37,1000,0,0,-344,2,24,0,0,1000,-499.0,3.0,27.0,0.0,0.0,1000.0,1000,0,0,18,24,-6,42,4,0,0,1,1,1,5,0,0,2,1,1,1,0,1,0,0,1,0,0,0,0,0,0,0,0,0,0,0,0,0,0,0,0,0,0,0,0,0,0,0,0,0,0,0,0,0,0,0,0,0,0,0,0,0,0,0,0,0,0,0,0,0,0,0,0,0,0,0,0,0,0,0,0,0,0,0,0,0,0,0,0,0,0,0,0,1,1,1,1.0,1.0,1.0,1,1,1,3,1,1,1,1,1,2,1,29,894,20559,21482,3,3,0.0344827586206896,0.0011185682326621,4.864049807870033e-05,5,1.6666666666666667,0,1,1,1,1,1,1,1
attackingF2F7 mate mateIn1 oneMove opening,g1f3 h4f2,rnb1k1nr/1ppp1ppp/8/p1bPp3/4P2q/2PB1N2/PP3PPP/RNBQK2R b KQkq -,631,98,-1,-1500,-1500,65745,1,2,1000,0,0,-2,2,23,20,957,23,-23.0,3.0,22.0,9.0,941.0,50.0,1000,0,0,39,39,0,78,8,2,2,2,1,1,8,2,2,2,1,1,0,0,0,0,0,0,0,0,0,0,1,0,0,0,0,0,0,0,0,0,1,1,1,0,0,0,0,0,0,0,0,0,0,0,0,0,0,0,0,0,0,0,0,0,1,0,0,0,0,0,0,0,0,0,0,0,0,0,0,0,0,0,0,0,0,0,0,0,0,0,0,0,0,0,0,0,0,0.0,0.0,0.0,0,0,0,0,0,0,0,0,0,0,0,44,1603,65944,67591,0,0,0.0,0.0,0.0,0,0.0,1,1,1,1,1,1,1,1
epauletteMate mate mateIn1 middlegame oneMove,d2b4 c8c2,2r4k/5p2/4pNp1/6Pp/qQ5P/7r/2P5/1RKN4 b - -,771,80,-1,-1500,-1500,44360,1,2,1000,0,0,-1500,2,2,1000,0,0,177.0,3.0,30.0,993.0,7.0,0.0,1000,0,0,23,23,0,46,3,2,0,1,1,1,4,0,0,2,1,1,0,0,0,1,0,0,0,0,0,0,1,0,0,0,0,0,0,0,0,0,1,1,0,0,0,0,0,0,0,0,0,0,0,0,0,0,0,0,0,0,0,0,0,0,0,0,0,0,0,0,0,0,0,0,0,0,0,0,0,0,1,0,0,0,0,0,0,0,0,0,0,0,0,0,0,0,0,0.0,0.0,0.0,0,0,0,0,0,0,0,0,0,0,0,38,1349,50275,51662,0,0,0.0,0.0,0.0,0,0.0,1,0,0,0,0,1,1,1
endgame mate mateIn1 oneMove smotheredMate,e1g1 h3f2,2r3k1/5ppp/2P5/8/5P2/P5Pn/6BP/R5RK b - -,880,79,-1,-1500,-1500,70796,1,2,1000,0,0,-587,2,16,0,0,1000,-629.0,3.0,19.0,0.0,0.0,1000.0,1000,0,0,18,11,7,29,5,0,1,2,0,1,3,1,0,1,0,1,0,0,0,0,0,1,0,0,0,0,1,0,0,0,0,0,0,0,0,0,1,1,0,0,0,0,0,0,0,0,0,0,1,0,0,0,0,0,0,0,0,0,0,0,0,0,0,0,0,0,0,0,0,0,0,0,0,0,0,0,0,0,0,0,0,0,0,0,0,0,0,0,0,0,0,0,0,0.0,0.0,0.0,0,0,0,0,0,0,0,0,0,0,0,19,363,7153,7535,0,0,0.0,0.0,0.0,0,0.0,1,1,1,1,1,1,1,1
advantage endgame master pawnEndgame short,a2a4 g6g5 f4g5 h6g5,8/p7/1p2k1pp/5p2/P2P1P2/4K3/1P5P/8 b - -,2318,83,-1,164,182,230556,1,31,996,4,0,2,2,22,2,997,1,0.0,3.0,21.0,1.0,998.0,1.0,998,2,0,5,5,0,10,5,0,0,0,0,1,5,0,0,0,0,1,0,0,0,0,1,1,1,0,0,1,0,0,0,1,0,0,0,0,0,0,0,0,0,0,0,0,0,0,0,0,0,0,0,0,0,0,0,0,0,0,0,0,0,0,0,0,0,0,0,0,0,0,0,0,0,0,0,0,0,0,0,0,0,0,0,0,0,0,0,0,0,0,0,0,0,0,0,0.0,0.0,0.0,0,0,0,0,0,0,0,0,0,0,0,11,121,1307,1439,0,0,0.0,0.0,0.0,0,0.0,0,0,1,0,1,1,1,1
advantage attackingF2F7 fork long opening,d5e3 f2e3 g4g5 e5f7 g5e3 g1h1,r1b1kb1r/pppp1ppp/2n1p3/4N3/3P2q1/4n3/PPP1BPPP/RN1Q1RK1 w kq -,2185,91,1,217,232,177234,1,21,997,3,0,-166,2,25,0,55,945,-229.0,3.0,26.0,0.0,4.0,996.0,997,3,0,35,39,-4,74,7,2,1,2,1,1,8,2,2,2,1,1,0,0,1,0,1,0,0,0,1,0,0,0,0,0,0,0,0,0,0,0,0,0,1,0,0,0,0,0,0,0,0,0,0,0,0,0,0,0,0,0,0,0,0,0,1,0,0,0,0,0,0,0,0,0,0,0,0,0,0,0,0,0,0,0,0,0,0,0,0,0,0,0,0,0,1,3,3,3.0,1.0,2.0,1,0,1,1,4,7,1,1,2,4,1,36,1693,59587,61316,2,7,0.0277777777777777,0.0017720023626698,5.034655210029033e-05,12,1.7142857142857142,0,0,1,1,1,1,1,1
advantage deflection fork long opening,f8b4 f3d4 c6d4 d1a4 d4c6 d3f5,r2qk2r/ppp2ppp/2n5/3pPb2/1b1n1B2/2NB1N2/PP3PPP/R2QK2R w KQkq -,2312,77,1,297,328,293311,1,44,1000,0,0,-43,2,22,3,912,85,-156.0,3.0,19.0,0.0,87.0,913.0,1000,0,0,37,38,-1,75,6,2,2,2,1,1,7,2,2,2,1,1,0,0,1,0,1,0,0,0,1,0,0,0,0,0,0,0,0,0,0,0,0,0,1,0,0,0,0,0,0,0,1,0,0,0,0,0,0,0,0,0,0,0,0,0,0,0,0,0,0,0,0,0,0,0,0,0,0,0,0,0,0,0,0,0,0,0,0,0,0,0,0,0,0,0,1,1,1,1.0,1.0,1.0,1,1,1,2,2,3,1,1,1,2,1,42,2082,84083,86207,3,3,0.0238095238095238,0.0004803073967339,1.189301047774223e-05,7,2.333333333333333,0,0,1,1,1,1,1,1
kingsideAttack mate mateIn2 middlegame short,c5d4 e3e8 a8e8 e2e8,r5k1/pbp2ppp/6q1/3p4/3p3r/2P1R1P1/PP2QP1P/R5K1 w - -,587,93,1,1500,1500,83481,1,4,1000,0,0,-357,2,19,0,0,1000,-439.0,3.0,24.0,0.0,0.0,1000.0,1000,0,0,25,29,-4,54,6,0,0,2,1,1,7,0,1,2,1,1,0,0,0,1,0,0,1,0,0,0,1,1,0,0,0,1,0,0,0,0,0,0,0,0,0,0,0,0,0,0,0,0,0,0,0,0,0,0,0,0,0,0,0,0,0,0,0,0,0,0,0,0,0,0,0,0,0,0,0,0,0,0,0,0,0,0,0,0,0,0,0,0,0,0,1,1,0,1.0,0.0,0.5,1,1,0,5,4,0,1,1,0,1,0,37,1554,56205,57796,2,2,0.027027027027027,0.0006435006435006,0.0,9,4.5,1,1,1,1,1,1,1,1
discoveredAttack mate mateIn2 middlegame short,h2h1 e2g3 h1g1 e8e1,4r3/7P/1p4Q1/1b4B1/1k4n1/8/1P2n1P1/4R2K b - -,1324,188,-1,-1500,-1500,110524,1,4,1000,0,0,-392,2,17,0,0,1000,-587.0,3.0,25.0,0.0,0.0,1000.0,1000,0,0,20,15,5,35,3,0,1,1,1,1,1,2,1,1,0,1,0,0,0,1,0,0,1,0,0,0,1,1,0,0,0,0,0,0,0,0,0,0,0,0,0,0,1,0,0,0,0,0,0,0,0,0,0,0,0,0,0,0,0,0,0,0,0,0,0,0,0,0,0,0,0,0,0,0,0,0,0,0,0,0,0,0,0,0,0,0,0,0,0,0,1,1,0,1.0,0.0,0.5,1,1,0,2,1,0,1,1,0,2,0,35,1279,39431,40745,2,2,0.0285714285714285,0.0007818608287724,0.0,3,1.5,1,1,1,1,1,1,1,1
advancedPawn advantage endgame long master masterVsMaster sacrifice,c8d6 f2c5 b6c5 b5b6 a7b6 a6a7,7k/p3b2p/Pp1n4/1PpPp3/2B1PpP1/1P6/5BK1/8 w - -,1783,85,1,0,275,125802,1,19,1000,0,0,-7,2,24,1,997,2,-8.0,3.0,22.0,1.0,996.0,3.0,1000,0,0,12,12,0,24,6,0,2,0,0,1,6,1,1,0,0,1,0,0,1,0,1,1,0,0,0,0,0,0,0,1,0,0,0,0,0,0,0,0,0,0,0,0,0,1,0,0,0,0,0,1,0,0,0,1,0,0,0,0,0,0,0,0,0,0,0,0,0,0,0,0,0,0,0,0,0,0,0,0,0,0,0,0,0,0,0,0,0,0,0,0,1,1,10,1.0,10.0,5.5,1,1,0,3,2,12,1,1,3,3,1,18,331,5787,6136,2,12,0.0555555555555555,0.0030211480362537,0.0017280110592707,17,1.4166666666666667,0,0,1,1,1,1,1,1
master mate mateIn1 middlegame oneMove,f6h6 h5f7,r4knb/1bpp4/p1n1p2q/1p4NQ/3PP3/2N5/PPP2PP1/2KR1B2 w - -,1010,79,1,1500,1500,96166,1,2,1000,0,0,-148,2,25,0,62,938,-158.0,3.0,27.0,0.0,37.0,963.0,1000,0,0,30,31,-1,61,7,2,1,1,1,1,5,2,2,1,1,1,0,0,0,1,0,0,0,0,0,0,1,0,0,1,0,0,0,0,0,0,1,1,0,0,0,0,0,0,0,0,0,0,0,0,0,0,0,0,0,0,0,0,0,0,0,0,0,0,0,0,0,0,0,0,0,0,0,0,0,0,0,0,0,0,0,0,0,0,0,0,0,0,0,0,0,0,0,0.0,0.0,0.0,0,0,0,0,0,0,0,0,0,0,0,35,1062,37390,38487,0,0,0.0,0.0,0.0,0,0.0,1,1,1,1,1,1,1,1
crushing endgame short,e3d5 f2g1 b1c2 g1g2,2k5/1p4p1/p4b2/3N4/3P4/2PQ4/PP3q2/1K6 b - -,1858,75,-1,386,427,680360,1,46,1000,0,0,-46,2,23,0,971,29,-92.0,3.0,30.0,0.0,625.0,375.0,1000,0,0,16,15,1,31,4,1,0,0,1,1,3,0,1,0,1,1,1,0,0,0,0,1,1,0,0,0,0,0,0,0,0,0,0,0,0,0,0,0,0,0,0,0,0,0,0,0,0,0,0,0,0,0,0,0,0,0,0,0,0,0,0,0,0,0,0,0,0,0,0,0,0,0,0,0,0,0,0,0,0,0,0,0,0,0,0,0,0,0,0,0,1,1,0,1.0,0.0,0.5,1,1,0,1,2,0,1,1,0,1,1,30,747,19850,20627,2,2,0.0333333333333333,0.001338688085676,0.0,3,1.5,0,0,1,1,1,1,1,1
endgame mate mateIn2 short,c2b2 h3h5 h7g6 c8e8,2Q5/p5pk/1r2p3/K2pP2p/3P4/2P4R/Pq6/8 w - -,1175,151,1,1500,1500,14610,1,4,1000,0,0,1500,2,11,0,0,1000,1500.0,3.0,9.0,0.0,0.0,1000.0,1000,0,0,18,19,-1,37,4,0,0,1,1,1,5,0,0,1,1,1,0,0,0,0,0,1,1,0,0,0,1,1,0,0,0,0,0,0,0,0,0,0,0,0,0,0,0,0,0,0,0,0,0,0,0,0,0,0,0,0,0,0,0,0,0,0,0,0,0,0,0,0,0,0,0,0,0,0,0,0,0,0,0,0,0,0,0,0,0,0,0,0,0,0,1,1,0,1.0,0.0,0.5,1,1,0,2,1,0,1,1,0,2,0,27,708,14407,15142,2,2,0.037037037037037,0.001412429378531,0.0,3,1.5,0,1,1,1,1,1,1,1
advantage discoveredAttack endgame long,d2c3 f4d5 c3b3 f2f5 d6f5 f7e6,r4k2/pp3p2/2pNR2p/5Qp1/1P3n2/2KP4/P1P2qPP/8 b - -,1704,75,-1,545,572,658346,1,34,1000,0,0,-348,2,19,0,0,1000,-461.0,3.0,22.0,0.0,0.0,1000.0,1000,0,0,23,23,0,46,6,1,0,1,1,1,6,1,0,1,1,1,0,0,1,0,1,1,0,0,0,0,0,0,0,0,0,0,0,0,0,0,0,0,0,0,0,0,1,0,0,0,0,0,0,0,0,0,0,0,0,0,0,0,0,0,0,0,0,0,0,0,0,0,0,0,0,0,0,0,0,0,0,0,0,0,0,0,0,0,0,0,0,0,0,0,1,3,3,3.0,1.0,2.0,1,0,3,2,4,7,1,2,2,4,1,36,1243,41374,42653,4,7,0.0277777777777777,0.0024135156878519,7.250930536085464e-05,13,1.8571428571428568,0,1,1,1,1,1,1,1
mate mateIn2 middlegame queensideAttack short,d3e3 h5e8 d7d8 d1d8,2k2br1/1pprn3/p4p2/4p2Q/4P2P/2N1q3/PP4PK/3R4 w - -,1127,107,1,1500,1500,204254,1,4,1000,0,0,-662,2,20,0,0,1000,-752.0,3.0,27.0,0.0,0.0,1000.0,1000,0,0,22,30,-8,52,5,1,0,1,1,1,5,1,1,2,1,1,0,0,0,1,0,0,1,0,0,0,1,1,0,0,0,0,0,0,0,0,0,0,0,0,0,0,0,0,0,0,0,0,0,0,0,0,0,0,0,1,0,0,0,0,0,0,0,0,0,0,0,0,0,0,0,0,0,0,0,0,0,0,0,0,0,0,0,0,0,0,0,0,0,0,1,1,0,1.0,0.0,0.5,1,1,0,3,1,0,1,1,0,2,0,37,1643,51796,53476,2,2,0.027027027027027,0.0006086427267194,0.0,4,2.0,1,0,0,0,0,1,0,0
crushing endgame fork master short,d6e4 b6b5 d2d3 b5e8,4R3/1p4k1/1q3bpp/3B4/4Np1P/p4P2/3RK1P1/8 b - -,1975,76,-1,405,422,408887,1,43,1000,0,0,0,2,21,1,997,2,-114.0,3.0,36.0,0.0,282.0,718.0,1000,0,0,19,17,2,36,3,1,1,2,0,1,5,0,1,0,1,1,1,0,0,0,0,1,1,0,1,0,0,0,0,1,0,0,0,0,0,0,0,0,0,0,0,0,0,0,0,0,0,0,0,0,0,0,0,0,0,0,0,0,0,0,0,0,0,0,0,0,0,0,0,0,0,0,0,0,0,0,0,0,0,0,0,0,0,0,0,0,0,0,0,0,1,5,11,5.0,2.2,3.6,1,0,1,1,5,26,1,3,2,4,1,31,1016,28221,29268,2,17,0.032258064516129,0.0049212598425196,0.0003897806597923,32,1.8823529411764703,0,1,1,1,1,1,1,1
mate mateIn1 middlegame oneMove,h8g8 f5g5,r3r1k1/p2n1p1R/5n2/qp3Q2/3P4/B3Pp2/P4P1P/1B5K w - -,1123,76,1,1500,1500,8177,1,2,1000,0,0,0,2,9,2,996,2,0.0,3.0,12.0,2.0,996.0,2.0,1000,0,0,25,29,-4,54,5,0,2,1,1,1,4,2,0,2,1,1,0,0,0,1,0,0,0,0,0,0,1,0,0,0,0,0,0,0,0,0,1,1,0,0,0,0,0,0,0,0,0,0,0,0,0,0,0,0,0,0,0,0,0,0,0,0,0,0,0,0,0,0,0,0,0,0,0,0,0,0,0,0,0,0,0,0,0,0,0,0,0,0,0,0,0,0,0,0.0,0.0,0.0,0,0,0,0,0,0,0,0,0,0,0,39,1155,42284,43478,0,0,0.0,0.0,0.0,0,0.0,1,1,1,1,1,1,1,1
advantage long middlegame pin,e7f6 g6h7 g8f7 h3f3 f6f3 g2f3,2r3k1/2r3p1/p3pqQ1/1p1p4/nP1P4/2P4R/P4PPP/2R3K1 w - -,1438,78,1,277,297,274849,1,34,1000,0,0,-385,2,20,0,0,1000,-408.0,3.0,21.0,0.0,0.0,1000.0,1000,0,0,26,27,-1,53,7,0,0,2,1,1,5,1,0,2,1,1,0,0,1,1,1,0,0,0,0,0,0,0,0,0,0,0,0,0,0,0,0,0,0,1,0,0,0,0,0,0,0,0,0,0,0,0,0,0,0,0,0,0,0,0,0,0,0,0,0,0,0,0,0,0,0,0,0,0,0,0,0,0,0,0,0,0,0,0,0,0,0,0,0,0,1,2,2,2.0,1.0,1.5,1,0,2,1,2,4,1,1,1,3,1,38,1160,40680,41878,3,5,0.0263157894736842,0.0017241379310344,4.9164208456243856e-05,7,1.4,1,0,1,1,1,1,1,1
crushing endgame fork short,b7c5 e5d4 g1f1 d4c5,6k1/6pp/p7/2N1bp2/P1P5/1r6/6PP/2R3K1 b - -,1143,119,-1,466,469,227542,1,32,1000,0,0,36,2,18,15,985,0,15.0,3.0,22.0,4.0,995.0,1.0,1000,0,0,12,12,0,24,4,1,0,1,0,1,4,0,1,1,0,1,1,0,0,0,0,1,1,0,1,0,0,0,0,0,0,0,0,0,0,0,0,0,0,0,0,0,0,0,0,0,0,0,0,0,0,0,0,0,0,0,0,0,0,0,0,0,0,0,0,0,0,0,0,0,0,0,0,0,0,0,0,0,0,0,0,0,0,0,0,0,0,0,0,0,1,2,2,2.0,1.0,1.5,1,0,2,1,2,2,1,1,1,2,1,34,702,21204,21940,3,5,0.0294117647058823,0.0028490028490028,9.432182607055272e-05,5,1.0,1,0,1,1,1,1,1,1
crushing long opening,f7f6 g1e2 d4f2 f3f2 c5f2 e1f2,r1b1k2r/ppp3pp/2n2p2/2bBp3/2Pq4/3P1QP1/P2B1P1P/1R2K1NR w Kkq -,2308,91,1,330,369,1545102,1,50,1000,0,0,14,2,25,15,981,4,-61.0,3.0,19.0,0.0,868.0,132.0,1000,0,0,34,35,-1,69,6,1,2,2,1,1,7,1,2,2,1,1,1,0,1,0,0,0,0,0,0,0,0,0,0,0,0,0,0,0,0,0,0,0,1,0,0,0,0,0,0,0,0,0,0,0,0,0,0,0,0,0,0,0,0,0,0,0,0,0,0,0,0,0,0,0,0,0,0,0,0,0,0,0,0,0,0,0,0,0,0,0,0,0,0,0,1,2,2,2.0,1.0,1.5,1,0,2,2,5,2,1,1,2,3,1,42,1745,67363,69150,3,5,0.0238095238095238,0.0011461318051575,2.9689889108264185e-05,9,1.8,1,1,1,1,1,1,1,1
clearance kingsideAttack mate mateIn2 middlegame sacrifice short,e5d3 h4g6 h7g6 e4h4,3q1r1k/p3r1pp/1p1b1p2/2p5/3pR2N/1QPn2P1/PP1B1P1P/R5K1 w - -,1000,80,1,1500,1500,59691,1,4,1000,0,0,-100,2,24,0,497,503,-143.0,3.0,20.0,0.0,88.0,912.0,1000,0,0,31,32,-1,63,6,1,1,2,1,1,7,1,1,2,1,1,0,0,0,1,0,0,1,0,0,0,1,1,0,0,0,1,0,0,0,0,0,0,0,0,0,0,0,1,0,0,0,0,0,0,0,0,0,0,0,0,0,0,0,0,0,0,1,0,0,0,0,0,0,0,0,0,0,0,0,0,0,0,0,0,0,0,0,0,0,0,0,0,0,0,1,1,0,1.0,0.0,0.5,1,1,0,2,1,0,1,1,0,2,0,47,1766,79945,81758,2,2,0.0212765957446808,0.0005662514156285,0.0,3,1.5,1,1,1,1,1,1,1,1
advantage middlegame quietMove veryLong,c6d7 d1b3 f5h3 h2g1 d7e6 c4e6 h3e6 b3e6,7k/np1bb1pp/p4p2/2P1pq2/PPQ4P/5PP1/1B5K/3BN3 w - -,2080,76,1,493,507,472843,1,43,1000,0,0,17,2,22,5,994,1,7.0,3.0,17.0,3.0,996.0,1.0,1000,0,0,24,24,0,48,6,1,2,0,1,1,6,1,2,0,1,1,0,0,0,1,1,0,0,0,0,0,0,0,0,0,0,0,1,0,0,0,0,0,0,0,1,0,0,0,0,0,0,0,0,0,0,0,0,0,0,0,0,0,0,0,0,0,0,0,0,0,0,0,0,0,0,0,0,0,0,0,0,0,0,0,0,0,0,0,0,0,0,0,0,0,1,1,1,1.0,1.0,1.0,1,1,1,2,3,2,1,1,1,3,1,39,1253,42200,43492,3,3,0.0256410256410256,0.0007980845969672,2.3696682464454976e-05,7,2.333333333333333,0,1,1,1,1,1,1,1
backRankMate long mate mateIn3 middlegame sacrifice,e6e4 f2f7 g8h8 f7f8 d8f8 f1f8,3r2k1/4ppnp/pp4p1/2p5/4q3/3rP3/P2P1QPP/3R1RK1 w - -,1054,90,1,1500,1500,114861,1,6,1000,0,0,-470,2,15,0,0,1000,-480.0,3.0,24.0,0.0,0.0,1000.0,1000,0,0,24,29,-5,53,5,0,0,2,1,1,7,1,0,2,1,1,0,0,1,1,0,0,0,0,0,0,1,0,0,0,0,0,0,0,0,0,0,0,0,0,0,1,0,1,0,0,0,0,0,0,0,0,1,0,0,0,0,0,0,0,0,0,0,0,0,0,0,0,0,0,0,0,0,0,0,0,0,0,0,0,0,0,0,0,0,0,0,0,0,0,1,1,1,1.0,1.0,1.0,1,1,1,5,1,1,1,1,1,2,0,21,1018,24674,25713,3,3,0.0476190476190476,0.0009823182711198,4.052849152954527e-05,7,2.333333333333333,1,0,1,1,1,1,1,1
crushing endgame long pawnEndgame,g2g3 f4g3 h2g3 h5h4 g3h4 g5h4,8/pp6/2p1k3/2Pp2pp/1P1P1p2/P2K1PP1/7P/8 b - -,1784,76,-1,416,464,389459,1,40,1000,0,0,78,2,31,192,808,0,-1.0,3.0,15.0,1.0,998.0,1.0,1000,0,0,7,7,0,14,7,0,0,0,0,1,7,0,0,0,0,1,1,0,1,0,0,1,0,0,0,1,0,0,0,0,0,0,0,0,0,0,0,0,0,0,0,0,0,0,0,0,0,0,0,0,0,0,0,0,0,0,0,0,0,0,0,0,0,0,0,0,0,0,0,0,0,0,0,0,0,0,0,0,0,0,0,0,0,0,0,0,0,0,0,0,1,1,1,1.0,1.0,1.0,1,1,1,1,1,1,1,1,1,1,1,12,123,1491,1626,3,3,0.0833333333333333,0.008130081300813,0.0006706908115358,3,1.0,0,1,1,1,1,1,1,1
bishopEndgame crushing endgame short,f5e5 c4f7 c6d7 f7h5,8/1p6/p1b5/4k2p/1PB1p2P/P3P1K1/8/8 w - -,1609,77,1,354,363,88438,1,20,1000,0,0,110,2,35,656,344,0,99.0,3.0,25.0,486.0,514.0,0.0,1000,0,0,7,7,0,14,4,0,1,0,0,1,4,0,1,0,0,1,1,0,0,0,0,1,1,0,0,0,0,0,0,0,0,0,0,0,0,0,0,0,0,0,0,0,0,0,1,0,0,0,0,0,0,0,0,0,0,0,0,0,0,0,0,0,0,0,0,0,0,0,0,0,0,0,0,0,0,0,0,0,0,0,0,0,0,0,0,0,0,0,0,0,1,7,20,7.0,2.857142857142857,4.928571428571429,1,0,2,3,8,37,1,3,2,3,1,17,197,2863,3077,3,28,0.0588235294117647,0.0355329949238578,0.0069856793573174,48,1.7142857142857142,0,0,0,1,1,1,1,1
endgame mate mateIn2 short,d8d1 h5e8 f6f8 e8f8,7k/p5pp/2r2q2/2p4Q/8/8/P5PP/3r1R1K w - -,1295,78,1,1500,1500,34064,1,4,1000,0,0,-50,2,21,0,962,38,-91.0,3.0,23.0,0.0,643.0,357.0,1000,0,0,17,23,-6,40,3,0,0,1,1,1,4,0,0,2,1,1,0,0,0,0,0,1,1,0,0,0,1,1,0,0,0,0,0,0,0,0,0,0,0,0,0,0,0,0,0,0,0,0,0,0,0,0,0,0,0,0,0,0,0,0,0,0,0,0,0,0,0,0,0,0,0,0,0,0,0,0,0,0,0,0,0,0,0,0,0,0,0,0,0,0,1,1,0,1.0,0.0,0.5,1,1,0,3,2,0,1,1,0,1,0,26,1051,27789,28866,2,2,0.0384615384615384,0.0009514747859181,0.0,5,2.5,1,1,1,1,1,1,1,1
kingsideAttack mate mateIn2 middlegame short,g2g3 h4h2 g1f1 h2f2,r3r1k1/6b1/p2Nn2p/1P1Qp3/6nq/2P3P1/1PB2P2/R1B1R1K1 b - -,919,92,-1,-1500,-1500,78293,1,4,1000,0,0,-348,2,21,0,0,1000,-451.0,3.0,24.0,0.0,0.0,1000.0,1000,0,0,33,31,2,64,5,1,2,2,1,1,3,2,1,2,1,1,0,0,0,1,0,0,1,0,0,0,1,1,0,0,0,1,0,0,0,0,0,0,0,0,0,0,0,0,0,0,0,0,0,0,0,0,0,0,0,0,0,0,0,0,0,0,0,0,0,0,0,0,0,0,0,0,0,0,0,0,0,0,0,0,0,0,0,0,0,0,0,0,0,0,1,1,0,1.0,0.0,0.5,1,1,0,2,1,0,1,1,0,2,0,31,1675,55295,57001,2,2,0.032258064516129,0.0005970149253731,0.0,3,1.5,1,1,1,1,1,1,1,1
crushing endgame long rookEndgame zugzwang,e3e2 c2e2 f1e2 f5g4 e2f2 g4h3,8/8/5pp1/5k1p/5P1P/6P1/2r1R3/5K2 b - -,2247,80,-1,514,573,207578,1,49,1000,0,0,33,2,26,12,988,0,33.0,3.0,24.0,12.0,988.0,0.0,1000,0,0,8,8,0,16,3,0,0,1,0,1,3,0,0,1,0,1,1,0,1,0,0,1,0,1,0,0,0,0,0,0,0,0,0,1,0,0,0,0,0,0,0,0,0,0,0,0,0,0,0,0,0,0,0,0,0,0,0,0,0,0,0,0,0,0,0,0,0,0,0,0,0,0,0,0,0,0,0,0,0,0,0,0,0,0,0,0,0,0,0,0,1,1,2,1.0,2.0,1.5,1,1,0,2,1,2,1,1,1,2,1,13,209,2953,3175,2,4,0.0769230769230769,0.0047846889952153,0.0006772773450728,5,1.25,0,1,1,1,1,1,1,1
endgame mate mateIn2 short,g1f1 h6c1 d4d1 c1d1,6k1/3R3p/1p5q/3P4/3QP1pN/6P1/PPr3B1/5K2 b - -,1500,82,-1,-1500,-1500,80108,1,4,1000,0,0,-452,2,27,0,0,1000,-579.0,3.0,22.0,0.0,0.0,1000.0,1000,0,0,25,17,8,42,5,1,1,1,1,1,3,0,0,1,1,1,0,0,0,0,0,1,1,0,0,0,1,1,0,0,0,0,0,0,0,0,0,0,0,0,0,0,0,0,0,0,0,0,0,0,0,0,0,0,0,0,0,0,0,0,0,0,0,0,0,0,0,0,0,0,0,0,0,0,0,0,0,0,0,0,0,0,0,0,0,0,0,0,0,0,1,1,0,1.0,0.0,0.5,1,1,0,5,3,0,1,1,0,1,0,28,884,21814,22726,2,2,0.0357142857142857,0.001131221719457,0.0,8,4.0,1,1,1,1,1,1,1,1
crushing middlegame short,h4f6 f7f6 g7f6 f3f6,r1b3k1/pp3Rpp/3p1b2/2pN4/2P5/5Q1P/PPP3P1/4qNK1 w - -,2027,145,1,482,553,95572,1,26,1000,0,0,0,2,18,2,996,2,0.0,3.0,20.0,2.0,996.0,2.0,1000,0,0,26,26,0,52,6,2,0,1,1,1,6,0,2,1,1,1,1,0,0,1,0,0,1,0,0,0,0,0,0,0,0,0,0,0,0,0,0,0,0,0,0,0,0,0,0,0,0,0,0,0,0,0,0,0,0,0,0,0,0,0,0,0,0,0,0,0,0,0,0,0,0,0,0,0,0,0,0,0,0,0,0,0,0,0,0,0,0,0,0,0,1,4,6,4.0,1.5,2.75,1,0,2,1,5,9,1,2,4,5,1,40,1502,55289,56831,3,11,0.025,0.0026631158455392,0.0001085206822333,15,1.3636363636363635,0,1,1,1,1,1,1,1
backRankMate mate mateIn2 middlegame short,e7f6 e2e8 d8e8 e1e8,rn1qr1k1/1p3ppp/2p2b2/p2p4/3P4/2N2N2/PPP1QPPP/2KRR3 w - -,809,83,1,1500,1500,46601,1,4,1000,0,0,-20,2,21,2,985,13,-28.0,3.0,22.0,1.0,978.0,21.0,1000,0,0,32,32,0,64,7,2,0,2,1,1,7,1,1,2,1,1,0,0,0,1,0,0,1,0,0,0,1,1,0,0,0,0,0,0,0,0,0,0,0,0,0,1,0,0,0,0,0,0,0,0,0,0,0,0,0,0,0,0,0,0,0,0,0,0,0,0,0,0,0,0,0,0,0,0,0,0,0,0,0,0,0,0,0,0,0,0,0,0,0,0,1,1,0,1.0,0.0,0.5,1,1,0,6,1,0,1,1,0,1,0,37,1140,42498,43675,2,2,0.027027027027027,0.0008771929824561,0.0,7,3.5,1,1,1,1,1,1,1,1
advantage middlegame short,h4f2 f1f2 e2f2 g1f2,4r1k1/2p1qpp1/3p4/1p1P2PQ/1P6/3R3P/2PBrb2/5RK1 w - -,819,109,1,314,349,287230,1,35,1000,0,0,-336,2,29,0,0,1000,-465.0,3.0,16.0,0.0,0.0,1000.0,1000,0,0,27,27,0,54,5,0,1,2,1,1,5,0,1,2,1,1,0,0,0,1,1,0,1,0,0,0,0,0,0,0,0,0,0,0,0,0,0,0,0,0,0,0,0,0,0,0,0,0,0,0,0,0,0,0,0,0,0,0,0,0,0,0,0,0,0,0,0,0,0,0,0,0,0,0,0,0,0,0,0,0,0,0,0,0,0,0,0,0,0,0,1,1,31,1.0,31.0,16.0,1,1,0,1,1,53,1,1,5,5,1,4,132,3954,4090,2,33,0.25,0.0075757575757575,0.0078401618614061,55,1.6666666666666667,1,1,1,1,1,1,1,1
advantage hangingPiece long middlegame,h1h5 h8h5 d3g6 e8e7 a4d7 d8d7,2rqk2r/3n4/1p2p3/p3N2R/Q1PP2p1/P2BP3/3K1Pb1/R7 b k -,1338,84,-1,197,234,96802,1,27,1000,0,0,-461,2,20,0,0,1000,-490.0,3.0,21.0,0.0,0.0,1000.0,1000,0,0,30,29,1,59,5,1,1,2,1,1,4,1,1,2,1,1,0,1,1,1,1,0,0,0,0,0,0,0,0,0,0,0,0,0,0,0,0,0,0,0,0,0,0,0,0,0,0,0,0,0,0,0,0,0,0,0,0,0,0,0,0,0,0,0,0,0,0,0,0,0,0,0,0,0,0,0,0,0,0,0,0,0,0,0,0,0,0,0,0,0,0,0,0,0.0,0.0,0.0,0,0,0,0,0,0,0,0,0,0,0,30,1467,45126,46623,0,0,0.0,0.0,0.0,0,0.0,1,1,1,1,1,1,1,1
crushing endgame quietMove short,f3g1 g4g5 g1e2 g5g6,8/8/2B5/4pK2/3k1pPp/7P/8/6n1 w - -,827,87,1,357,396,198657,1,18,1000,0,0,-98,2,24,0,531,469,-288.0,3.0,26.0,0.0,0.0,1000.0,1000,0,0,5,6,-1,11,2,0,1,0,0,1,3,1,0,0,0,1,1,0,0,0,0,1,1,0,0,0,0,0,0,0,0,0,0,0,0,0,0,0,0,0,1,0,0,0,0,0,0,0,0,0,0,0,0,0,0,0,0,0,0,0,0,0,0,0,0,0,0,0,0,0,0,0,0,0,0,0,0,0,0,0,0,0,0,0,0,0,0,0,0,0,1,4,9,4.0,2.25,3.125,1,0,3,1,5,15,1,3,3,4,1,16,159,2292,2467,4,14,0.0625,0.0251572327044025,0.0039267015706806,21,1.5,0,0,0,1,1,1,1,1
mate mateIn1 middlegame oneMove,d7c6 f7b7,1R6/5Q2/p1kb1p2/2r1p3/3n4/P6P/5PP1/4qBK1 w - -,1100,84,1,1500,1500,31162,1,2,1000,0,0,0,2,25,2,996,2,-302.0,3.0,17.0,0.0,0.0,1000.0,1000,0,0,21,23,-2,44,4,0,1,1,1,1,3,1,1,1,1,1,0,0,0,1,0,0,0,0,0,0,1,0,0,0,0,0,0,0,0,0,1,1,0,0,0,0,0,0,0,0,0,0,0,0,0,0,0,0,0,0,0,0,0,0,0,0,0,0,0,0,0,0,0,0,0,0,0,0,0,0,0,0,0,0,0,0,0,0,0,0,0,0,0,0,0,0,0,0.0,0.0,0.0,0,0,0,0,0,0,0,0,0,0,0,40,1154,38079,39273,0,0,0.0,0.0,0.0,0,0.0,1,1,1,1,1,1,1,1
crushing endgame short,f1g1 h3h2 g1g2 d5e3,1k5r/ppp5/2p5/3n4/5pQ1/3P1P1r/PPP2K2/6R1 b - -,2007,79,-1,541,481,105697,1,31,1000,0,0,197,2,25,998,2,0,127.0,3.0,27.0,852.0,148.0,0.0,1000,0,0,19,18,1,37,5,0,0,1,1,1,5,1,0,2,0,1,1,0,0,0,0,1,1,0,0,0,0,0,0,0,0,0,0,0,0,0,0,0,0,0,0,0,0,0,0,0,0,0,0,0,0,0,0,0,0,0,0,0,0,0,0,0,0,0,0,0,0,0,0,0,0,0,0,0,0,0,0,0,0,0,0,0,0,0,0,0,0,0,0,0,1,2,19,2.0,9.5,5.75,1,0,1,1,3,37,1,2,4,5,1,29,918,24551,25498,2,22,0.0344827586206896,0.0021786492374727,0.0007738992301739,41,1.8636363636363635,0,1,1,1,1,1,1,1
mate mateIn1 middlegame oneMove operaMate,b6c4 d1d8,2k2b1r/pp3ppp/8/BN2p1P1/2n1Nn1P/8/PP3P2/2KR4 w - -,1519,86,1,1500,1500,65502,1,2,1000,0,0,100,2,31,499,501,0,-10.0,3.0,21.0,1.0,996.0,3.0,1000,0,0,19,20,-1,39,5,2,1,1,0,1,6,2,1,1,0,1,0,0,0,1,0,0,0,0,0,0,1,0,1,0,0,0,0,0,0,0,1,1,0,0,0,0,0,0,0,0,0,0,0,0,0,0,0,0,0,0,0,0,0,0,0,0,0,0,0,0,0,0,0,0,0,0,0,0,0,0,0,0,0,0,0,0,0,0,0,0,0,0,0,0,0,0,0,0.0,0.0,0.0,0,0,0,0,0,0,0,0,0,0,0,39,1042,35410,36491,0,0,0.0,0.0,0.0,0,0.0,1,1,1,1,1,1,1,1
crushing endgame short,e7e6 a4c4 e6c6 c4f7,1k6/1Pp2qp1/p1R1r3/6pp/Q6P/1P6/P4PBK/3r4 w - -,2333,79,1,445,470,134819,1,31,1000,0,0,-247,2,20,0,0,1000,-441.0,3.0,19.0,0.0,0.0,1000.0,1000,0,0,22,24,-2,46,5,0,1,1,1,1,5,0,0,2,1,1,1,0,0,0,0,1,1,0,0,0,0,0,0,0,0,0,0,0,0,0,0,0,0,0,0,0,0,0,0,0,0,0,0,0,0,0,0,0,0,0,0,0,0,0,0,0,0,0,0,0,0,0,0,0,0,0,0,0,0,0,0,0,0,0,0,0,0,0,0,0,0,0,0,0,1,3,3,3.0,1.0,2.0,1,0,3,2,6,9,1,1,1,2,1,33,1395,46874,48302,4,7,0.0303030303030303,0.0021505376344086,6.400136536246107e-05,17,2.4285714285714284,0,1,1,1,1,1,1,1
advantage middlegame short,c8f5 e4d6 e8d7 d6f5,r3kb1r/1p2np2/p1p4p/4Pbp1/3PN3/8/PPP3PP/R1B2RK1 w kq -,1428,75,1,204,207,130664,1,27,999,1,0,-220,2,22,0,0,1000,-369.0,3.0,27.0,0.0,0.0,1000.0,999,1,0,23,25,-2,48,7,1,1,2,0,1,6,1,2,2,0,1,0,0,0,1,1,0,1,0,0,0,0,0,0,0,0,0,0,0,0,0,0,0,0,0,0,0,0,0,0,0,0,0,0,0,0,0,0,0,0,0,0,0,0,0,0,0,0,0,0,0,0,0,0,0,0,0,0,0,0,0,0,0,0,0,0,0,0,0,0,0,0,0,0,0,0,0,0,0.0,0.0,0.0,0,0,0,0,0,0,0,0,0,0,0,33,905,30132,31070,0,0,0.0,0.0,0.0,0,0.0,0,0,1,1,1,1,1,1
advantage endgame long master quietMove,f5d3 d4d8 a2a7 b5b8 a7b8 d8b8,8/6rk/6p1/1R5p/2pQ1P2/2Pb2P1/qP4PK/8 w - -,2591,86,1,216,304,360975,1,48,1000,0,0,0,2,27,1,997,2,-75.0,3.0,22.0,0.0,838.0,162.0,1000,0,0,19,20,-1,39,5,0,0,1,1,1,3,0,1,1,1,1,0,0,1,0,1,1,0,0,0,0,0,0,0,1,0,0,0,0,0,0,0,0,0,0,1,0,0,0,0,0,0,0,0,0,0,0,0,0,0,0,0,0,0,0,0,0,0,0,0,0,0,0,0,0,0,0,0,0,0,0,0,0,0,0,0,0,0,0,0,0,0,0,0,0,1,2,2,2.0,1.0,1.5,1,0,2,4,3,6,1,2,1,3,1,35,919,30539,31493,3,5,0.0285714285714285,0.0021762785636561,6.549002914306297e-05,13,2.6,0,0,1,1,1,1,1,1
advantage long master middlegame quietMove,g7h6 f1b1 h6h2 g1f1 c6a5 b3b4,2kr3r/pp1b1p2/2n1p2q/2Pp4/5Np1/1QP3P1/P4PBP/R4RK1 w - -,2348,93,1,219,215,177094,1,20,998,2,0,-231,2,26,0,1,999,-234.0,3.0,20.0,0.0,1.0,999.0,1000,0,0,31,31,0,62,6,1,1,2,1,1,6,1,1,2,1,1,0,0,1,1,1,0,0,0,0,0,0,0,0,1,0,0,0,0,0,0,0,0,0,0,1,0,0,0,0,0,0,0,0,0,0,0,0,0,0,0,0,0,0,0,0,0,0,0,0,0,0,0,0,0,0,0,0,0,0,0,0,0,0,0,0,0,0,0,0,0,0,0,0,0,0,0,0,0.0,0.0,0.0,0,0,0,0,0,0,0,0,0,0,0,39,1350,50856,52245,0,0,0.0,0.0,0.0,0,0.0,0,0,0,1,1,1,1,1
endgame mate mateIn2 short,a3e3 h4h5 g6h7 d8g8,2RQ4/p4pp1/4p1kp/8/6PP/4qPK1/1r6/8 w - -,1132,88,1,1500,1500,83925,1,4,1000,0,0,-766,2,20,0,0,1000,-830.0,3.0,25.0,0.0,0.0,1000.0,1000,0,0,17,19,-2,36,3,0,0,1,1,1,5,0,0,1,1,1,0,0,0,0,0,1,1,0,0,0,1,1,0,0,0,0,0,0,0,0,0,0,0,0,0,0,0,0,0,0,0,0,0,0,0,0,0,0,0,0,0,0,0,0,0,0,0,0,0,0,0,0,0,0,0,0,0,0,0,0,0,0,0,0,0,0,0,0,0,0,0,0,0,0,1,1,0,1.0,0.0,0.5,1,1,0,1,1,0,1,1,0,2,0,29,978,26464,27471,2,2,0.0344827586206896,0.0010224948875255,0.0,2,1.0,0,0,1,0,0,0,1,1
crushing endgame master short,g8f8 f7c4 b5c4 e5c4,r4k2/1pp2Bp1/5n1p/1q2N3/3P4/7P/5PP1/4Q1K1 w - -,1809,77,1,505,502,251637,1,30,1000,0,0,14,2,21,4,995,1,1.0,3.0,19.0,2.0,997.0,1.0,1000,0,0,19,21,-2,40,4,1,1,0,1,1,4,1,0,1,1,1,1,0,0,0,0,1,1,0,0,0,0,0,0,1,0,0,0,0,0,0,0,0,0,0,0,0,0,0,0,0,0,0,0,0,0,0,0,0,0,0,0,0,0,0,0,0,0,0,0,0,0,0,0,0,0,0,0,0,0,0,0,0,0,0,0,0,0,0,0,0,0,0,0,0,1,2,2,2.0,1.0,1.5,1,0,2,3,4,5,1,2,2,4,1,36,1461,52231,53728,3,5,0.0277777777777777,0.001368925393566,3.8291436120311695e-05,12,2.4,0,1,1,1,1,1,1,1
advantage attraction endgame fork long sacrifice,a7a6 h8f8 d8f8 d4c5 c6d7 c5f8,3r1b1R/1pq3p1/p1k3P1/3p4/1P1Q4/4PP2/P1P5/2K5 w - -,1720,75,1,359,420,542308,1,37,1000,0,0,-102,2,20,0,464,536,-117.0,3.0,26.0,0.0,247.0,753.0,1000,0,0,20,21,-1,41,6,0,0,1,1,1,4,0,1,1,1,1,0,0,1,0,1,1,0,0,1,0,0,0,0,0,0,0,0,0,0,0,0,0,0,0,0,0,0,1,0,0,0,0,0,0,1,0,0,0,0,0,0,0,0,0,0,0,0,0,0,0,0,0,0,0,0,0,0,0,0,0,0,0,0,0,0,0,0,0,0,0,0,0,0,0,1,1,1,1.0,1.0,1.0,1,1,1,2,2,1,1,1,1,2,1,38,907,31390,32335,3,3,0.0263157894736842,0.0011025358324145,3.185727938834024e-05,5,1.6666666666666667,0,1,1,1,1,1,1,1
crushing fork middlegame short,c2c5 e5d3 c1c2 d3c5,r3q3/1ppknr2/p5pB/2QPn3/4P3/8/PP4BP/2K2R1R b - -,923,90,-1,357,389,236503,1,24,1000,0,0,46,2,22,41,959,0,-65.0,3.0,24.0,0.0,885.0,115.0,1000,0,0,30,29,1,59,5,0,2,2,1,1,4,2,0,2,1,1,1,0,0,1,0,0,1,0,1,0,0,0,0,0,0,0,0,0,0,0,0,0,0,0,0,0,0,0,0,0,0,0,0,0,0,0,0,0,0,0,0,0,0,0,0,0,0,0,0,0,0,0,0,0,0,0,0,0,0,0,0,0,0,0,0,0,0,0,0,0,0,0,0,0,1,2,3,2.0,1.5,1.75,1,0,1,2,2,10,1,1,2,3,1,36,1551,49862,51449,2,6,0.0277777777777777,0.0012894906511927,6.016605832096587e-05,14,2.333333333333333,1,1,1,1,1,1,1,1
crushing fork master middlegame short,h7h8 f4f6 g8g7 f6h6,r1b3rk/2q2p2/1n2p2n/p2pP1NP/P1pP1QP1/1pP5/1P3PB1/R3R1K1 w - -,1500,500,1,540,563,786055,1,44,1000,0,0,61,2,24,124,876,0,0.0,3.0,20.0,6.0,988.0,6.0,1000,0,0,33,34,-1,67,8,1,1,2,1,1,6,2,1,2,1,1,1,0,0,1,0,0,1,0,1,0,0,0,0,1,0,0,0,0,0,0,0,0,0,0,0,0,0,0,0,0,0,0,0,0,0,0,0,0,0,0,0,0,0,0,0,0,0,0,0,0,0,0,0,0,0,0,0,0,0,0,0,0,0,0,0,0,0,0,0,0,0,0,0,0,1,1,1,1.0,1.0,1.0,1,1,1,2,1,2,1,1,1,2,1,38,1066,38429,39533,3,3,0.0263157894736842,0.0009380863039399,2.6022014624372215e-05,5,1.6666666666666667,1,1,1,1,1,1,1,1
advantage middlegame short,a8d8 f3e5 g6g5 e5f7,3r3r/p5pp/1p3nk1/5n2/1q6/5N2/P5PP/R2QR2K w - -,2055,126,1,257,287,314777,1,39,1000,0,0,-90,2,19,0,653,347,-214.0,3.0,24.0,0.0,1.0,999.0,1000,0,0,25,29,-4,54,3,1,0,2,1,1,4,2,0,2,1,1,0,0,0,1,1,0,1,0,0,0,0,0,0,0,0,0,0,0,0,0,0,0,0,0,0,0,0,0,0,0,0,0,0,0,0,0,0,0,0,0,0,0,0,0,0,0,0,0,0,0,0,0,0,0,0,0,0,0,0,0,0,0,0,0,0,0,0,0,0,0,0,0,0,0,1,1,1,1.0,1.0,1.0,1,1,1,2,1,2,1,1,1,2,1,37,1936,73242,75215,3,3,0.027027027027027,0.0005165289256198,1.3653368285956146e-05,5,1.6666666666666667,0,1,1,1,1,1,1,1
crushing long middlegame,d8d4 d1d4 c6d4 c1c7 d4b3 c7b7,r4rk1/1bb2ppp/p1n1p3/4P3/Np1q4/1B2NP2/1P4PP/2RQ1RK1 w - -,1248,76,1,323,346,189901,1,29,1000,0,0,-257,2,19,0,0,1000,-259.0,3.0,20.0,0.0,0.0,1000.0,1000,0,0,33,34,-1,67,5,2,1,2,1,1,6,1,2,2,1,1,1,0,1,1,0,0,0,0,0,0,0,0,0,0,0,0,0,0,0,0,0,0,0,0,0,0,0,0,0,0,0,0,0,0,0,0,0,0,0,0,0,0,0,0,0,0,0,0,0,0,0,0,0,0,0,0,0,0,0,0,0,0,0,0,0,0,0,0,0,0,0,0,0,0,1,1,1,1.0,1.0,1.0,1,1,1,3,2,6,1,1,1,3,1,30,1437,49643,51110,3,3,0.0333333333333333,0.0006958942240779,2.0143826924239068e-05,11,3.6666666666666665,1,0,1,1,1,1,1,1
endgame mate mateIn2 short,a2c4 e3e8 a8e8 e2e8,r5k1/pp3ppp/8/3p4/2qP4/4R2P/2P1QPPK/8 w - -,715,79,1,1500,1500,48279,1,4,1000,0,0,-101,2,23,0,484,516,-111.0,3.0,22.0,0.0,322.0,678.0,1000,0,0,19,20,-1,39,5,0,0,1,1,1,6,0,0,1,1,1,0,0,0,0,0,1,1,0,0,0,1,1,0,0,0,0,0,0,0,0,0,0,0,0,0,0,0,0,0,0,0,0,0,0,0,0,0,0,0,0,0,0,0,0,0,0,0,0,0,0,0,0,0,0,0,0,0,0,0,0,0,0,0,0,0,0,0,0,0,0,0,0,0,0,1,1,0,1.0,0.0,0.5,1,1,0,5,4,0,1,1,0,1,0,29,886,26922,27837,2,2,0.0344827586206896,0.0011286681715575,0.0,9,4.5,1,1,1,1,1,1,1,1
crushing endgame master short,e7d5 e2c4 e6d7 c4d5,8/1p3p2/1Pp1k3/p1Pn2p1/P2K3p/7P/4BPP1/8 w - -,2001,84,1,492,531,115295,1,20,1000,0,0,108,2,27,636,364,0,70.0,3.0,33.0,121.0,879.0,0.0,1000,0,0,9,9,0,18,6,0,1,0,0,1,6,1,0,0,0,1,1,0,0,0,0,1,1,0,0,0,0,0,0,1,0,0,0,0,0,0,0,0,0,0,0,0,0,0,0,0,0,0,0,0,0,0,0,0,0,0,0,0,0,0,0,0,0,0,0,0,0,0,0,0,0,0,0,0,0,0,0,0,0,0,0,0,0,0,0,0,0,0,0,0,1,1,1,1.0,1.0,1.0,1,1,1,2,1,1,1,1,1,2,1,16,223,3116,3355,3,3,0.0625,0.0044843049327354,0.0003209242618741,4,1.3333333333333333,0,0,1,1,1,1,1,1
mate mateIn2 middlegame pin short,d7c6 h3h6 h7g8 h6g7,4qr2/pR4pk/2b2p1p/4pPP1/3bB3/3P3Q/P1r4P/4BR1K w - -,2013,77,1,1500,1500,95786,1,4,1000,0,0,9,2,25,5,993,2,-8.0,3.0,24.0,2.0,993.0,5.0,1000,0,0,30,30,0,60,5,0,2,2,1,1,5,0,2,2,1,1,0,0,0,1,0,0,1,0,0,0,1,1,0,0,0,0,0,0,0,0,0,0,0,1,0,0,0,0,0,0,0,0,0,0,0,0,0,0,0,0,0,0,0,0,0,0,0,0,0,0,0,0,0,0,0,0,0,0,0,0,0,0,0,0,0,0,0,0,0,0,0,0,0,0,1,1,0,1.0,0.0,0.5,1,1,0,3,1,0,1,1,0,2,0,41,1676,64464,66181,2,2,0.024390243902439,0.0005966587112171,0.0,4,2.0,0,0,0,1,1,1,1,1
crushing middlegame veryLong,b7a7 f8f2 f1e1 d6b4 a4c3 b4c3 e1f2 c3d4 f2f1 g8f8,3k1rr1/R2b3Q/2pqp3/8/N2P4/8/5PB1/R4K2 b - -,2351,196,-1,293,364,104914,1,37,1000,0,0,-316,2,21,0,0,1000,-406.0,3.0,19.0,0.0,0.0,1000.0,1000,0,0,27,24,3,51,2,1,1,2,1,1,2,0,1,2,1,1,1,0,0,1,0,0,0,0,0,0,0,0,0,0,0,0,1,0,0,0,0,0,0,0,0,0,0,0,0,0,0,0,0,0,0,0,0,0,0,0,0,0,0,0,0,0,0,0,0,0,0,0,0,0,0,0,0,0,0,0,0,0,0,0,0,0,0,0,0,0,0,0,0,0,1,1,1,1.0,1.0,1.0,1,1,1,6,1,6,1,1,1,2,1,32,1408,44444,45884,3,3,0.03125,0.0007102272727272,2.250022500225002e-05,13,4.333333333333333,0,0,1,1,0,1,1,1
attraction fork long mate mateIn3 middlegame sacrifice,c6e5 h1h8 g8h8 d1h5 h8g8 h5h7,r1b2rk1/1p2b1p1/pq2p1P1/3pn3/1P1P4/P1N1P3/6P1/R2QK2R w KQ -,1807,75,1,1500,1500,105360,1,6,1000,0,0,0,2,19,4,992,4,-177.0,3.0,25.0,0.0,13.0,987.0,1000,0,0,28,33,-5,61,6,1,0,2,1,1,5,1,2,2,1,1,0,0,1,1,0,0,0,0,1,0,1,0,0,0,0,0,0,0,0,0,0,0,0,0,0,0,0,1,0,0,0,0,0,0,1,0,1,0,0,0,0,0,0,0,0,0,0,0,0,0,0,0,0,0,0,0,0,0,0,0,0,0,0,0,0,0,0,0,0,0,0,0,0,0,1,1,1,1.0,1.0,1.0,1,1,1,7,1,4,1,1,1,3,0,38,1406,47247,48691,3,3,0.0263157894736842,0.0007112375533428,2.1165364996719367e-05,12,4.0,0,0,1,1,1,1,1,1
advantage endgame quietMove short,g8h8 e1e3 c8c7 e3h3,2r2r1k/pp4q1/4Q3/3p4/3P4/P1P5/1P3PPP/4R1K1 w - -,1859,78,1,405,445,122717,1,25,1000,0,0,-94,2,22,0,600,400,-120.0,3.0,22.0,0.0,219.0,781.0,1000,0,0,21,22,-1,43,7,0,0,1,1,1,3,0,0,2,1,1,0,0,0,0,1,1,1,0,0,0,0,0,0,0,0,0,0,0,0,0,0,0,0,0,1,0,0,0,0,0,0,0,0,0,0,0,0,0,0,0,0,0,0,0,0,0,0,0,0,0,0,0,0,0,0,0,0,0,0,0,0,0,0,0,0,0,0,0,0,0,0,0,0,0,1,1,12,1.0,12.0,6.5,1,1,0,2,4,20,1,1,4,4,1,42,1423,54480,55945,2,14,0.0238095238095238,0.0007027406886858,0.0002202643171806,26,1.8571428571428568,1,1,1,1,1,1,1,1
backRankMate endgame mate mateIn2 short,e4f6 d4e2 c1b1 d8d1,3r4/2k2p1p/pp2pN2/2p5/3n4/6P1/PPP2PRP/2K5 b - -,964,92,-1,-1500,-1500,96704,1,4,1000,0,0,25,2,18,8,992,0,5.0,3.0,24.0,2.0,997.0,1.0,1000,0,0,14,14,0,28,6,1,0,1,0,1,6,1,0,1,0,1,0,0,0,0,0,1,1,0,0,0,1,1,0,0,0,0,0,0,0,0,0,0,0,0,0,1,0,0,0,0,0,0,0,0,0,0,0,0,0,0,0,0,0,0,0,0,0,0,0,0,0,0,0,0,0,0,0,0,0,0,0,0,0,0,0,0,0,0,0,0,0,0,0,0,1,1,0,1.0,0.0,0.5,1,1,0,2,1,0,1,1,0,2,0,28,588,15356,15972,2,2,0.0357142857142857,0.0017006802721088,0.0,3,1.5,0,0,1,1,1,1,1,1
endgame hangingPiece mate mateIn1 oneMove,d7d8 a8d8,R2r2k1/6pp/3N4/1nP5/6P1/1P3P2/P2K2n1/8 w - -,572,87,1,1500,1500,68422,1,2,1000,0,0,108,2,33,626,374,0,22.0,3.0,22.0,6.0,994.0,0.0,1000,0,0,13,13,0,26,5,1,0,1,0,1,2,2,0,1,0,1,0,1,0,0,0,1,0,0,0,0,1,0,0,0,0,0,0,0,0,0,1,1,0,0,0,0,0,0,0,0,0,0,0,0,0,0,0,0,0,0,0,0,0,0,0,0,0,0,0,0,0,0,0,0,0,0,0,0,0,0,0,0,0,0,0,0,0,0,0,0,0,0,0,0,0,0,0,0.0,0.0,0.0,0,0,0,0,0,0,0,0,0,0,0,19,384,7718,8121,0,0,0.0,0.0,0.0,0,0.0,1,1,1,1,1,1,1,1
mate mateIn2 middlegame short,e4d6 f5c2 b3a3 c2b2,4rk2/pbp2pp1/1p1N4/3P1q2/QPBP4/1KP2P2/P5r1/R3R3 b - -,1276,75,-1,-1500,-1500,46371,1,4,1000,0,0,-345,2,22,0,0,1000,-812.0,3.0,24.0,0.0,0.0,1000.0,1000,0,0,31,27,4,58,6,1,1,2,1,1,5,0,1,2,1,1,0,0,0,1,0,0,1,0,0,0,1,1,0,0,0,0,0,0,0,0,0,0,0,0,0,0,0,0,0,0,0,0,0,0,0,0,0,0,0,0,0,0,0,0,0,0,0,0,0,0,0,0,0,0,0,0,0,0,0,0,0,0,0,0,0,0,0,0,0,0,0,0,0,0,1,1,0,1.0,0.0,0.5,1,1,0,3,1,0,1,1,0,2,0,56,2062,99457,101575,2,2,0.0178571428571428,0.0004849660523763,0.0,4,2.0,1,1,1,1,1,1,1,1
endgame mate mateIn2 operaMate sacrifice short,c6c7 b3h3 g2h3 f2h2,6k1/2P3pp/1P6/4b3/3p4/Br5P/4prP1/R5RK b - -,1544,100,-1,-1500,-1500,51156,1,4,1000,0,0,-93,2,18,0,617,383,-314.0,3.0,18.0,0.0,0.0,1000.0,1000,0,0,17,17,0,34,4,0,1,2,0,1,4,0,1,2,0,1,0,0,0,0,0,1,1,0,0,0,1,1,1,0,0,0,0,0,0,0,0,0,0,0,0,0,0,1,0,0,0,0,0,0,0,0,0,0,0,0,0,0,0,0,0,0,0,0,0,0,0,0,0,0,0,0,0,0,0,0,0,0,0,0,0,0,0,0,0,0,0,0,0,0,1,1,0,1.0,0.0,0.5,1,1,0,6,1,0,1,1,0,2,0,37,898,31404,32339,2,2,0.027027027027027,0.0011135857461024,0.0,7,3.5,0,1,1,1,1,1,1,1
advantage endgame short,c8f5 g5f3 f5g4 f3g1,7k/p1p3pb/8/5Bnr/8/2P2R2/PPP2K2/6R1 b - -,1821,86,-1,362,352,438873,1,40,1000,0,0,-50,2,24,0,962,38,-71.0,3.0,29.0,0.0,866.0,134.0,1000,0,0,17,14,3,31,4,0,1,2,0,1,3,1,1,1,0,1,0,0,0,0,1,1,1,0,0,0,0,0,0,0,0,0,0,0,0,0,0,0,0,0,0,0,0,0,0,0,0,0,0,0,0,0,0,0,0,0,0,0,0,0,0,0,0,0,0,0,0,0,0,0,0,0,0,0,0,0,0,0,0,0,0,0,0,0,0,0,0,0,0,0,1,3,8,3.0,2.6666666666666665,2.833333333333333,1,0,1,2,3,13,1,2,3,4,1,19,583,12641,13243,2,12,0.0526315789473684,0.0051457975986277,0.0006328613242623,18,1.5,1,1,1,1,1,1,1,1
endgame kingsideAttack master mate mateIn2 queenRookEndgame short,e3f4 e7e1 c3e1 e8e1,4r1k1/1p2r3/p1p5/3p1p2/PP1P1P1p/2Q3pP/5PP1/4R1K1 b - -,428,93,-1,-1500,-1500,73837,1,4,1000,0,0,0,2,22,2,996,2,-316.0,3.0,23.0,0.0,0.0,1000.0,1000,0,0,21,17,4,38,7,0,0,1,1,1,7,0,0,2,0,1,0,0,0,0,0,1,1,0,0,0,1,1,0,1,0,1,0,0,0,0,0,0,0,0,0,0,0,0,0,0,0,0,0,0,0,0,0,0,0,0,0,0,0,0,0,1,0,0,0,0,0,0,0,0,0,0,0,0,0,0,0,0,0,0,0,0,0,0,0,0,0,0,0,0,1,1,0,1.0,0.0,0.5,1,1,0,6,2,0,1,1,0,2,0,26,741,18961,19728,2,2,0.0384615384615384,0.0013495276653171,0.0,8,4.0,1,1,1,1,1,1,1,1
crushing deflection long middlegame quietMove,g7g6 g3h3 f8h8 h3f5 g6g7 f5g5,r2q1r2/ppp2p2/3p1nk1/4p1p1/2B1P3/2NP2Q1/PPP5/2K4R w - -,1799,76,1,765,1041,1532745,1,24,1000,0,0,37,2,26,20,980,0,-65.0,3.0,20.0,0.0,897.0,103.0,1000,0,0,25,29,-4,54,5,1,1,1,1,1,7,1,0,2,1,1,1,0,1,1,0,0,0,0,0,0,0,0,0,0,0,0,0,0,0,0,0,0,0,0,1,0,0,0,0,0,1,0,0,0,0,0,0,0,0,0,0,0,0,0,0,0,0,0,0,0,0,0,0,0,0,0,0,0,0,0,0,0,0,0,0,0,0,0,0,0,0,0,0,0,1,1,1,1.0,1.0,1.0,1,1,1,1,2,2,1,1,1,2,0,44,1126,47277,48447,3,3,0.0227272727272727,0.0008880994671403,2.11519343443958e-05,5,1.6666666666666667,0,1,1,1,1,1,1,1
crushing endgame fork long,f6e5 d1d8 g8h7 g3d3 e6g6 d3e2,6k1/1p3pp1/pB2q2p/2P1b3/1P6/6QP/4r1P1/3R3K w - -,1037,99,1,485,497,532867,1,32,1000,0,0,-229,2,17,0,0,1000,-236.0,3.0,20.0,0.0,0.0,1000.0,1000,0,0,21,22,-1,43,4,0,1,1,1,1,5,0,1,1,1,1,1,0,1,0,0,1,0,0,1,0,0,0,0,0,0,0,0,0,0,0,0,0,0,0,0,0,0,0,0,0,0,0,0,0,0,0,0,0,0,0,0,0,0,0,0,0,0,0,0,0,0,0,0,0,0,0,0,0,0,0,0,0,0,0,0,0,0,0,0,0,0,0,0,0,1,1,1,1.0,1.0,1.0,1,1,1,7,1,3,1,1,1,3,1,38,1576,53722,55336,3,3,0.0263157894736842,0.0006345177664974,1.8614347939391683e-05,11,3.6666666666666665,0,1,1,1,1,1,1,1
advantage fork long opening,b1c3 d8b6 g1h1 b6b2 a1b1 b2a3,r1bq1rk1/pp2bppp/2pp1n2/8/5P2/2N2N2/PBPPB1PP/R2Q1RK1 b - -,1664,73,-1,169,171,179052,1,32,962,38,0,-308,2,22,0,0,1000,-313.0,3.0,19.0,0.0,0.0,1000.0,954,46,0,37,35,2,72,6,2,2,2,1,1,7,1,2,2,1,1,0,0,1,0,1,0,0,0,1,0,0,0,0,0,0,0,0,0,0,0,0,0,1,0,0,0,0,0,0,0,0,0,0,0,0,0,0,0,0,0,0,0,0,0,0,0,0,0,0,0,0,0,0,0,0,0,0,0,0,0,0,0,0,0,0,0,0,0,0,0,0,0,0,0,0,0,0,0.0,0.0,0.0,0,0,0,0,0,0,0,0,0,0,0,29,950,29143,30122,0,0,0.0,0.0,0.0,0,0.0,1,0,1,1,1,1,1,1
advantage fork middlegame short,d1e2 d8a5 a1c3 a5b5,3qk2r/1p1bbppp/4pn2/1BPp1n2/3P4/4PN2/4QPPP/BN2K2R b Kk -,1467,76,-1,431,434,301242,1,39,1000,0,0,-21,2,16,2,984,14,-26.0,3.0,18.0,1.0,980.0,19.0,1000,0,0,32,32,0,64,6,2,2,1,1,1,6,2,2,1,1,1,0,0,0,1,1,0,1,0,1,0,0,0,0,0,0,0,0,0,0,0,0,0,0,0,0,0,0,0,0,0,0,0,0,0,0,0,0,0,0,0,0,0,0,0,0,0,0,0,0,0,0,0,0,0,0,0,0,0,0,0,0,0,0,0,0,0,0,0,0,0,0,0,0,0,1,2,4,2.0,2.0,2.0,1,0,1,3,3,9,1,2,1,2,1,31,1080,35166,36277,2,7,0.032258064516129,0.0018518518518518,0.000113746232156,15,2.142857142857143,1,1,1,1,1,1,1,1
advantage long middlegame,b7h7 g6f4 g5f4 e5f4 h7h8 f8h8,5r1r/p6R/k1ppb1n1/4p1Q1/N3P3/1P1P4/P1P3PP/6K1 b - -,2295,76,-1,296,359,193952,1,30,1000,0,0,-123,2,20,0,187,813,-445.0,3.0,26.0,0.0,0.0,1000.0,1000,0,0,24,20,4,44,7,1,0,1,1,1,4,1,1,2,0,1,0,0,1,1,1,0,0,0,0,0,0,0,0,0,0,0,0,0,0,0,0,0,0,0,0,0,0,0,0,0,0,0,0,0,0,0,0,0,0,0,0,0,0,0,0,0,0,0,0,0,0,0,0,0,0,0,0,0,0,0,0,0,0,0,0,0,0,0,0,0,0,0,0,0,1,26,26,26.0,1.0,13.5,1,0,26,2,57,52,1,4,1,4,1,32,1259,37539,38830,27,53,0.03125,0.0206513105639396,0.0006926130157969,111,2.0943396226415096,0,1,0,1,1,1,1,1
kingsideAttack mate mateIn1 middlegame oneMove,h7g6 c2g6,rn2qrk1/ppp2N2/3pPpp1/3n4/6b1/8/P1QN1PPP/R4RK1 w - -,627,82,1,1500,1500,48615,1,2,1000,0,0,44,2,26,47,953,0,-105.0,3.0,17.0,0.0,428.0,572.0,1000,0,0,30,34,-4,64,5,2,0,2,1,1,6,2,1,2,1,1,0,0,0,1,0,0,0,0,0,0,1,0,0,0,0,1,0,0,0,0,1,1,0,0,0,0,0,0,0,0,0,0,0,0,0,0,0,0,0,0,0,0,0,0,0,0,0,0,0,0,0,0,0,0,0,0,0,0,0,0,0,0,0,0,0,0,0,0,0,0,0,0,0,0,0,0,0,0.0,0.0,0.0,0,0,0,0,0,0,0,0,0,0,0,43,1478,62181,63702,0,0,0.0,0.0,0.0,0,0.0,1,1,1,1,1,1,1,1
crushing endgame pawnEndgame short,d7e7 f5g4 e7e6 g4h4,8/4K3/8/5k1p/7P/8/8/8 b - -,1178,232,-1,508,521,118633,1,25,1000,0,0,0,2,16,1,998,1,0.0,3.0,13.0,1.0,998.0,1.0,1000,0,0,1,1,0,2,1,0,0,0,0,1,1,0,0,0,0,1,1,0,0,0,0,1,1,0,0,1,0,0,0,0,0,0,0,0,0,0,0,0,0,0,0,0,0,0,0,0,0,0,0,0,0,0,0,0,0,0,0,0,0,0,0,0,0,0,0,0,0,0,0,0,0,0,0,0,0,0,0,0,0,0,0,0,0,0,0,0,0,0,0,0,1,7,27,7.0,3.857142857142857,5.428571428571429,1,0,2,1,7,27,1,1,1,1,1,5,35,220,260,3,35,0.2,0.2,0.1227272727272727,35,1.0,0,1,1,1,1,1,1,1
crushing endgame sacrifice short,a8e8 f4f5 e8e6 f5h7,4rrk1/1ppq2p1/p3Rp1p/3P4/2P2Q2/3B3P/PP4PK/8 w - -,1699,125,1,389,460,2674973,1,55,1000,0,0,-55,2,32,0,948,52,-79.0,3.0,23.0,0.0,789.0,211.0,1000,0,0,23,25,-2,48,6,0,1,1,1,1,6,0,0,2,1,1,1,0,0,0,0,1,1,0,0,0,0,0,0,0,0,0,0,0,0,0,0,0,0,0,0,0,0,1,0,0,0,0,0,0,0,0,0,0,0,0,0,0,0,0,0,0,0,0,0,0,0,0,0,0,0,0,0,0,0,0,0,0,0,0,0,0,0,0,0,0,0,0,0,0,1,1,1,1.0,1.0,1.0,1,1,1,1,1,1,1,1,1,2,1,50,1437,63210,64697,3,3,0.02,0.0006958942240779,1.58202816010125e-05,3,1.0,1,0,1,1,1,1,1,1
crushing endgame long sacrifice,d3d2 e4d2 c2d2 b5b6 a7b6 a5b6,8/p7/5P2/PP1bp3/4N3/K7/2kp4/8 w - -,1764,75,1,352,396,232172,1,39,1000,0,0,-482,2,30,0,0,1000,1500.0,3.0,23.0,0.0,0.0,1000.0,1000,0,0,6,6,0,12,3,1,0,0,0,1,3,0,1,0,0,1,1,0,1,0,0,1,0,0,0,0,0,0,0,0,0,0,0,0,0,0,0,0,0,0,0,0,0,1,0,0,0,0,0,0,0,0,0,0,0,0,0,0,0,0,0,0,0,0,0,0,0,0,0,0,0,0,0,0,0,0,0,0,0,0,0,0,0,0,0,0,0,0,0,0,1,1,1,1.0,1.0,1.0,1,1,1,2,1,1,1,1,1,3,1,12,255,3095,3362,3,3,0.0833333333333333,0.0039215686274509,0.0003231017770597,4,1.3333333333333333,1,1,1,1,1,1,1,1
advantage hangingPiece intermezzo middlegame veryLong,f1f6 d8f6 a1f1 f6h6 e5g4 h6g6 c3g7 e8e4 g4f6 g8g7,r2qr1k1/pn1p2pp/bp3R2/2p1N3/2P5/1PB3Q1/P1P3PP/R5K1 b - -,2610,105,-1,219,218,153789,1,20,999,1,0,-511,2,20,0,0,1000,-514.0,3.0,17.0,0.0,0.0,1000.0,1000,0,0,31,31,0,62,6,1,1,2,1,1,6,1,1,2,1,1,0,1,0,1,1,0,0,0,0,0,0,0,0,0,0,0,1,0,0,0,0,0,0,0,0,0,0,0,0,0,0,0,0,0,0,0,0,0,0,0,0,0,0,0,0,0,0,1,0,0,0,0,0,0,0,0,0,0,0,0,0,0,0,0,0,0,0,0,0,0,0,0,0,0,0,0,0,0.0,0.0,0.0,0,0,0,0,0,0,0,0,0,0,0,23,1147,29531,30701,0,0,0.0,0.0,0.0,0,0.0,0,0,1,0,1,1,1,1
advantage intermezzo long middlegame,g1g5 d4f2 b1d2 h6g5 b3f3 f2f3,r4k2/8/2p3Bb/4p1R1/3q4/PQ6/2K2P2/1N6 b - -,1698,153,-1,303,358,120367,1,23,1000,0,0,-341,2,23,0,0,1000,-344.0,3.0,26.0,0.0,0.0,1000.0,1000,0,0,22,19,3,41,2,1,1,1,1,1,2,0,1,1,1,1,0,0,1,1,1,0,0,0,0,0,0,0,0,0,0,0,0,0,0,0,0,0,0,0,0,0,0,0,0,0,0,0,0,0,0,0,0,0,0,0,0,0,0,0,0,0,0,1,0,0,0,0,0,0,0,0,0,0,0,0,0,0,0,0,0,0,0,0,0,0,0,0,0,0,1,2,6,2.0,3.0,2.5,1,0,1,2,3,7,1,2,2,4,1,37,1139,33721,34897,2,9,0.027027027027027,0.0017559262510974,0.0001779306663503,12,1.3333333333333333,0,1,1,1,1,1,1,1
endgame,a3a4 g7h7 h2g1 d3d1 f2f1 h7h1 g1h1 d1f1,8/1p1k2r1/p1p5/2P1R3/PP1pP3/3r4/5RPK/8 b - -,1841,83,-1,548,629,566503,1,48,1000,0,0,37,2,19,17,983,0,28.0,3.0,19.0,9.0,991.0,0.0,1000,0,0,15,14,1,29,5,0,0,2,0,1,4,0,0,2,0,1,0,0,0,0,0,1,0,0,0,0,0,0,0,0,0,0,0,0,0,0,0,0,0,0,0,0,0,0,0,0,0,0,0,0,0,0,0,0,0,0,0,0,0,0,0,0,0,0,0,0,0,0,0,0,0,0,0,0,0,0,0,0,0,0,0,0,0,0,0,0,0,0,0,0,1,1,1,1.0,1.0,1.0,1,1,1,1,1,2,1,1,1,2,1,24,520,11624,12168,3,3,0.0416666666666666,0.0019230769230769,8.602890571231934e-05,4,1.3333333333333333,0,0,1,1,1,1,1,1
endgame mate mateIn2 short,a4d4 d3f1 g2h2 f1h1,6k1/3P1pp1/4p3/p7/3QR3/3q1PP1/1P3PK1/2r5 b - -,996,77,-1,-1500,-1500,130323,1,4,1000,0,0,-649,2,20,0,0,1000,-940.0,3.0,32.0,0.0,0.0,1000.0,1000,0,0,19,18,1,37,5,0,0,1,1,1,4,0,0,1,1,1,0,0,0,0,0,1,1,0,0,0,1,1,0,0,0,0,0,0,0,0,0,0,0,0,0,0,0,0,0,0,0,0,0,0,0,0,0,0,0,0,0,0,0,0,0,0,0,0,0,0,0,0,0,0,0,0,0,0,0,0,0,0,0,0,0,0,0,0,0,0,0,0,0,0,1,1,0,1.0,0.0,0.5,1,1,0,2,1,0,1,1,0,2,0,39,1172,38167,39378,2,2,0.0256410256410256,0.0008532423208191,0.0,3,1.5,1,1,1,1,1,1,1,1
epauletteMate mate mateIn1 middlegame oneMove,h2g3 h5h3,r6r/2pk1ppp/p1np4/1pbBpN1q/4P1b1/5NK1/PPPP1PR1/R1BQ4 b - -,747,111,-1,-1500,-1500,103347,1,2,1000,0,0,125,2,19,750,250,0,-145.0,3.0,21.0,0.0,122.0,878.0,1000,0,0,37,36,1,73,6,2,2,2,1,1,8,1,2,2,1,1,0,0,0,1,0,0,0,0,0,0,1,0,0,0,0,0,0,0,0,0,1,1,0,0,0,0,0,0,0,0,0,0,0,0,0,0,0,0,0,0,0,0,0,0,0,0,0,0,0,0,0,0,0,0,0,0,0,0,0,0,1,0,0,0,0,0,0,0,0,0,0,0,0,0,0,0,0,0.0,0.0,0.0,0,0,0,0,0,0,0,0,0,0,0,47,1515,62733,64295,0,0,0.0,0.0,0.0,0,0.0,1,1,1,1,1,1,1,1
advantage discoveredAttack middlegame short,c5f2 e2a6 b7a6 d2f2,r1q1r1k1/1p3pp1/n1p4p/p2pp2P/P3P3/2P2P2/1P1QBb2/R1BK3R w - -,1300,79,1,199,217,67950,1,29,998,2,0,-218,2,20,0,2,998,-232.0,3.0,23.0,0.0,1.0,999.0,996,4,0,31,33,-2,64,6,0,2,2,1,1,8,1,1,2,1,1,0,0,0,1,1,0,1,0,0,0,0,0,0,0,0,0,0,0,0,0,0,0,0,0,0,0,1,0,0,0,0,0,0,0,0,0,0,0,0,0,0,0,0,0,0,0,0,0,0,0,0,0,0,0,0,0,0,0,0,0,0,0,0,0,0,0,0,0,0,0,0,0,0,0,1,5,9,5.0,1.8,3.4,1,0,3,4,7,23,1,2,3,5,1,29,1123,35186,36338,4,15,0.0344827586206896,0.0044523597506678,0.0002557835502756,34,2.2666666666666666,1,1,1,1,1,1,1,1
crushing defensiveMove endgame short,d3d4 h4g5 c3e4 g5h6,5k2/R3Rp2/6p1/1p5p/1P1r3K/2n5/7P/8 w - -,1150,82,1,341,356,132217,1,35,1000,0,0,101,2,30,524,476,0,1.0,3.0,20.0,2.0,997.0,1.0,1000,0,0,12,12,0,24,2,0,0,2,0,1,4,1,0,1,0,1,1,0,0,0,0,1,1,0,0,0,0,0,0,0,0,0,0,0,0,0,0,0,0,0,0,0,0,0,0,0,0,0,0,0,0,0,0,0,0,0,0,0,1,0,0,0,0,0,0,0,0,0,0,0,0,0,0,0,0,0,0,0,0,0,0,0,0,0,0,0,0,0,0,0,1,1,1,1.0,1.0,1.0,1,1,1,1,1,1,1,1,1,2,1,4,99,2115,2218,3,3,0.25,0.0101010101010101,0.0004728132387706,3,1.0,0,1,1,0,1,1,1,1
crushing fork middlegame short,f6e6 d4d5 e6e5 d5c6,r3r1k1/ppp2ppp/2nnq3/8/3P4/P1P1P1P1/2Q3BP/R1B1KR2 w Q -,1395,75,1,283,294,315580,1,33,1000,0,0,-11,2,24,2,991,7,-13.0,3.0,26.0,2.0,990.0,8.0,1000,0,0,31,31,0,62,6,0,2,2,1,1,6,2,0,2,1,1,1,0,0,1,0,0,1,0,1,0,0,0,0,0,0,0,0,0,0,0,0,0,0,0,0,0,0,0,0,0,0,0,0,0,0,0,0,0,0,0,0,0,0,0,0,0,0,0,0,0,0,0,0,0,0,0,0,0,0,0,0,0,0,0,0,0,0,0,0,0,0,0,0,0,1,1,1,1.0,1.0,1.0,1,1,1,1,3,1,1,1,1,2,1,43,1989,79749,81781,3,3,0.0232558139534883,0.0005027652086475,1.2539342186108916e-05,5,1.6666666666666667,0,1,1,1,1,1,1,1
backRankMate deflection endgame fork master mate mateIn4 pin sacrifice veryLong,g8h8 f6f2 f1f2 e2e1 f2f1 b6d4 g1h1 e1f1,5Q1R/5p1p/1b3qp1/p6k/P2P4/8/1P2rPPP/5RK1 b - -,1624,77,-1,-1500,-1500,81954,1,8,1000,0,0,-403,2,18,0,0,1000,-482.0,3.0,30.0,0.0,0.0,1000.0,1000,0,0,25,21,4,46,6,0,0,2,1,1,4,0,1,1,1,1,0,0,0,0,0,1,0,0,1,0,1,0,0,1,0,0,1,0,0,0,0,0,0,1,0,1,0,1,0,0,1,0,0,0,0,0,0,0,0,0,0,0,0,0,0,0,0,0,0,0,0,0,0,0,0,0,0,0,0,1,0,0,0,0,0,0,0,0,0,0,0,0,0,0,1,1,1,1.0,1.0,1.0,1,1,1,4,1,1,1,1,1,2,0,36,1049,34368,35453,3,3,0.0277777777777777,0.0009532888465204,2.909683426443203e-05,6,2.0,0,1,1,1,1,1,1,1
backRankMate long mate mateIn3 middlegame sacrifice,a5c4 a7f2 g1h1 f2f1 a1f1 f8f1,1k3r2/q5r1/2Qp3p/3Bp3/2N1P1p1/P7/1PP2PPP/R5K1 b - -,985,88,-1,-1500,-1500,43169,1,6,1000,0,0,-480,2,28,0,0,1000,-511.0,3.0,18.0,0.0,0.0,1000.0,1000,0,0,27,23,4,50,7,1,1,1,1,1,4,0,0,2,1,1,0,0,1,1,0,0,0,0,0,0,1,0,0,0,0,0,0,0,0,0,0,0,0,0,0,1,0,1,0,0,0,0,0,0,0,0,1,0,0,0,0,0,0,0,0,0,0,0,0,0,0,0,0,0,0,0,0,0,0,0,0,0,0,0,0,0,0,0,0,0,0,0,0,0,1,1,1,1.0,1.0,1.0,1,1,1,5,1,1,1,1,1,2,0,37,1310,35751,37098,3,3,0.027027027027027,0.0007633587786259,2.7971245559564768e-05,7,2.333333333333333,0,1,1,1,1,1,1,1
endgame master mate mateIn1 oneMove,h7h6 a1h1,5r2/5p2/4nP1k/4N1p1/8/6P1/6K1/R7 w - -,1278,75,1,1500,1500,209735,1,2,1000,0,0,65,2,34,94,906,0,58.0,3.0,36.0,59.0,941.0,0.0,1000,0,0,10,10,0,20,2,1,0,1,0,1,2,1,0,1,0,1,0,0,0,0,0,1,0,0,0,0,1,0,0,1,0,0,0,0,0,0,1,1,0,0,0,0,0,0,0,0,0,0,0,0,0,0,0,0,0,0,0,0,0,0,0,0,0,0,0,0,0,0,0,0,0,0,0,0,0,0,0,0,0,0,0,0,0,0,0,0,0,0,0,0,0,0,0,0.0,0.0,0.0,0,0,0,0,0,0,0,0,0,0,0,30,444,11689,12163,0,0,0.0,0.0,0.0,0,0.0,1,1,1,1,1,1,1,1
mate mateIn2 middlegame queensideAttack sacrifice short,c2c3 c8c3 b2c3 b8b1,1rr3k1/5p1p/p5pQ/4p3/4q3/B1P1P3/PP1R1PPP/2KR4 b - -,1137,76,-1,-1500,-1500,28638,1,4,1000,0,0,-296,2,18,0,0,1000,-392.0,3.0,19.0,0.0,0.0,1000.0,1000,0,0,29,24,5,53,7,0,1,2,1,1,5,0,0,2,1,1,0,0,0,1,0,0,1,0,0,0,1,1,0,0,0,0,0,0,0,0,0,0,0,0,0,0,0,1,0,0,0,0,0,0,0,0,0,0,0,1,0,0,0,0,0,0,0,0,0,0,0,0,0,0,0,0,0,0,0,0,0,0,0,0,0,0,0,0,0,0,0,0,0,0,1,2,1,2.0,0.5,1.25,1,0,1,5,2,1,1,2,1,2,0,38,1239,40397,41674,2,4,0.0263157894736842,0.0016142050040355,2.4754313439116767e-05,8,2.0,0,0,1,1,0,1,1,1
advantage exposedKing long middlegame pin sacrifice,g8f8 a1f1 c7g7 f1f6 g7f6 e5d7,r3rk2/pbq5/1p2pp1p/2p1N3/2PP2Q1/1P1B4/P5PP/R5K1 w - -,2331,79,1,491,507,139042,1,34,1000,0,0,0,2,27,2,996,2,-41.0,3.0,25.0,0.0,974.0,26.0,1000,0,0,26,28,-2,54,6,1,1,1,1,1,6,0,1,2,1,1,0,0,1,1,1,0,0,0,0,0,0,0,0,0,0,0,0,0,1,0,0,0,0,1,0,0,0,1,0,0,0,0,0,0,0,0,0,0,0,0,0,0,0,0,0,0,0,0,0,0,0,0,0,0,0,0,0,0,0,0,0,0,0,0,0,0,0,0,0,0,0,0,0,0,1,1,1,1.0,1.0,1.0,1,1,1,5,3,5,1,1,1,2,1,44,1347,56944,58335,3,3,0.0227272727272727,0.0007423904974016,1.7561112672098905e-05,13,4.333333333333333,0,1,0,1,1,1,1,1
advancedPawn crushing endgame knightEndgame long promotion,d3e3 h4h3 e3f2 h3h2 f2g3 h2h1q,8/k1p5/P7/3N4/3P2pp/4K1n1/6P1/8 b - -,1849,75,-1,473,472,263182,1,37,1000,0,0,36,2,18,14,986,0,25.0,3.0,21.0,7.0,993.0,0.0,1000,0,0,6,6,0,12,3,1,0,0,0,1,3,1,0,0,0,1,1,0,1,0,0,1,0,0,0,0,0,0,0,0,0,0,0,0,0,0,0,0,0,0,0,0,0,0,0,0,0,0,0,1,0,1,0,0,0,0,1,0,0,0,0,0,0,0,0,0,0,0,0,0,0,0,0,0,0,0,0,0,0,0,0,0,0,0,0,0,0,0,0,0,1,4,13,4.0,3.25,3.625,1,0,2,1,6,18,1,3,3,3,1,12,132,1551,1695,3,18,0.0833333333333333,0.0303030303030303,0.008381689232753,25,1.3888888888888888,0,1,1,1,1,1,1,1
endgame mate mateIn2 short,h3g4 g7g4 e3g3 g4g3,5rk1/1bR3q1/pQ6/8/6P1/4R3/P7/6K1 b - -,1053,91,-1,-1500,-1500,70014,1,4,1000,0,0,-141,2,23,0,64,936,-633.0,3.0,25.0,0.0,0.0,1000.0,1000,0,0,21,18,3,39,2,0,0,2,1,1,1,0,1,1,1,1,0,0,0,0,0,1,1,0,0,0,1,1,0,0,0,0,0,0,0,0,0,0,0,0,0,0,0,0,0,0,0,0,0,0,0,0,0,0,0,0,0,0,0,0,0,0,0,0,0,0,0,0,0,0,0,0,0,0,0,0,0,0,0,0,0,0,0,0,0,0,0,0,0,0,1,2,2,2.0,1.0,1.5,1,0,0,3,3,2,1,2,1,3,0,39,1673,58229,59941,1,5,0.0256410256410256,0.0011954572624028,3.434714661079531e-05,8,1.6,1,0,1,1,1,1,1,1
advantage fork long middlegame,g5f3 e5d3 f5d3 d8d3 e1e7 e8e7,1k1rr3/ppp1q3/8/4nQ1p/8/2P2N1P/PP4P1/2K1R2R b - -,2110,74,-1,281,267,684773,1,42,1000,0,0,-271,2,21,0,0,1000,-359.0,3.0,19.0,0.0,0.0,1000.0,1000,0,0,27,26,1,53,5,1,0,2,1,1,4,1,0,2,1,1,0,0,1,1,1,0,0,0,1,0,0,0,0,0,0,0,0,0,0,0,0,0,0,0,0,0,0,0,0,0,0,0,0,0,0,0,0,0,0,0,0,0,0,0,0,0,0,0,0,0,0,0,0,0,0,0,0,0,0,0,0,0,0,0,0,0,0,0,0,0,0,0,0,0,1,1,1,1.0,1.0,1.0,1,1,1,2,2,5,1,1,1,3,1,40,1667,67061,68768,3,3,0.025,0.0005998800239952,1.491179672238708e-05,9,3.0,0,1,1,1,1,1,1,1
advantage endgame fork master short,f3e4 a2c3 e4d4 c3b5,5k2/5p1p/1p1P2p1/1B6/4KP2/1P4P1/n6P/8 b - -,611,91,-1,292,289,63493,1,25,1000,0,0,-356,2,20,0,0,1000,-403.0,3.0,19.0,0.0,0.0,1000.0,1000,0,0,8,7,1,15,5,0,1,0,0,1,4,1,0,0,0,1,0,0,0,0,1,1,1,0,1,0,0,0,0,1,0,0,0,0,0,0,0,0,0,0,0,0,0,0,0,0,0,0,0,0,0,0,0,0,0,0,0,0,0,0,0,0,0,0,0,0,0,0,0,0,0,0,0,0,0,0,0,0,0,0,0,0,0,0,0,0,0,0,0,0,1,2,2,2.0,1.0,1.5,1,0,2,2,2,4,1,1,1,2,1,10,176,2021,2207,3,5,0.1,0.0113636363636363,0.0009896091044037,8,1.6,1,1,1,1,1,1,1,1
endgame mate mateIn1 oneMove,b5d5 d6f7,6rk/7p/R2N3P/3r4/1P5K/P7/8/8 w - -,809,105,1,1500,1500,7217,1,2,1000,0,0,0,2,6,2,997,1,0.0,3.0,5.0,1.0,997.0,2.0,1000,0,0,11,11,0,22,3,1,0,1,0,1,1,0,0,2,0,1,0,0,0,0,0,1,0,0,0,0,1,0,0,0,0,0,0,0,0,0,1,1,0,0,0,0,0,0,0,0,0,0,0,0,0,0,0,0,0,0,0,0,0,0,0,0,0,0,0,0,0,0,0,0,0,0,0,0,0,0,0,0,0,0,0,0,0,0,0,0,0,0,0,0,0,0,0,0.0,0.0,0.0,0,0,0,0,0,0,0,0,0,0,0,17,397,6594,7008,0,0,0.0,0.0,0.0,0,0.0,1,1,1,1,1,1,1,1
advancedPawn bishopEndgame crushing endgame long,g4h4 c3d2 h4g4 e3e2 c4e2 d2e2,8/8/8/p3b3/P1B2p1K/1Pk1p2P/6P1/8 b - -,1690,75,-1,282,299,108423,1,44,1000,0,0,-8,2,23,1,997,2,-19.0,3.0,38.0,0.0,995.0,5.0,1000,0,0,7,6,1,13,4,0,1,0,0,1,3,0,1,0,0,1,1,0,1,0,0,1,0,0,0,0,0,0,0,0,0,0,0,0,0,0,0,0,0,0,0,0,0,0,1,0,0,0,0,1,0,0,0,0,0,0,0,0,0,0,0,0,0,0,0,0,0,0,0,0,0,0,0,0,0,0,0,0,0,0,0,0,0,0,0,0,0,0,0,0,0,0,0,0.0,0.0,0.0,0,0,0,0,0,0,0,0,0,0,0,14,196,2950,3160,0,0,0.0,0.0,0.0,0,0.0,0,0,1,1,1,1,1,1
advantage endgame long quietMove,g3e1 f7f6 h8g8 h4f5 c5f5 f6f5,2r4k/5Q1p/p7/1pq5/4p2N/2P4P/PP4P1/4b2K w - -,2265,79,1,405,387,300799,1,40,1000,0,0,-380,2,25,0,0,1000,-465.0,3.0,23.0,0.0,0.0,1000.0,1000,0,0,17,21,-4,38,5,1,0,0,1,1,4,0,1,1,1,1,0,0,1,0,1,1,0,0,0,0,0,0,0,0,0,0,0,0,0,0,0,0,0,0,1,0,0,0,0,0,0,0,0,0,0,0,0,0,0,0,0,0,0,0,0,0,0,0,0,0,0,0,0,0,0,0,0,0,0,0,0,0,0,0,0,0,0,0,0,0,0,0,0,0,1,1,1,1.0,1.0,1.0,1,1,1,1,1,2,1,1,1,3,1,33,1009,28661,29703,3,3,0.0303030303030303,0.0009910802775024,3.4890617912843234e-05,4,1.3333333333333333,0,1,1,1,1,1,1,1
endgame master mate mateIn1 oneMove,g6g5 f3h3,8/5K1p/1p5k/6p1/3brp2/5R2/8/8 w - -,841,108,1,1500,1500,505010,1,2,1000,0,0,-755,2,54,0,0,1000,-809.0,3.0,28.0,0.0,0.0,1000.0,1000,0,0,5,12,-7,17,0,0,0,1,0,1,4,0,1,1,0,1,0,0,0,0,0,1,0,0,0,0,1,0,0,1,0,0,0,0,0,0,1,1,0,0,0,0,0,0,0,0,0,0,0,0,0,0,0,0,0,0,0,0,0,0,0,0,0,0,0,0,0,0,0,0,0,0,0,0,0,0,0,0,0,0,0,0,0,0,0,0,0,0,0,0,0,0,0,0.0,0.0,0.0,0,0,0,0,0,0,0,0,0,0,0,12,238,2850,3100,0,0,0.0,0.0,0.0,0,0.0,1,1,1,1,1,1,1,1
crushing endgame fork short,f3h4 f5e5 e2f1 e5c5,3r4/5p2/k3p1p1/2B1Pr2/2P3nN/1p4Pp/4QP1P/6K1 b - -,1955,76,-1,142,175,294107,1,39,992,8,0,-46,2,37,0,971,29,-251.0,3.0,28.0,0.0,0.0,1000.0,975,25,0,20,18,2,38,5,1,1,0,1,1,5,1,0,2,0,1,1,0,0,0,0,1,1,0,1,0,0,0,0,0,0,0,0,0,0,0,0,0,0,0,0,0,0,0,0,0,0,0,0,0,0,0,0,0,0,0,0,0,0,0,0,0,0,0,0,0,0,0,0,0,0,0,0,0,0,0,0,0,0,0,0,0,0,0,0,0,0,0,0,0,0,0,0,0.0,0.0,0.0,0,0,0,0,0,0,0,0,0,0,0,32,908,25587,26527,0,0,0.0,0.0,0.0,0,0.0,1,1,1,1,1,1,1,1
crushing exposedKing long middlegame,e7c5 g2e4 f6f5 e4e5 c5e5 e1e5,r3k3/p1pb4/2p2p2/2q1p1p1/2B3p1/2P4r/P1P2PQP/3RR1K1 w q -,2098,145,1,446,450,87046,1,29,1000,0,0,-44,2,33,0,967,33,-93.0,3.0,25.0,0.0,597.0,403.0,1000,0,0,27,29,-2,56,5,0,1,2,1,1,7,0,1,2,1,1,1,0,1,1,0,0,0,0,0,0,0,0,0,0,0,0,0,0,1,0,0,0,0,0,0,0,0,0,0,0,0,0,0,0,0,0,0,0,0,0,0,0,0,0,0,0,0,0,0,0,0,0,0,0,0,0,0,0,0,0,0,0,0,0,0,0,0,0,0,0,0,0,0,0,1,1,1,1.0,1.0,1.0,1,1,1,2,1,2,1,1,1,2,1,37,1356,48530,49923,3,3,0.027027027027027,0.0007374631268436,2.0605810838656505e-05,5,1.6666666666666667,0,1,1,1,1,1,1,1
advancedPawn advantage middlegame sacrifice short,c1c4 a7e3 f2e3 f3f2,1r3rk1/q5pp/2R5/3P4/2Q5/1p2NpPb/1P3P1P/3R2K1 b - -,1213,78,-1,282,323,186592,1,30,1000,0,0,-237,2,28,0,0,1000,-238.0,3.0,20.0,0.0,0.0,1000.0,1000,0,0,27,26,1,53,5,1,0,2,1,1,4,0,1,2,1,1,0,0,0,1,1,0,1,0,0,0,0,0,0,0,0,0,0,0,0,0,0,0,0,0,0,0,0,1,0,0,0,0,0,1,0,0,0,0,0,0,0,0,0,0,0,0,0,0,0,0,0,0,0,0,0,0,0,0,0,0,0,0,0,0,0,0,0,0,0,0,0,0,0,0,1,1,1,1.0,1.0,1.0,1,1,1,4,2,1,1,1,1,2,1,44,1888,76189,78121,3,3,0.0227272727272727,0.0005296610169491,1.3125254301802097e-05,7,2.333333333333333,0,1,1,1,1,1,1,1
crushing endgame master short,g1g6 f8f6 g6f6 e6f6,5r2/7r/2kpqBRP/p1p1p2Q/P3P3/2PP4/5P1K/8 b - -,904,92,-1,537,557,95882,1,28,1000,0,0,-36,2,20,0,985,15,-51.0,3.0,18.0,0.0,959.0,41.0,1000,0,0,23,23,0,46,6,0,1,1,1,1,4,0,0,2,1,1,1,0,0,0,0,1,1,0,0,0,0,0,0,1,0,0,0,0,0,0,0,0,0,0,0,0,0,0,0,0,0,0,0,0,0,0,0,0,0,0,0,0,0,0,0,0,0,0,0,0,0,0,0,0,0,0,0,0,0,0,0,0,0,0,0,0,0,0,0,0,0,0,0,0,1,1,18,1.0,18.0,9.5,1,1,0,2,1,40,1,1,4,4,1,38,1138,40112,41288,2,20,0.0263157894736842,0.0008787346221441,0.0004487435181491,43,2.15,0,1,1,1,1,1,1,1
mate mateIn1 oneMove opening,d4c3 b3f7,r2qkbnr/pp5p/8/4Nb2/8/1Qp5/PP2PPPP/R3KB1R w KQkq -,1475,86,1,1500,1500,224906,1,2,1000,0,0,0,2,38,4,992,4,-60.0,3.0,43.0,0.0,897.0,103.0,1000,0,0,31,32,-1,63,6,1,1,2,1,1,4,1,2,2,1,1,0,0,0,0,0,0,0,0,0,0,1,0,0,0,0,0,0,0,0,0,1,1,1,0,0,0,0,0,0,0,0,0,0,0,0,0,0,0,0,0,0,0,0,0,0,0,0,0,0,0,0,0,0,0,0,0,0,0,0,0,0,0,0,0,0,0,0,0,0,0,0,0,0,0,0,0,0,0.0,0.0,0.0,0,0,0,0,0,0,0,0,0,0,0,37,1528,55609,57174,0,0,0.0,0.0,0.0,0,0.0,1,1,1,1,1,1,1,1
advantage endgame exposedKing fork long,c1c4 c6e5 c4e4 e5f3 g1f2 f3d2,3r2k1/1p3p2/p1n2P2/2P3P1/1PR1p3/P2pP3/3B4/6K1 b - -,1153,75,-1,185,193,137600,1,33,998,2,0,-23,2,27,0,993,7,-25.0,3.0,24.0,0.0,992.0,8.0,1000,0,0,14,13,1,27,6,0,1,1,0,1,5,1,0,1,0,1,0,0,1,0,1,1,0,0,1,0,0,0,0,0,0,0,0,0,1,0,0,0,0,0,0,0,0,0,0,0,0,0,0,0,0,0,0,0,0,0,0,0,0,0,0,0,0,0,0,0,0,0,0,0,0,0,0,0,0,0,0,0,0,0,0,0,0,0,0,0,0,0,0,0,1,1,1,1.0,1.0,1.0,1,1,1,2,2,2,1,1,1,2,1,22,366,7354,7742,3,3,0.0454545454545454,0.0027322404371584,0.0001359804188196,6,2.0,0,1,1,1,1,1,1,1
crushing endgame pawnEndgame veryLong zugzwang,h4g5 h6g5 d3c3 d5e5 c3c4 e5f4 c4c5 f4g3,8/1p6/7p/3k1pP1/1P6/3K1P2/6P1/8 b - -,2683,88,-1,296,302,234180,1,41,1000,0,0,-372,2,18,0,0,1000,-583.0,3.0,29.0,0.0,0.0,1000.0,1000,0,0,4,3,1,7,4,0,0,0,0,1,3,0,0,0,0,1,1,0,0,0,0,1,0,0,0,1,0,0,0,0,0,0,1,1,0,0,0,0,0,0,0,0,0,0,0,0,0,0,0,0,0,0,0,0,0,0,0,0,0,0,0,0,0,0,0,0,0,0,0,0,0,0,0,0,0,0,0,0,0,0,0,0,0,0,0,0,0,0,0,0,1,1,1,1.0,1.0,1.0,1,1,1,1,1,1,1,1,1,2,1,9,100,921,1030,3,3,0.1111111111111111,0.01,0.001085776330076,3,1.0,1,0,1,1,1,1,1,1
endgame mate mateIn1 oneMove operaMate,f8e8 e1e8,3kr3/3n1B1p/2pP4/p1n5/Ppp5/8/1P3PPP/4R1K1 w - -,865,100,1,1500,1500,75276,1,2,1000,0,0,139,2,34,927,73,0,-410.0,3.0,18.0,0.0,0.0,1000.0,1000,0,0,14,16,-2,30,6,0,1,1,0,1,5,2,0,1,0,1,0,0,0,0,0,1,0,0,0,0,1,0,1,0,0,0,0,0,0,0,1,1,0,0,0,0,0,0,0,0,0,0,0,0,0,0,0,0,0,0,0,0,0,0,0,0,0,0,0,0,0,0,0,0,0,0,0,0,0,0,0,0,0,0,0,0,0,0,0,0,0,0,0,0,0,0,0,0.0,0.0,0.0,0,0,0,0,0,0,0,0,0,0,0,28,692,17373,18093,0,0,0.0,0.0,0.0,0,0.0,1,1,1,1,1,1,1,1
advantage endgame veryLong,e6e5 h5g6 f7g6 f4g4 f8f6 f1f6 d4d1 g4d1 d8d1 h1h2,3r1r2/p1p2p1k/1p3Ppp/4p2P/3qBQ2/8/PPP3P1/5R1K w - -,2496,89,1,441,459,1000791,1,41,1000,0,0,0,2,11,2,996,2,-21.0,3.0,25.0,0.0,994.0,6.0,1000,0,0,23,26,-3,49,6,0,1,1,1,1,7,0,0,2,1,1,0,0,0,0,1,1,0,0,0,0,0,0,0,0,0,0,1,0,0,0,0,0,0,0,0,0,0,0,0,0,0,0,0,0,0,0,0,0,0,0,0,0,0,0,0,0,0,0,0,0,0,0,0,0,0,0,0,0,0,0,0,0,0,0,0,0,0,0,0,0,0,0,0,0,1,1,1,1.0,1.0,1.0,1,1,1,1,1,2,1,1,1,3,1,39,1235,45598,46872,3,3,0.0256410256410256,0.0008097165991902,2.1930786438001667e-05,4,1.3333333333333333,0,0,1,1,1,1,1,1
kingsideAttack mate mateIn2 middlegame short,d7c7 e4e8 f7f8 e8f8,r2n2k1/1bq2rpp/1p6/3P4/p3Q3/B3P3/PP3PPP/3R2K1 w - -,1326,75,1,1500,1500,123211,1,4,1000,0,0,-380,2,22,0,0,1000,-396.0,3.0,22.0,0.0,0.0,1000.0,1000,0,0,24,29,-5,53,7,0,1,1,1,1,4,1,1,2,1,1,0,0,0,1,0,0,1,0,0,0,1,1,0,0,0,1,0,0,0,0,0,0,0,0,0,0,0,0,0,0,0,0,0,0,0,0,0,0,0,0,0,0,0,0,0,0,0,0,0,0,0,0,0,0,0,0,0,0,0,0,0,0,0,0,0,0,0,0,0,0,0,0,0,0,1,1,0,1.0,0.0,0.5,1,1,0,4,1,0,1,1,0,2,0,42,1571,60894,62507,2,2,0.0238095238095238,0.0006365372374283,0.0,5,2.5,1,1,1,1,1,1,1,1
advantage middlegame short,a8e4 f6h4 e1e2 d4f2,1n3rk1/p1p3pp/1p2Pb2/8/3qQ3/5P2/PPP4P/R3KBNR b KQ -,1619,76,-1,170,173,286460,1,40,988,12,0,-362,2,34,0,0,1000,-442.0,3.0,24.0,0.0,0.0,1000.0,992,8,0,31,25,6,56,6,1,1,2,1,1,5,1,1,1,1,1,0,0,0,1,1,0,1,0,0,0,0,0,0,0,0,0,0,0,0,0,0,0,0,0,0,0,0,0,0,0,0,0,0,0,0,0,0,0,0,0,0,0,0,0,0,0,0,0,0,0,0,0,0,0,0,0,0,0,0,0,0,0,0,0,0,0,0,0,0,0,0,0,0,0,0,0,0,0.0,0.0,0.0,0,0,0,0,0,0,0,0,0,0,0,40,1260,49442,50742,0,0,0.0,0.0,0.0,0,0.0,1,0,1,1,1,1,1,1
endgame mate mateIn1 oneMove,a2b3 g4g7,r4rk1/p1p1R1pp/2p2p2/5P2/6Q1/1q5P/6PK/8 w - -,1048,211,1,1500,1500,152803,1,2,1000,0,0,0,2,11,1,997,2,-545.0,3.0,35.0,0.0,0.0,1000.0,1000,0,0,17,25,-8,42,3,0,0,1,1,1,6,0,0,2,1,1,0,0,0,0,0,1,0,0,0,0,1,0,0,0,0,0,0,0,0,0,1,1,0,0,0,0,0,0,0,0,0,0,0,0,0,0,0,0,0,0,0,0,0,0,0,0,0,0,0,0,0,0,0,0,0,0,0,0,0,0,0,0,0,0,0,0,0,0,0,0,0,0,0,0,0,0,0,0.0,0.0,0.0,0,0,0,0,0,0,0,0,0,0,0,30,1048,30388,31466,0,0,0.0,0.0,0.0,0,0.0,1,1,1,1,1,1,1,1
advancedPawn crushing discoveredAttack discoveredCheck endgame long sacrifice,h3c3 b4b8 g8h7 f5e6 c3c2 e6e7,6k1/5p2/4p2p/3pPP2/1R5P/2r5/2B5/2b2K2 w - -,2286,76,1,514,578,549610,1,32,1000,0,0,7,2,22,2,997,1,-4.0,3.0,24.0,1.0,997.0,2.0,1000,0,0,11,12,-1,23,3,0,1,1,0,1,4,0,1,1,0,1,1,0,1,0,0,1,0,0,0,0,0,0,0,0,0,0,0,0,0,0,0,0,0,0,0,0,1,1,0,0,0,0,0,1,0,0,0,0,0,0,0,0,0,0,0,0,0,0,0,0,0,0,1,0,0,0,0,0,0,0,0,0,0,0,0,0,0,0,0,0,0,0,0,0,1,1,1,1.0,1.0,1.0,1,1,1,4,5,1,1,1,1,1,1,27,667,15686,16380,3,3,0.037037037037037,0.0014992503748125,6.375111564452378e-05,10,3.333333333333333,0,0,1,1,1,1,1,1
advantage long middlegame,d4b5 f6g4 b5d6 d8d6 c1c7 c8c7,2kr3r/Qpp2ppp/3b1n2/1N6/8/4P1Pq/PP1B1P1P/2R2RK1 b - -,1408,76,-1,149,299,377491,1,26,1000,0,0,-336,2,22,0,0,1000,-374.0,3.0,18.0,0.0,0.0,1000.0,1000,0,0,31,30,1,61,6,1,1,2,1,1,5,1,1,2,1,1,0,0,1,1,1,0,0,0,0,0,0,0,0,0,0,0,0,0,0,0,0,0,0,0,0,0,0,0,0,0,0,0,0,0,0,0,0,0,0,0,0,0,0,0,0,0,0,0,0,0,0,0,0,0,0,0,0,0,0,0,0,0,0,0,0,0,0,0,0,0,0,0,0,0,0,0,0,0.0,0.0,0.0,0,0,0,0,0,0,0,0,0,0,0,41,1496,53809,55346,0,0,0.0,0.0,0.0,0,0.0,0,1,1,1,1,1,1,1
crushing fork middlegame short,b7b6 g5f7 f8f7 b3f7,3r1q1k/p1pb2pp/1pnp4/6N1/5B2/1Q4P1/PP4PP/4R2K w - -,1022,89,1,572,663,160187,1,28,1000,0,0,186,2,34,996,4,0,179.0,3.0,23.0,993.0,7.0,0.0,1000,0,0,25,26,-1,51,5,1,1,1,1,1,6,1,1,1,1,1,1,0,0,1,0,0,1,0,1,0,0,0,0,0,0,0,0,0,0,0,0,0,0,0,0,0,0,0,0,0,0,0,0,0,0,0,0,0,0,0,0,0,0,0,0,0,0,0,0,0,0,0,0,0,0,0,0,0,0,0,0,0,0,0,0,0,0,0,0,0,0,0,0,0,1,1,1,1.0,1.0,1.0,1,1,1,2,1,4,1,1,1,2,1,46,1338,58211,59595,3,3,0.0217391304347826,0.0007473841554559,1.7178883716136124e-05,7,2.333333333333333,1,1,1,1,1,1,1,1
advancedPawn advantage clearance endgame long promotion,f6e5 a8e8 e5f4 a7a8q a5a8 e8a8,R7/P4p2/7p/q3k1n1/5R2/7P/5PK1/8 w - -,1384,77,1,331,308,145852,1,26,1000,0,0,-195,2,29,0,2,998,-242.0,3.0,28.0,0.0,0.0,1000.0,1000,0,0,13,14,-1,27,3,0,0,2,0,1,2,1,0,0,1,1,0,0,1,0,1,1,0,0,0,0,0,0,0,0,0,0,0,0,0,0,0,0,0,0,0,0,0,0,0,0,0,0,0,1,0,1,0,0,0,0,0,0,0,0,0,0,1,0,0,0,0,0,0,0,0,0,0,0,0,0,0,0,0,0,0,0,0,0,0,0,0,0,0,0,1,1,1,1.0,1.0,1.0,1,1,1,4,1,1,1,1,1,3,1,25,626,15734,16385,3,3,0.04,0.0015974440894568,6.355662895640016e-05,6,2.0,0,1,1,1,1,1,1,1
crushing long middlegame,f3d4 f5d4 b3d4 f4d4 h3e6 c8c7,2k1r2r/1p2P3/p1b1p3/3p1npp/3N1q2/1N5Q/PP3PPP/2R2RK1 b - -,2302,82,-1,198,230,211769,1,17,999,1,0,-168,2,19,0,22,978,-213.0,3.0,26.0,0.0,2.0,998.0,1000,0,0,31,31,0,62,6,2,0,2,1,1,6,1,1,2,1,1,1,0,1,1,0,0,0,0,0,0,0,0,0,0,0,0,0,0,0,0,0,0,0,0,0,0,0,0,0,0,0,0,0,0,0,0,0,0,0,0,0,0,0,0,0,0,0,0,0,0,0,0,0,0,0,0,0,0,0,0,0,0,0,0,0,0,0,0,0,0,0,0,0,0,1,1,1,1.0,1.0,1.0,1,1,1,2,2,2,1,1,1,2,1,40,1411,53154,54605,3,3,0.025,0.0007087172218284,1.881325958535576e-05,6,2.0,0,0,1,1,1,1,1,1
advantage attraction exposedKing fork long middlegame sacrifice,a1d1 d8d6 d1d6 g7e5 h2h1 e5d6,3r3k/pp4bp/3Bn1p1/7n/8/8/PP3P1K/3R1RN1 b - -,1458,75,-1,231,230,250712,1,31,1000,0,0,-152,2,17,0,32,968,-210.0,3.0,22.0,0.0,1.0,999.0,1000,0,0,19,18,1,37,3,1,1,2,0,1,4,2,1,1,0,1,0,0,1,1,1,0,0,0,1,0,0,0,0,0,0,0,0,0,1,0,0,0,0,0,0,0,0,1,0,0,0,0,0,0,1,0,0,0,0,0,0,0,0,0,0,0,0,0,0,0,0,0,0,0,0,0,0,0,0,0,0,0,0,0,0,0,0,0,0,0,0,0,0,0,1,1,1,1.0,1.0,1.0,1,1,1,2,5,2,1,1,1,2,1,31,914,29299,30244,3,3,0.032258064516129,0.0010940919037199,3.4130857708454215e-05,9,3.0,0,1,1,1,1,1,1,1
advantage deflection endgame short,f4f5 h8e8 e2f3 c3d3,7r/8/3b4/3p1P2/6R1/2kN4/4KP2/8 b - -,1103,75,-1,326,360,272486,1,35,1000,0,0,-17,2,19,0,996,4,-34.0,3.0,20.0,0.0,987.0,13.0,1000,0,0,10,9,1,19,2,1,0,1,0,1,1,0,1,1,0,1,0,0,0,0,1,1,1,0,0,0,0,0,0,0,0,0,0,0,0,0,0,0,0,0,0,0,0,0,0,0,1,0,0,0,0,0,0,0,0,0,0,0,0,0,0,0,0,0,0,0,0,0,0,0,0,0,0,0,0,0,0,0,0,0,0,0,0,0,0,0,0,0,0,0,1,2,2,2.0,1.0,1.5,1,0,2,3,2,2,1,1,1,2,1,28,767,18757,19552,3,5,0.0357142857142857,0.0026075619295958,0.0001066268593058,7,1.4,0,1,1,1,1,1,1,1
mate mateIn2 middlegame short,a7e7 d5g2 f1e1 h4f3,3r1rk1/4Qppp/8/1ppb4/2Pn1B1n/2N3P1/PP3P2/R2R1K2 b - -,2085,76,-1,-1500,-1500,101447,1,4,1000,0,0,-165,2,25,0,18,982,-263.0,3.0,22.0,0.0,0.0,1000.0,1000,0,0,30,24,6,54,5,1,1,2,1,1,5,2,1,2,0,1,0,0,0,1,0,0,1,0,0,0,1,1,0,0,0,0,0,0,0,0,0,0,0,0,0,0,0,0,0,0,0,0,0,0,0,0,0,0,0,0,0,0,0,0,0,0,0,0,0,0,0,0,0,0,0,0,0,0,0,0,0,0,0,0,0,0,0,0,0,0,0,0,0,0,1,2,0,2.0,0.0,1.0,1,0,0,3,2,0,1,1,0,2,0,36,1775,59836,61647,1,3,0.0277777777777777,0.0011267605633802,0.0,5,1.6666666666666667,0,1,1,1,1,1,1,1
advantage clearance fork long middlegame,b8d7 e5d7 c8d7 e1e7 g7f6 e7d7,r1b2r2/pp1n2k1/2p3pp/4Np2/2BP4/8/PP4PP/2KRR3 w - -,1164,75,1,463,459,507880,1,43,1000,0,0,5,2,22,2,997,1,-9.0,3.0,22.0,1.0,996.0,3.0,1000,0,0,21,22,-1,43,5,1,1,2,0,1,6,1,1,2,0,1,0,0,1,1,1,0,0,0,1,0,0,0,0,0,0,0,0,0,0,0,0,0,0,0,0,0,0,0,0,0,0,0,0,0,0,0,0,0,0,0,0,0,0,0,0,0,1,0,0,0,0,0,0,0,0,0,0,0,0,0,0,0,0,0,0,0,0,0,0,0,0,0,0,0,1,9,9,9.0,1.0,5.0,1,0,9,2,11,54,1,3,1,4,1,37,851,31378,32266,10,19,0.027027027027027,0.0105757931844888,0.0002868251641277,67,3.526315789473684,0,1,1,1,1,1,1,1
advancedPawn crushing defensiveMove endgame long master promotion,e2e3 c2c1q c7c1 b1c1 e3e4 d8e8,3r4/P1R5/7P/4p3/8/4K3/2p5/1k6 b - -,2208,76,-1,324,417,327136,1,41,1000,0,0,0,2,20,1,998,1,-8.0,3.0,18.0,1.0,997.0,2.0,1000,0,0,7,7,0,14,2,0,0,1,0,1,2,0,0,1,0,1,1,0,1,0,0,1,0,0,0,0,0,0,0,1,0,0,0,0,0,0,0,0,0,0,0,0,0,0,0,0,0,0,0,1,0,1,0,0,0,0,0,0,1,0,0,0,0,0,0,0,0,0,0,0,0,0,0,0,0,0,0,0,0,0,0,0,0,0,0,0,0,0,0,0,1,1,2,1.0,2.0,1.5,1,1,0,1,1,7,1,1,2,4,1,23,441,8631,9095,2,4,0.0434782608695652,0.0022675736961451,0.00023172285946,9,2.25,0,1,1,1,1,1,1,1
advantage intermezzo middlegame short,d3f5 d8d4 g1h1 e6f5,r2q1rk1/pbp1bp2/1p2pn1Q/5BN1/8/P1N5/1PP3PP/R4RK1 b - -,2376,83,-1,179,223,306849,1,27,998,2,0,-131,2,29,0,165,835,-368.0,3.0,32.0,0.0,0.0,1000.0,1000,0,0,33,33,0,66,5,2,1,2,1,1,5,1,2,2,1,1,0,0,0,1,1,0,1,0,0,0,0,0,0,0,0,0,0,0,0,0,0,0,0,0,0,0,0,0,0,0,0,0,0,0,0,0,0,0,0,0,0,0,0,0,0,0,0,1,0,0,0,0,0,0,0,0,0,0,0,0,0,0,0,0,0,0,0,0,0,0,0,0,0,0,1,2,1,2.0,0.5,1.25,1,0,1,4,2,1,1,2,1,4,1,38,1827,61498,63363,2,4,0.0263157894736842,0.0010946907498631,1.6260691404598525e-05,7,1.75,0,1,1,1,1,1,1,1
advantage attraction discoveredAttack long middlegame sacrifice,c8a6 g7f8 e8f8 c1a3 f8e8 a1h1,r3kr2/p1p2pQp/bp2pP2/8/8/1P4P1/P2KNP1P/R1B4q w q -,2155,89,1,366,379,113670,1,33,1000,0,0,-481,2,21,0,0,1000,-489.0,3.0,21.0,0.0,0.0,1000.0,1000,0,0,26,28,-2,54,6,1,1,1,1,1,6,0,1,2,1,1,0,0,1,1,1,0,0,0,0,0,0,0,0,0,0,0,0,0,0,0,0,0,0,0,0,0,1,1,0,0,0,0,0,0,1,0,0,0,0,0,0,0,0,0,0,0,0,0,0,0,0,0,0,0,0,0,0,0,0,0,0,0,0,0,0,0,0,0,0,0,0,0,0,0,1,2,3,2.0,1.5,1.75,1,0,1,1,2,4,1,1,2,3,1,27,805,19949,20781,2,6,0.037037037037037,0.0024844720496894,0.0001503834778685,7,1.1666666666666667,0,0,1,1,1,1,1,1
kingsideAttack long mate mateIn3 middlegame sacrifice,c4d3 f3f7 f8f7 e1e8 f7f8 f1f8,r1b2rk1/p4ppp/2p5/6q1/6P1/3p1Q1P/PPP5/1K2RR2 w - -,1440,77,1,1500,1500,85835,1,6,1000,0,0,-427,2,23,0,0,1000,-432.0,3.0,27.0,0.0,0.0,1000.0,1000,0,0,24,28,-4,52,5,0,0,2,1,1,6,0,1,2,1,1,0,0,1,1,0,0,0,0,0,0,1,0,0,0,0,1,0,0,0,0,0,0,0,0,0,0,0,1,0,0,0,0,0,0,0,0,1,0,0,0,0,0,0,0,0,0,0,0,0,0,0,0,0,0,0,0,0,0,0,0,0,0,0,0,0,0,0,0,0,0,0,0,0,0,1,1,1,1.0,1.0,1.0,1,1,1,4,1,7,1,1,1,2,0,36,1299,47426,48761,3,3,0.0277777777777777,0.0007698229407236,2.1085480538101463e-05,12,4.0,0,1,0,0,0,0,1,0
crushing endgame short skewer,a8a6 h7h6 e6d5 h6a6,8/7R/r3k3/4p2p/3b2p1/3K4/8/5R2 w - -,968,81,1,349,456,328638,1,35,1000,0,0,31,2,18,11,989,0,-49.0,3.0,21.0,0.0,965.0,35.0,1000,0,0,10,11,-1,21,0,0,0,2,0,1,3,0,1,1,0,1,1,0,0,0,0,1,1,0,0,0,0,0,0,0,0,0,0,0,0,1,0,0,0,0,0,0,0,0,0,0,0,0,0,0,0,0,0,0,0,0,0,0,0,0,0,0,0,0,0,0,0,0,0,0,0,0,0,0,0,0,0,0,0,0,0,0,0,0,0,0,0,0,0,0,1,1,1,1.0,1.0,1.0,1,1,1,1,1,7,1,1,1,2,1,29,646,16638,17313,3,3,0.0344827586206896,0.001547987616099,6.010337780983292e-05,9,3.0,0,1,1,1,1,1,1,1
master mate mateIn2 middlegame short,c5c1 e1e8 g7f8 b4f8,6k1/1b3pbp/6p1/1N4q1/1Q1p4/P7/5PPP/2r1RBK1 w - -,1394,221,1,1500,1500,62247,1,4,1000,0,0,39,2,19,20,980,0,19.0,3.0,22.0,5.0,994.0,1.0,1000,0,0,24,24,0,48,4,1,1,1,1,1,4,0,2,1,1,1,0,0,0,1,0,0,1,0,0,0,1,1,0,1,0,0,0,0,0,0,0,0,0,0,0,0,0,0,0,0,0,0,0,0,0,0,0,0,0,0,0,0,0,0,0,0,0,0,0,0,0,0,0,0,0,0,0,0,0,0,0,0,0,0,0,0,0,0,0,0,0,0,0,0,1,1,1,1.0,1.0,1.0,1,1,1,7,1,1,1,1,1,2,0,38,1667,62732,64437,3,3,0.0263157894736842,0.0005998800239952,1.594082764777147e-05,9,3.0,1,1,1,1,1,1,1,1
advancedPawn bishopEndgame crushing endgame long,h6h5 g4h5 h3h4 h5h6 h4h5 h6h7,8/6B1/8/1p4pp/1Pp3P1/5P1k/4K2b/8 w - -,823,94,1,673,689,383658,1,41,1000,0,0,-352,2,18,0,0,1000,-381.0,3.0,18.0,0.0,0.0,1000.0,1000,0,0,6,7,-1,13,3,0,1,0,0,1,4,0,1,0,0,1,1,0,1,0,0,1,0,0,0,0,0,0,0,0,0,0,0,0,0,0,0,0,0,0,0,0,0,0,1,0,0,0,0,1,0,0,0,0,0,0,0,0,0,0,0,0,0,0,0,0,0,0,0,0,0,0,0,0,0,0,0,0,0,0,0,0,0,0,0,0,0,0,0,0,1,1,1,1.0,1.0,1.0,1,1,1,1,3,2,1,1,1,2,1,17,210,3104,3331,3,3,0.0588235294117647,0.0047619047619047,0.0003221649484536,6,2.0,1,1,1,1,1,1,1,1
endgame knightEndgame mate mateIn2 short,b4a5 d5c5 f2f3 a7c6,8/n7/P7/K2k4/P7/7P/5PP1/8 b - -,1670,76,-1,-1500,-1500,44997,1,4,1000,0,0,-354,2,22,0,0,1000,-387.0,3.0,17.0,0.0,0.0,1000.0,1000,0,0,5,3,2,8,5,0,0,0,0,1,0,1,0,0,0,1,0,0,0,0,0,1,1,0,0,0,1,1,0,0,0,0,0,0,0,0,0,0,0,0,0,0,0,0,0,0,0,0,0,0,0,0,0,0,0,0,1,0,0,0,0,0,0,0,0,0,0,0,0,0,0,0,0,0,0,0,0,0,0,0,0,0,0,0,0,0,0,0,0,0,1,5,0,5.0,0.0,2.5,1,0,0,1,7,0,1,1,0,2,0,11,72,715,798,1,6,0.0909090909090909,0.0694444444444444,0.0,8,1.3333333333333333,1,1,1,1,1,1,1,1
endgame master mate mateIn1 oneMove operaMate,f2e2 g7h7,5r1k/2p3Rp/3p4/p2Pn3/1p2B3/1P6/PKP1r2P/6R1 w - -,1075,75,1,1500,1500,39086,1,2,1000,0,0,87,2,26,306,694,0,-20.0,3.0,20.0,0.0,994.0,6.0,1000,0,0,18,18,0,36,5,0,1,2,0,1,5,1,0,2,0,1,0,0,0,0,0,1,0,0,0,0,1,0,1,1,0,0,0,0,0,0,1,1,0,0,0,0,0,0,0,0,0,0,0,0,0,0,0,0,0,0,0,0,0,0,0,0,0,0,0,0,0,0,0,0,0,0,0,0,0,0,0,0,0,0,0,0,0,0,0,0,0,0,0,0,0,0,0,0.0,0.0,0.0,0,0,0,0,0,0,0,0,0,0,0,37,1185,35709,36931,0,0,0.0,0.0,0.0,0,0.0,1,1,1,1,1,1,1,1
advantage middlegame short,f1g2 d4f3 e3f3 b7f3,5r2/1b3k2/1q4p1/p3Pp1p/2pn1P1P/4Q1P1/P5BK/R1R5 b - -,1250,76,-1,272,311,197957,1,37,1000,0,0,-13,2,20,1,995,4,-232.0,3.0,16.0,0.0,0.0,1000.0,1000,0,0,27,25,2,52,5,0,1,2,1,1,5,1,1,1,1,1,0,0,0,1,1,0,1,0,0,0,0,0,0,0,0,0,0,0,0,0,0,0,0,0,0,0,0,0,0,0,0,0,0,0,0,0,0,0,0,0,0,0,0,0,0,0,0,0,0,0,0,0,0,0,0,0,0,0,0,0,0,0,0,0,0,0,0,0,0,0,0,0,0,0,1,1,1,1.0,1.0,1.0,1,1,1,2,1,4,1,1,1,3,1,44,1574,63973,65591,3,3,0.0227272727272727,0.0006353240152477,1.5631594578963e-05,7,2.333333333333333,1,1,1,1,1,1,1,1
crushing endgame short skewer,h1e1 e7h4 g3h2 h4e1,8/2p1b3/q1Pp2k1/3Pp3/4Pr2/1Q3PK1/3N2P1/4R3 b - -,1228,81,-1,224,249,145309,1,22,1000,0,0,0,2,21,2,996,2,0.0,3.0,27.0,1.0,997.0,2.0,1000,0,0,22,20,2,42,5,1,0,1,1,1,3,0,1,1,1,1,1,0,0,0,0,1,1,0,0,0,0,0,0,0,0,0,0,0,0,1,0,0,0,0,0,0,0,0,0,0,0,0,0,0,0,0,0,0,0,0,0,0,0,0,0,0,0,0,0,0,0,0,0,0,0,0,0,0,0,0,0,0,0,0,0,0,0,0,0,0,0,0,0,0,1,1,0,1.0,0.0,0.5,1,1,0,3,1,0,1,1,0,2,1,36,1036,34317,35389,2,2,0.0277777777777777,0.0009652509652509,0.0,4,2.0,0,1,1,1,1,1,1,1
crushing endgame short,h3h4 f7d5 f3f2 g5h4,8/5b2/3k3p/6p1/3P1pPP/2N2K2/8/8 b - -,1689,75,-1,272,320,144224,1,39,1000,0,0,27,2,17,8,992,0,0.0,3.0,18.0,1.0,998.0,1.0,1000,0,0,6,6,0,12,3,1,0,0,0,1,3,0,1,0,0,1,1,0,0,0,0,1,1,0,0,0,0,0,0,0,0,0,0,0,0,0,0,0,0,0,0,0,0,0,0,0,0,0,0,0,0,0,0,0,0,0,0,0,0,0,0,0,0,0,0,0,0,0,0,0,0,0,0,0,0,0,0,0,0,0,0,0,0,0,0,0,0,0,0,0,1,1,1,1.0,1.0,1.0,1,1,1,2,1,1,1,1,1,3,1,16,227,3256,3499,3,3,0.0625,0.0044052863436123,0.0003071253071253,4,1.3333333333333333,0,0,0,1,1,1,1,1
advancedPawn attackingF2F7 mate mateIn1 oneMove opening,h4g2 e3f2,rn1qk2r/pb3ppp/5n2/2b5/8/2N1p1P1/PP1PPPNP/R1BQKB1R b KQkq -,1213,79,-1,-1500,-1500,59904,1,2,1000,0,0,61,2,25,159,840,1,-1.0,3.0,24.0,13.0,973.0,14.0,1000,0,0,38,36,2,74,7,2,2,2,1,1,5,2,2,2,1,1,0,0,0,0,0,0,0,0,0,0,1,0,0,0,0,0,0,0,0,0,1,1,1,0,0,0,0,0,0,0,0,0,0,1,0,0,0,0,0,0,0,0,0,0,1,0,0,0,0,0,0,0,0,0,0,0,0,0,0,0,0,0,0,0,0,0,0,0,0,0,0,0,0,0,0,0,0,0.0,0.0,0.0,0,0,0,0,0,0,0,0,0,0,0,48,1165,52777,53990,0,0,0.0,0.0,0.0,0,0.0,1,1,1,1,1,1,1,1
advantage middlegame short,b6b7 g2b7 f6d4 e3d4,3r1rk1/1q3ppp/4pb2/8/1P1N4/4P1P1/3B1PBP/R5K1 w - -,1041,79,1,388,414,1481664,1,55,1000,0,0,-401,2,17,0,0,1000,-431.0,3.0,25.0,0.0,0.0,1000.0,1000,0,0,19,26,-7,45,5,1,2,1,0,1,4,0,1,2,1,1,0,0,0,1,1,0,1,0,0,0,0,0,0,0,0,0,0,0,0,0,0,0,0,0,0,0,0,0,0,0,0,0,0,0,0,0,0,0,0,0,0,0,0,0,0,0,0,0,0,0,0,0,0,0,0,0,0,0,0,0,0,0,0,0,0,0,0,0,0,0,0,0,0,0,1,6,64,6.0,10.666666666666666,8.333333333333332,1,0,1,5,10,160,1,3,5,5,1,40,1448,52151,53639,2,71,0.025,0.0041436464088397,0.0012272056144656,175,2.464788732394366,0,1,1,1,1,1,1,1
crushing endgame fork short,d7c7 c5a6 b8b7 a6c7,1k5r/n1r3pp/5p2/ppN5/5P2/8/2R3PP/1R4K1 w - -,1430,78,1,412,413,300399,1,41,1000,0,0,-185,2,21,0,4,996,-291.0,3.0,21.0,0.0,0.0,1000.0,1000,0,0,16,18,-2,34,3,1,0,2,0,1,5,1,0,2,0,1,1,0,0,0,0,1,1,0,1,0,0,0,0,0,0,0,0,0,0,0,0,0,0,0,0,0,0,0,0,0,0,0,0,0,0,0,0,0,0,0,0,0,0,0,0,0,0,0,0,0,0,0,0,0,0,0,0,0,0,0,0,0,0,0,0,0,0,0,0,0,0,0,0,0,1,1,1,1.0,1.0,1.0,1,1,1,2,1,2,1,1,1,2,1,33,723,23477,24233,3,3,0.0303030303030303,0.0013831258644536,4.259488009541253e-05,5,1.6666666666666667,0,1,1,1,1,1,1,1
endgame long mate mateIn3,d4b4 c1c8 f6d8 c8d8 f7f8 d8f8,6k1/pp3rpp/4Nb2/4p3/1r6/6PK/PP5P/2R5 w - -,904,99,1,1500,1500,140388,1,6,1000,0,0,-477,2,17,0,0,1000,-555.0,3.0,25.0,0.0,0.0,1000.0,1000,0,0,12,18,-6,30,4,1,0,1,0,1,5,0,1,2,0,1,0,0,1,0,0,1,0,0,0,0,1,0,0,0,0,0,0,0,0,0,0,0,0,0,0,0,0,0,0,0,0,0,0,0,0,0,1,0,0,0,0,0,0,0,0,0,0,0,0,0,0,0,0,0,0,0,0,0,0,0,0,0,0,0,0,0,0,0,0,0,0,0,0,0,1,1,1,1.0,1.0,1.0,1,1,1,7,2,1,1,1,1,2,0,27,753,17958,18738,3,3,0.037037037037037,0.0013280212483399,5.568548836173293e-05,10,3.333333333333333,1,1,1,1,1,1,1,1
advantage fork middlegame short,g2g3 e5e4 d1f3 e4e8,r1b1B2k/pp4pp/2pb4/4q3/8/6P1/PPP4P/R2Q1R1K b - -,1910,77,-1,307,304,247824,1,26,1000,0,0,2,2,21,2,996,2,-85.0,3.0,25.0,0.0,724.0,276.0,1000,0,0,27,25,2,52,5,0,1,2,1,1,5,0,2,1,1,1,0,0,0,1,1,0,1,0,1,0,0,0,0,0,0,0,0,0,0,0,0,0,0,0,0,0,0,0,0,0,0,0,0,0,0,0,0,0,0,0,0,0,0,0,0,0,0,0,0,0,0,0,0,0,0,0,0,0,0,0,0,0,0,0,0,0,0,0,0,0,0,0,0,0,1,1,1,1.0,1.0,1.0,1,1,1,1,2,4,1,1,1,1,1,43,1575,65723,67341,3,3,0.0232558139534883,0.0006349206349206,1.521537361349908e-05,7,2.333333333333333,0,0,1,1,1,1,1,1
crushing endgame fork short,e7c7 c5d6 f3f4 d6c7,6rk/1pR3p1/6Bp/2b4P/8/pP3PK1/P1P5/8 b - -,856,109,-1,482,478,74381,1,22,1000,0,0,-240,2,18,0,0,1000,-430.0,3.0,17.0,0.0,0.0,1000.0,1000,0,0,13,12,1,25,5,0,1,1,0,1,4,0,1,1,0,1,1,0,0,0,0,1,1,0,1,0,0,0,0,0,0,0,0,0,0,0,0,0,0,0,0,0,0,0,0,0,0,0,0,0,0,0,0,0,0,0,0,0,0,0,0,0,0,0,0,0,0,0,0,0,0,0,0,0,0,0,0,0,0,0,0,0,0,0,0,0,0,0,0,0,1,6,6,6.0,1.0,3.5,1,0,6,1,6,6,1,2,1,3,1,18,410,7236,7664,7,13,0.0555555555555555,0.0146341463414634,0.0008291873963515,13,1.0,1,1,1,1,1,1,1,1
mate mateIn1 middlegame oneMove pillsburysMate,h1e1 e7e1,4r3/pp2rkp1/2p5/P2p2pP/R4bP1/2NQ4/1PP2P2/3KR3 b - -,409,94,-1,-1500,-1500,125239,1,2,1000,0,0,-611,2,31,0,0,1000,-635.0,3.0,38.0,0.0,0.0,1000.0,1000,0,0,28,19,9,47,6,1,0,2,1,1,6,0,1,2,0,1,0,0,0,1,0,0,0,0,0,0,1,0,0,0,0,0,0,0,0,0,1,1,0,0,0,0,0,0,0,0,0,0,0,0,0,0,0,0,0,0,0,0,0,0,0,0,0,0,0,1,0,0,0,0,0,0,0,0,0,0,0,0,0,0,0,0,0,0,0,0,0,0,0,0,0,0,0,0.0,0.0,0.0,0,0,0,0,0,0,0,0,0,0,0,33,1404,40880,42317,0,0,0.0,0.0,0.0,0,0.0,1,1,1,1,1,1,1,1
advantage endgame hangingPiece short,d7d4 c3d4 c2c1 a5e1,2r3k1/1p3ppp/4p3/Q7/3q4/P1B5/1Pr2PPP/R5K1 w - -,1828,167,1,501,493,85492,1,23,1000,0,0,-207,2,20,0,1,999,-447.0,3.0,21.0,0.0,0.0,1000.0,1000,0,0,22,24,-2,46,5,0,1,1,1,1,5,0,0,2,1,1,0,1,0,0,1,1,1,0,0,0,0,0,0,0,0,0,0,0,0,0,0,0,0,0,0,0,0,0,0,0,0,0,0,0,0,0,0,0,0,0,0,0,0,0,0,0,0,0,0,0,0,0,0,0,0,0,0,0,0,0,0,0,0,0,0,0,0,0,0,0,0,0,0,0,1,1,1,1.0,1.0,1.0,1,1,1,1,2,3,1,1,1,3,1,34,1586,53132,54752,3,3,0.0294117647058823,0.0006305170239596,1.8821049461717984e-05,6,2.0,1,1,1,1,1,1,1,1
crushing endgame long master pawnEndgame,c4d4 e6f5 h7h6 f5g6 d4e4 g6h6,8/7p/4K3/6p1/3k2P1/8/5P2/8 w - -,1471,76,1,525,519,70477,1,29,1000,0,0,0,2,29,1,998,1,0.0,3.0,22.0,1.0,998.0,1.0,1000,0,0,2,2,0,4,2,0,0,0,0,1,2,0,0,0,0,1,1,0,1,0,0,1,0,0,0,1,0,0,0,1,0,0,0,0,0,0,0,0,0,0,0,0,0,0,0,0,0,0,0,0,0,0,0,0,0,0,0,0,0,0,0,0,0,0,0,0,0,0,0,0,0,0,0,0,0,0,0,0,0,0,0,0,0,0,0,0,0,0,0,0,1,6,17,6.0,2.833333333333333,4.416666666666667,1,0,2,1,6,17,1,2,2,2,1,8,64,547,619,3,24,0.125,0.09375,0.0310786106032906,24,1.0,0,1,1,1,1,1,1,1
endgame exposedKing long mate mateIn3 rookEndgame,c2c1 d2d1 c1b2 d7d2 b2a3 d1a1,8/3r1ppp/4p3/k3P3/pR2R2P/2P5/3r1PP1/2K5 b - -,1014,97,-1,-1500,-1500,41328,1,6,1000,0,0,0,2,20,2,996,2,0.0,3.0,20.0,2.0,996.0,2.0,1000,0,0,15,15,0,30,5,0,0,2,0,1,5,0,0,2,0,1,0,0,1,0,0,1,0,1,0,0,1,0,0,0,0,0,0,0,1,0,0,0,0,0,0,0,0,0,0,0,0,0,0,0,0,0,1,0,0,0,0,0,0,0,0,0,0,0,0,0,0,0,0,0,0,0,0,0,0,0,0,0,0,0,0,0,0,0,0,0,0,0,0,0,1,1,1,1.0,1.0,1.0,1,1,1,1,1,5,1,1,1,2,0,27,615,14668,15310,3,3,0.037037037037037,0.0016260162601626,6.817562039814562e-05,7,2.333333333333333,0,0,0,1,1,1,1,1
endgame master mate mateIn1 oneMove,f2h2 h3f1,2k3r1/pp5p/4p3/2p2p2/2P5/P4P1q/1PQ1R2R/7K b - -,1048,76,-1,-1500,-1500,120050,1,2,1000,0,0,-282,2,33,0,0,1000,-359.0,3.0,27.0,0.0,0.0,1000.0,1000,0,0,23,20,3,43,4,0,0,2,1,1,6,0,0,1,1,1,0,0,0,0,0,1,0,0,0,0,1,0,0,1,0,0,0,0,0,0,1,1,0,0,0,0,0,0,0,0,0,0,0,0,0,0,0,0,0,0,0,0,0,0,0,0,0,0,0,0,0,0,0,0,0,0,0,0,0,0,0,0,0,0,0,0,0,0,0,0,0,0,0,0,0,0,0,0.0,0.0,0.0,0,0,0,0,0,0,0,0,0,0,0,32,653,19859,20544,0,0,0.0,0.0,0.0,0,0.0,1,1,1,1,1,1,1,1
mate mateIn2 opening short,f7f8 d1f3 f8e8 f3f7,r1bq1k1r/ppppn1pp/2n5/b5N1/4P3/B1P5/P4PPP/RN1QK2R w KQ -,1204,84,1,1500,1500,102514,1,4,1000,0,0,-221,2,22,0,4,996,-230.0,3.0,27.0,0.0,2.0,998.0,1000,0,0,34,37,-3,71,6,2,1,2,1,1,6,2,2,2,1,1,0,0,0,0,0,0,1,0,0,0,1,1,0,0,0,0,0,0,0,0,0,0,1,0,0,0,0,0,0,0,0,0,0,0,0,0,0,0,0,0,0,0,0,0,0,0,0,0,0,0,0,0,0,0,0,0,0,0,0,0,0,0,0,0,0,0,0,0,0,0,0,0,0,0,1,2,0,2.0,0.0,1.0,1,0,0,2,2,0,1,1,0,2,0,39,720,26369,27128,1,3,0.0256410256410256,0.0027777777777777,0.0,4,1.3333333333333333,1,1,1,1,1,1,1,1
backRankMate hangingPiece mate mateIn1 middlegame oneMove,g1h1 f5f1,r1bk4/pppp3p/2n5/2b1prN1/8/1B6/PPPP2PP/RNB2R1K b - -,597,88,-1,-1500,-1500,47372,1,2,1000,0,0,-295,2,31,0,0,1000,-368.0,3.0,17.0,0.0,0.0,1000.0,1000,0,0,28,25,3,53,6,2,2,2,0,1,6,1,2,2,0,1,0,1,0,1,0,0,0,0,0,0,1,0,0,0,0,0,0,0,0,0,1,1,0,0,0,1,0,0,0,0,0,0,0,0,0,0,0,0,0,0,0,0,0,0,0,0,0,0,0,0,0,0,0,0,0,0,0,0,0,0,0,0,0,0,0,0,0,0,0,0,0,0,0,0,0,0,0,0.0,0.0,0.0,0,0,0,0,0,0,0,0,0,0,0,35,1051,33213,34299,0,0,0.0,0.0,0.0,0,0.0,1,1,1,1,1,1,1,1
advancedPawn crushing endgame long master sacrifice,e6e5 c5b6 c6c1 b6b7 c1e1 e3d2,8/8/1pr3kp/pbPpp1pN/3Pp1P1/1P2K3/P6P/2R5 w - -,2097,76,1,270,392,394798,1,48,1000,0,0,-157,2,17,0,25,975,-251.0,3.0,23.0,0.0,0.0,1000.0,1000,0,0,14,15,-1,29,6,1,0,1,0,1,7,0,1,1,0,1,1,0,1,0,0,1,0,0,0,0,0,0,0,1,0,0,0,0,0,0,0,0,0,0,0,0,0,1,0,0,0,0,0,1,0,0,0,0,0,0,0,0,0,0,0,0,0,0,0,0,0,0,0,0,0,0,0,0,0,0,0,0,0,0,0,0,0,0,0,0,0,0,0,0,0,0,0,0.0,0.0,0.0,0,0,0,0,0,0,0,0,0,0,0,23,392,8481,8896,0,0,0.0,0.0,0.0,0,0.0,0,1,1,1,1,1,1,1
mate mateIn1 middlegame oneMove,f7f6 e7e8,5k1r/p3R1bp/3N1pp1/4nbB1/2P5/3rP3/q4PPP/3Q1RK1 w - -,1132,76,1,1500,1500,206564,1,2,1000,0,0,-41,2,34,0,963,37,-46.0,3.0,32.0,0.0,954.0,46.0,1000,0,0,30,32,-2,62,5,1,1,2,1,1,4,1,2,2,1,1,0,0,0,1,0,0,0,0,0,0,1,0,0,0,0,0,0,0,0,0,1,1,0,0,0,0,0,0,0,0,0,0,0,0,0,0,0,0,0,0,0,0,0,0,0,0,0,0,0,0,0,0,0,0,0,0,0,0,0,0,0,0,0,0,0,0,0,0,0,0,0,0,0,0,0,0,0,0.0,0.0,0.0,0,0,0,0,0,0,0,0,0,0,0,43,1742,70038,71823,0,0,0.0,0.0,0.0,0,0.0,1,1,1,1,1,1,1,1
crushing endgame long rookEndgame,e5f5 f7f5 g4f5 d3e2 f2f1q e2f1,8/5R2/P7/2p2r2/2Pp2k1/3K4/5p2/8 w - -,1695,78,1,562,574,296969,1,46,1000,0,0,-517,2,26,0,0,1000,-1008.0,3.0,35.0,0.0,0.0,1000.0,1000,0,0,7,8,-1,15,2,0,0,1,0,1,3,0,0,1,0,1,1,0,1,0,0,1,0,1,0,0,0,0,0,0,0,0,0,0,0,0,0,0,0,0,0,0,0,0,0,0,0,0,0,0,0,0,0,0,0,0,0,0,0,0,0,0,0,0,0,0,0,0,0,0,0,0,0,0,0,0,0,0,0,0,0,0,0,0,0,0,0,0,0,0,1,7,9,7.0,1.2857142857142858,4.142857142857143,1,0,5,2,7,25,1,2,2,3,1,15,265,3703,3983,6,17,0.0666666666666666,0.0264150943396226,0.0024304617877396,34,2.0,0,1,1,1,1,1,1,1
crushing long middlegame,d8c7 e2c4 g8h8 c3d5 c6d5 c4c7,r4rk1/p1q1b1pp/2p5/4ppB1/4p1nP/2N5/PPP1QPP1/3R1RK1 w - -,1857,76,1,340,295,120278,1,33,1000,0,0,15,2,18,9,989,2,-64.0,3.0,27.0,0.0,878.0,122.0,1000,0,0,31,32,-1,63,6,1,1,2,1,1,7,1,1,2,1,1,1,0,1,1,0,0,0,0,0,0,0,0,0,0,0,0,0,0,0,0,0,0,0,0,0,0,0,0,0,0,0,0,0,0,0,0,0,0,0,0,0,0,0,0,0,0,0,0,0,0,0,0,0,0,0,0,0,0,0,0,0,0,0,0,0,0,0,0,0,0,0,0,0,0,1,1,1,1.0,1.0,1.0,1,1,1,2,1,2,1,1,1,3,1,43,1679,71123,72845,3,3,0.0232558139534883,0.0005955926146515,1.4060149318785766e-05,5,1.6666666666666667,0,0,1,1,1,1,1,1
crushing fork intermezzo middlegame short,g2f4 g6e4 h1g1 f8f4,1k1r1r2/pp4p1/6q1/2Qp4/5NP1/2P4p/PPN4P/R4R1K b - -,1467,76,-1,339,442,156310,1,35,1000,0,0,-288,2,14,0,0,1000,-373.0,3.0,15.0,0.0,0.0,1000.0,1000,0,0,30,24,6,54,5,2,0,2,1,1,5,0,0,2,1,1,1,0,0,1,0,0,1,0,1,0,0,0,0,0,0,0,0,0,0,0,0,0,0,0,0,0,0,0,0,0,0,0,0,0,0,0,0,0,0,0,0,0,0,0,0,0,0,1,0,0,0,0,0,0,0,0,0,0,0,0,0,0,0,0,0,0,0,0,0,0,0,0,0,0,1,1,1,1.0,1.0,1.0,1,1,1,2,2,1,1,1,1,2,1,34,1601,50350,51985,3,3,0.0294117647058823,0.0006246096189881,1.9860973187686195e-05,5,1.6666666666666667,1,0,1,1,1,1,1,1
endgame,b5d5 b6b7 d5d8 a6a8,8/8/RP4p1/3r1pkp/P1n1p3/6P1/6P1/4K3 w - -,1054,82,1,393,411,187898,1,40,1000,0,0,-265,2,17,0,0,1000,-436.0,3.0,21.0,0.0,0.0,1000.0,1000,0,0,9,12,-3,21,4,0,0,1,0,1,4,1,0,1,0,1,0,0,0,0,0,1,0,0,0,0,0,0,0,0,0,0,0,0,0,0,0,0,0,0,0,0,0,0,0,0,0,0,0,0,0,0,0,0,0,0,0,0,0,0,0,0,0,0,0,0,0,0,0,0,0,0,0,0,0,0,0,0,0,0,0,0,0,0,0,0,0,0,0,0,1,1,1,1.0,1.0,1.0,1,1,1,1,2,1,1,1,1,2,1,9,228,2613,2850,3,3,0.1111111111111111,0.0043859649122807,0.0003827018752391,4,1.3333333333333333,0,1,1,1,1,1,1,1
crushing middlegame short,c1g5 e7e6 e2f4 e5f4,1r3rk1/pP2qppp/1b3n2/1Q2p1B1/4P3/2NP1bP1/PP2NP1P/R4RK1 b - -,2013,77,-1,413,425,1329628,1,43,1000,0,0,85,2,26,329,671,0,32.0,3.0,29.0,36.0,962.0,2.0,1000,0,0,36,33,3,69,8,2,1,2,1,1,5,1,2,2,1,1,1,0,0,1,0,0,1,0,0,0,0,0,0,0,0,0,0,0,0,0,0,0,0,0,0,0,0,0,0,0,0,0,0,0,0,0,0,0,0,0,0,0,0,0,0,0,0,0,0,0,0,0,0,0,0,0,0,0,0,0,0,0,0,0,0,0,0,0,0,0,0,0,0,0,1,6,6,6.0,1.0,3.5,1,0,6,1,9,18,1,2,1,2,1,43,1839,77055,78937,7,13,0.0232558139534883,0.0032626427406199,7.786645902277594e-05,28,2.1538461538461537,1,1,1,1,1,1,1,1
mate mateIn1 middlegame oneMove,f4e3 e1c1,3r1b1r/2pn4/1p1p3p/2kP2qn/Q3P3/4pp2/1P4PP/4R1K1 w - -,1291,76,1,1500,1500,115872,1,2,1000,0,0,-404,2,24,0,0,1000,-489.0,3.0,27.0,0.0,0.0,1000.0,1000,0,0,19,34,-15,53,5,0,0,1,1,1,6,2,1,2,1,1,0,0,0,1,0,0,0,0,0,0,1,0,0,0,0,0,0,0,0,0,1,1,0,0,0,0,0,0,0,0,0,0,0,0,0,0,0,0,0,0,0,0,0,0,0,0,0,0,0,0,0,0,0,0,0,0,0,0,0,0,0,0,0,0,0,0,0,0,0,0,0,0,0,0,0,0,0,0.0,0.0,0.0,0,0,0,0,0,0,0,0,0,0,0,32,763,21233,22028,0,0,0.0,0.0,0.0,0,0.0,1,1,1,1,1,1,1,1
advantage long middlegame,c3e4 e6d5 e4g5 e5g5 d2g5 d5b7,r6r/pQ2nkpp/4b3/2p1q3/4N3/8/PP1B1PPP/R4RK1 b - -,1710,74,-1,294,291,196569,1,32,1000,0,0,-222,2,22,0,1,999,-314.0,3.0,19.0,0.0,0.0,1000.0,1000,0,0,30,29,1,59,5,1,1,2,1,1,4,1,1,2,1,1,0,0,1,1,1,0,0,0,0,0,0,0,0,0,0,0,0,0,0,0,0,0,0,0,0,0,0,0,0,0,0,0,0,0,0,0,0,0,0,0,0,0,0,0,0,0,0,0,0,0,0,0,0,0,0,0,0,0,0,0,0,0,0,0,0,0,0,0,0,0,0,0,0,0,1,3,5,3.0,1.6666666666666667,2.333333333333333,1,0,2,1,5,11,1,2,2,4,1,47,2188,94944,97179,3,9,0.0212765957446808,0.0013711151736745,5.2662622177283454e-05,17,1.8888888888888888,0,1,1,1,1,1,1,1
endgame mate mateIn1 oneMove rookEndgame,e6e7 h2h1,6k1/4P3/p5p1/8/8/2P3PP/1r5r/R3RK2 b - -,1549,77,-1,-1500,-1500,8502,1,2,1000,0,0,0,2,7,2,996,2,0.0,3.0,13.0,2.0,996.0,2.0,1000,0,0,14,12,2,26,4,0,0,2,0,1,2,0,0,2,0,1,0,0,0,0,0,1,0,1,0,0,1,0,0,0,0,0,0,0,0,0,1,1,0,0,0,0,0,0,0,0,0,0,0,0,0,0,0,0,0,0,0,0,0,0,0,0,0,0,0,0,0,0,0,0,0,0,0,0,0,0,0,0,0,0,0,0,0,0,0,0,0,0,0,0,0,0,0,0.0,0.0,0.0,0,0,0,0,0,0,0,0,0,0,0,26,532,12251,12809,0,0,0.0,0.0,0.0,0,0.0,1,1,1,1,1,1,1,1
crushing endgame long pawnEndgame quietMove zugzwang,d7e6 b3b4 e6e7 b4b5 c6b5 c4b5,8/8/1pp1k1p1/4Pp1p/2PK1P1P/pP6/P7/8 w - -,2131,81,1,193,261,291595,1,33,1000,0,0,4,2,27,2,997,1,4.0,3.0,25.0,2.0,997.0,1.0,1000,0,0,6,6,0,12,6,0,0,0,0,1,6,0,0,0,0,1,1,0,1,0,0,1,0,0,0,1,0,0,0,0,0,0,0,1,0,0,0,0,0,0,1,0,0,0,0,0,0,0,0,0,0,0,0,0,0,0,0,0,0,0,0,0,0,0,0,0,0,0,0,0,0,0,0,0,0,0,0,0,0,0,0,0,0,0,0,0,0,0,0,0,1,4,7,4.0,1.75,2.875,1,0,3,1,4,7,1,2,2,2,1,5,30,222,257,4,12,0.2,0.1333333333333333,0.0315315315315315,12,1.0,0,0,1,1,1,1,1,1
advantage opening short,g4h6 c1h6 f8h6 h1h6,rnbqkb1r/pp3p1p/6pn/P1ppp3/8/3P1P2/1PP1P1P1/RNBQKBNR w KQkq -,1243,78,1,251,241,144887,1,28,996,4,0,-46,2,27,3,892,105,-125.0,3.0,21.0,0.0,269.0,731.0,997,3,0,38,39,-1,77,7,2,2,2,1,1,8,2,2,2,1,1,0,0,0,0,1,0,1,0,0,0,0,0,0,0,0,0,0,0,0,0,0,0,1,0,0,0,0,0,0,0,0,0,0,0,0,0,0,0,0,0,0,0,0,0,0,0,0,0,0,0,0,0,0,0,0,0,0,0,0,0,0,0,0,0,0,0,0,0,0,0,0,0,0,0,1,7,61,7.0,8.714285714285714,7.857142857142857,1,0,1,5,11,120,1,3,6,6,1,31,1082,33160,34273,2,69,0.032258064516129,0.0064695009242144,0.0018395657418576,136,1.9710144927536235,1,1,1,1,1,1,1,1
endgame mate mateIn1 oneMove,g2f3 a4e4,8/4k2p/Q1p1p3/p2pP1r1/q7/P4K1P/1P3P2/2R2R2 b - -,1355,98,-1,-1500,-1500,102935,1,2,1000,0,0,-184,2,21,0,4,996,-243.0,3.0,30.0,0.0,0.0,1000.0,1000,0,0,24,19,5,43,5,0,0,2,1,1,5,0,0,1,1,1,0,0,0,0,0,1,0,0,0,0,1,0,0,0,0,0,0,0,0,0,1,1,0,0,0,0,0,0,0,0,0,0,0,0,0,0,0,0,0,0,0,0,0,0,0,0,0,0,0,0,0,0,0,0,0,0,0,0,0,0,0,0,0,0,0,0,0,0,0,0,0,0,0,0,0,0,0,0.0,0.0,0.0,0,0,0,0,0,0,0,0,0,0,0,31,690,19636,20357,0,0,0.0,0.0,0.0,0,0.0,1,1,1,1,1,1,1,1
crushing discoveredAttack endgame short,c2c4 f8b4 d2d3 d8h8,2kr1b1R/p5p1/8/3P1p2/2P5/4B3/PP1K1P2/8 b - -,909,77,-1,279,289,133509,1,22,1000,0,0,-42,2,19,0,977,23,-421.0,3.0,21.0,0.0,0.0,1000.0,1000,0,0,13,11,2,24,5,0,1,1,0,1,3,0,1,1,0,1,1,0,0,0,0,1,1,0,0,0,0,0,0,0,0,0,0,0,0,0,0,0,0,0,0,0,1,0,0,0,0,0,0,0,0,0,0,0,0,0,0,0,0,0,0,0,0,0,0,0,0,0,0,0,0,0,0,0,0,0,0,0,0,0,0,0,0,0,0,0,0,0,0,0,1,3,3,3.0,1.0,2.0,1,0,3,4,3,12,1,1,1,3,1,18,506,9595,10119,4,7,0.0555555555555555,0.0059288537549407,0.0003126628452318,19,2.7142857142857144,1,1,1,1,1,1,1,1
advantage defensiveMove endgame long,a2a7 a8a7 a1a7 e5e1 d3f1 c8f5,r1b5/R4pkp/3p2p1/2pPr3/2P5/1P1B4/5PPP/R5K1 b - -,1567,75,-1,361,382,1069871,1,51,1000,0,0,5,2,21,2,997,1,-49.0,3.0,16.0,0.0,966.0,34.0,1000,0,0,19,18,1,37,6,0,1,2,0,1,5,0,1,2,0,1,0,0,1,0,1,1,0,0,0,0,0,0,0,0,0,0,0,0,0,0,0,0,0,0,0,0,0,0,0,0,0,0,0,0,0,0,0,0,0,0,0,0,1,0,0,0,0,0,0,0,0,0,0,0,0,0,0,0,0,0,0,0,0,0,0,0,0,0,0,0,0,0,0,0,1,1,31,1.0,31.0,16.0,1,1,0,1,1,66,1,1,4,4,1,28,978,28007,29013,2,33,0.0357142857142857,0.0010224948875255,0.0011068661406077,68,2.060606060606061,1,0,0,1,1,1,1,1
crushing fork master middlegame veryLong,g2f3 f8f4 d4g7 h8h7 e1e5 d7e5 g7e5 c7e5 f1e1 f4f3,r4q1k/2bn2p1/2p3pp/1pP5/1P1B2P1/1Q1P1B1P/5P2/4RRK1 b - -,2411,98,-1,284,307,231782,1,38,1000,0,0,-309,2,24,0,0,1000,-418.0,3.0,25.0,0.0,0.0,1000.0,1000,0,0,31,25,6,56,6,0,2,2,1,1,5,1,1,1,1,1,1,0,0,1,0,0,0,0,1,0,0,0,0,1,0,0,1,0,0,0,0,0,0,0,0,0,0,0,0,0,0,0,0,0,0,0,0,0,0,0,0,0,0,0,0,0,0,0,0,0,0,0,0,0,0,0,0,0,0,0,0,0,0,0,0,0,0,0,0,0,0,0,0,0,1,37,110,37.0,2.972972972972973,19.986486486486488,1,0,12,4,72,298,1,5,5,6,1,41,1676,61237,62954,13,148,0.024390243902439,0.0220763723150358,0.001796299622777,374,2.527027027027027,0,1,0,1,1,1,1,1
advancedPawn crushing endgame short,e6e4 b4b3 e4g4 b3b2,8/1k6/1pn5/8/Pp2R1p1/4P3/5PK1/8 b - -,1220,168,-1,462,453,103749,1,24,1000,0,0,-29,2,26,0,991,9,-230.0,3.0,28.0,0.0,0.0,1000.0,1000,0,0,8,6,2,14,3,0,0,1,0,1,3,1,0,0,0,1,1,0,0,0,0,1,1,0,0,0,0,0,0,0,0,0,0,0,0,0,0,0,0,0,0,0,0,0,0,0,0,0,0,1,0,0,0,0,0,0,0,0,0,0,0,0,0,0,0,0,0,0,0,0,0,0,0,0,0,0,0,0,0,0,0,0,0,0,0,0,0,0,0,0,1,4,4,4.0,1.0,2.5,1,0,4,1,9,4,1,1,1,2,1,16,270,3729,4015,5,9,0.0625,0.0148148148148148,0.0010726736390453,14,1.5555555555555556,0,1,1,1,1,1,1,1
endgame mate mateIn2 short,f8f7 f5h7 f7f8 g4g8,8/p1p2k2/1r2rp2/3p1Q2/2qP2R1/2P4P/6PK/4q3 w - -,1369,78,1,1500,1500,321326,1,4,1000,0,0,-333,2,24,0,0,1000,-623.0,3.0,32.0,0.0,0.0,1000.0,1000,0,0,18,32,-14,50,4,0,0,1,1,1,4,0,0,2,2,1,0,0,0,0,0,1,1,0,0,0,1,1,0,0,0,0,0,0,0,0,0,0,0,0,0,0,0,0,0,0,0,0,0,0,0,0,0,0,0,0,0,0,0,0,0,0,0,0,0,0,0,0,0,0,0,0,0,0,0,0,0,0,0,0,0,0,0,0,0,0,0,0,0,0,1,2,0,2.0,0.0,1.0,1,0,0,2,2,0,1,1,0,2,0,26,1091,25457,26574,1,3,0.0384615384615384,0.0018331805682859,0.0,4,1.3333333333333333,1,1,1,1,1,1,1,1
advantage defensiveMove enPassant endgame long pawnEndgame,c5b5 c3d4 c7c5 d5c6 b5c6 d4c4,8/2p5/5ppp/1k1P4/p4PPP/P1K5/8/8 w - -,2742,98,1,338,369,345324,1,55,1000,0,0,-82,2,23,0,768,232,-168.0,3.0,32.0,0.0,11.0,989.0,1000,0,0,5,5,0,10,5,0,0,0,0,1,5,0,0,0,0,1,0,0,1,0,1,1,0,0,0,1,0,0,0,0,0,0,0,0,0,0,0,0,0,0,0,0,0,0,0,0,0,0,0,0,0,0,0,0,0,0,0,0,1,0,0,0,0,0,0,0,0,0,0,0,0,0,0,0,0,0,0,1,0,0,0,0,0,0,0,0,0,0,0,0,1,2,3,2.0,1.5,1.75,1,0,1,1,3,3,1,2,2,2,1,9,86,887,982,2,6,0.1111111111111111,0.0232558139534883,0.0033821871476888,7,1.1666666666666667,0,1,0,1,1,1,1,1
crushing defensiveMove deflection endgame veryLong,a6c5 a2a8 g8h7 e5f7 b5b2 a8h8 h7g6 h8g8 g6f6 f3h5,6k1/5pp1/4p2p/1qnpN3/8/4PB1P/Q4PPK/2r5 w - -,2816,116,1,169,177,154320,1,44,993,7,0,-78,2,25,0,811,189,-310.0,3.0,21.0,0.0,0.0,1000.0,994,6,0,19,22,-3,41,4,1,1,0,1,1,5,1,0,1,1,1,1,0,0,0,0,1,0,0,0,0,0,0,0,0,0,0,1,0,0,0,0,0,0,0,0,0,0,0,0,0,1,0,0,0,0,0,0,0,0,0,0,0,1,0,0,0,0,0,0,0,0,0,0,0,0,0,0,0,0,0,0,0,0,0,0,0,0,0,0,0,0,0,0,0,0,0,0,0.0,0.0,0.0,0,0,0,0,0,0,0,0,0,0,0,33,1357,42851,44241,0,0,0.0,0.0,0.0,0,0.0,0,0,0,0,0,1,1,1
advantage endgame queensideAttack short,d6e6 b3e6 d7e6 d1d8,1k1r4/pp1b4/2p1qp1p/6p1/8/1Q4P1/PP3PBP/3R2K1 w - -,1214,76,1,465,514,418917,1,32,1000,0,0,0,2,23,2,996,2,-50.0,3.0,17.0,0.0,961.0,39.0,1000,0,0,22,23,-1,45,5,0,1,1,1,1,6,0,1,1,1,1,0,0,0,0,1,1,1,0,0,0,0,0,0,0,0,0,0,0,0,0,0,0,0,0,0,0,0,0,0,0,0,0,0,0,0,0,0,0,0,1,0,0,0,0,0,0,0,0,0,0,0,0,0,0,0,0,0,0,0,0,0,0,0,0,0,0,0,0,0,0,0,0,0,0,1,1,1,1.0,1.0,1.0,1,1,1,3,1,6,1,1,1,3,1,41,1345,53300,54686,3,3,0.024390243902439,0.0007434944237918,1.876172607879925e-05,10,3.333333333333333,1,1,1,1,1,1,1,1
backRankMate endgame mate mateIn2 short,d6a6 e7e8 h8e8 e1e8,1k5r/ppp1R2p/r4p2/5Q2/3p4/2qP4/2P2PPP/2K1R3 w - -,1029,83,1,1500,1500,129086,1,4,1000,0,0,-91,2,28,0,647,353,-592.0,3.0,34.0,0.0,0.0,1000.0,1000,0,0,24,25,-1,49,5,0,0,2,1,1,6,0,0,2,1,1,0,0,0,0,0,1,1,0,0,0,1,1,0,0,0,0,0,0,0,0,0,0,0,0,0,1,0,0,0,0,0,0,0,0,0,0,0,0,0,0,0,0,0,0,0,0,0,0,0,0,0,0,0,0,0,0,0,0,0,0,0,0,0,0,0,0,0,0,0,0,0,0,0,0,1,1,0,1.0,0.0,0.5,1,1,0,1,3,0,1,1,0,1,0,46,1525,52853,54424,2,2,0.0217391304347826,0.000655737704918,0.0,4,2.0,1,1,1,1,1,1,1,1
advantage long middlegame,e7c5 d5c7 c5e3 c7e6 e3f2 g1f2,3r2k1/2q2ppp/b3n3/p1bN4/2p1P3/P3QN2/1PP2PPP/4R1K1 w - -,1616,77,1,243,250,96929,1,39,1000,0,0,-291,2,22,0,0,1000,-297.0,3.0,17.0,0.0,0.0,1000.0,1000,0,0,27,28,-1,55,7,2,0,1,1,1,5,1,2,1,1,1,0,0,1,1,1,0,0,0,0,0,0,0,0,0,0,0,0,0,0,0,0,0,0,0,0,0,0,0,0,0,0,0,0,0,0,0,0,0,0,0,0,0,0,0,0,0,0,0,0,0,0,0,0,0,0,0,0,0,0,0,0,0,0,0,0,0,0,0,0,0,0,0,0,0,1,1,1,1.0,1.0,1.0,1,1,1,2,2,2,1,1,1,2,1,40,1785,69867,71692,3,3,0.025,0.0005602240896358,1.4312908812457957e-05,6,2.0,0,1,1,1,1,1,1,1
crushing endgame fork short,f3e4 f5g3 e4f4 g3h1,3k4/ppp2p1r/4p2P/5n2/3PK1N1/2P5/P1P3P1/7R b - -,863,89,-1,335,411,329405,1,25,1000,0,0,-177,2,20,0,7,993,-218.0,3.0,20.0,0.0,0.0,1000.0,1000,0,0,14,13,1,27,6,1,0,1,0,1,5,1,0,1,0,1,1,0,0,0,0,1,1,0,1,0,0,0,0,0,0,0,0,0,0,0,0,0,0,0,0,0,0,0,0,0,0,0,0,0,0,0,0,0,0,0,0,0,0,0,0,0,0,0,0,0,0,0,0,0,0,0,0,0,0,0,0,0,0,0,0,0,0,0,0,0,0,0,0,0,1,4,4,4.0,1.0,2.5,1,0,4,2,4,8,1,1,1,2,1,23,549,12224,12796,5,9,0.0434782608695652,0.0072859744990892,0.00032722513089,14,1.5555555555555556,1,1,1,1,1,1,1,1
advancedPawn crushing endgame knightEndgame short,c5a6 c4c3 b3b4 c3c2,8/8/N1k5/p7/2p5/1P4P1/P6P/6K1 b - -,1596,75,-1,454,478,100477,1,22,1000,0,0,-394,2,16,0,0,1000,-463.0,3.0,17.0,0.0,0.0,1000.0,1000,0,0,7,2,5,9,4,1,0,0,0,1,2,0,0,0,0,1,1,0,0,0,0,1,1,0,0,0,0,0,0,0,0,0,0,0,0,0,0,0,0,0,0,0,0,0,0,0,0,0,0,1,0,0,0,0,0,0,1,0,0,0,0,0,0,0,0,0,0,0,0,0,0,0,0,0,0,0,0,0,0,0,0,0,0,0,0,0,0,0,0,0,1,3,10,3.0,3.333333333333333,3.166666666666667,1,0,1,1,4,10,1,2,2,3,1,9,133,1092,1234,2,14,0.1111111111111111,0.0225563909774436,0.0091575091575091,15,1.0714285714285714,0,1,1,1,1,1,1,1
endgame mate mateIn2 short,g1f1 f6a1 a5e1 e7e1,8/1p2rppk/5q1p/Q4R2/2P5/PP5P/5PP1/5K2 b - -,805,77,-1,-1500,-1500,56590,1,4,1000,0,0,-48,2,23,0,967,33,-197.0,3.0,27.0,0.0,2.0,998.0,1000,0,0,20,18,2,38,6,0,0,1,1,1,4,0,0,1,1,1,0,0,0,0,0,1,1,0,0,0,1,1,0,0,0,0,0,0,0,0,0,0,0,0,0,0,0,0,0,0,0,0,0,0,0,0,0,0,0,0,0,0,0,0,0,0,0,0,0,0,0,0,0,0,0,0,0,0,0,0,0,0,0,0,0,0,0,0,0,0,0,0,0,0,1,1,0,1.0,0.0,0.5,1,1,0,5,4,0,1,1,0,1,0,31,949,30143,31123,2,2,0.032258064516129,0.0010537407797681,0.0,9,4.5,0,0,0,0,0,1,0,1
advantage middlegame short,a8d8 d3d8 c7d8 d1d8,3rk1nr/p1q3pp/1pb1p3/2b2p2/8/N1BQ1P2/PPP3PP/2KR3R w k -,612,96,1,362,380,321818,1,37,1000,0,0,-142,2,19,0,96,904,-291.0,3.0,16.0,0.0,0.0,1000.0,1000,0,0,31,34,-3,65,6,1,1,2,1,1,6,1,2,2,1,1,0,0,0,1,1,0,1,0,0,0,0,0,0,0,0,0,0,0,0,0,0,0,0,0,0,0,0,0,0,0,0,0,0,0,0,0,0,0,0,0,0,0,0,0,0,0,0,0,0,0,0,0,0,0,0,0,0,0,0,0,0,0,0,0,0,0,0,0,0,0,0,0,0,0,1,1,1,1.0,1.0,1.0,1,1,1,5,1,7,1,1,1,2,1,41,1966,77629,79636,3,3,0.024390243902439,0.0005086469989827,1.288178386943024e-05,13,4.333333333333333,0,1,1,1,1,1,1,1
advantage attraction endgame fork long,e2c2 c8c2 b3c2 d5e3 c2d3 e3d1,2rr2k1/5ppp/p7/1p1nP3/1B1P1PP1/PK5P/2R5/3R4 b - -,1542,78,-1,343,396,634915,1,42,1000,0,0,-120,2,23,0,215,785,-140.0,3.0,26.0,0.0,68.0,932.0,1000,0,0,19,18,1,37,6,0,1,2,0,1,5,1,0,2,0,1,0,0,1,0,1,1,0,0,1,0,0,0,0,0,0,0,0,0,0,0,0,0,0,0,0,0,0,0,0,0,0,0,0,0,1,0,0,0,0,0,0,0,0,0,0,0,0,0,0,0,0,0,0,0,0,0,0,0,0,0,0,0,0,0,0,0,0,0,0,0,0,0,0,0,1,1,1,1.0,1.0,1.0,1,1,1,6,1,2,1,1,1,3,1,28,997,28517,29542,3,3,0.0357142857142857,0.0010030090270812,3.506680225830207e-05,9,3.0,0,1,1,1,1,1,1,1
mate mateIn1 oneMove opening,h2h3 g4g1,2kr2nr/pp2nppp/2pp4/2b2PP1/4NPq1/3B1R1P/PPP5/R2QB2K b - -,1055,103,-1,-1500,-1500,72041,1,2,1000,0,0,-125,2,22,0,234,766,-239.0,3.0,27.0,0.0,1.0,999.0,1000,0,0,35,35,0,70,7,1,2,2,1,1,7,2,1,2,1,1,0,0,0,0,0,0,0,0,0,0,1,0,0,0,0,0,0,0,0,0,1,1,1,0,0,0,0,0,0,0,0,0,0,0,0,0,0,0,0,0,0,0,0,0,0,0,0,0,0,0,0,0,0,0,0,0,0,0,0,0,0,0,0,0,0,0,0,0,0,0,0,0,0,0,0,0,0,0.0,0.0,0.0,0,0,0,0,0,0,0,0,0,0,0,37,1313,47841,49191,0,0,0.0,0.0,0.0,0,0.0,1,1,1,1,1,1,1,1
advantage deflection discoveredAttack long middlegame pin,b2b4 d4e2 g1h1 c5f2 c3g7 f8g7,r4k2/ppp3p1/3p3r/2q5/1PNnP3/2Q2PBp/P4R1P/5RK1 b - -,1948,82,-1,318,327,605491,1,41,1000,0,0,-485,2,18,0,0,1000,-580.0,3.0,17.0,0.0,0.0,1000.0,1000,0,0,30,28,2,58,5,1,1,2,1,1,6,1,0,2,1,1,0,0,1,1,1,0,0,0,0,0,0,0,0,0,0,0,0,0,0,0,0,0,0,1,0,0,1,0,0,0,1,0,0,0,0,0,0,0,0,0,0,0,0,0,0,0,0,0,0,0,0,0,0,0,0,0,0,0,0,0,0,0,0,0,0,0,0,0,0,0,0,0,0,0,1,1,1,1.0,1.0,1.0,1,1,1,2,1,3,1,1,1,3,1,42,1566,63617,65225,3,3,0.0238095238095238,0.0006385696040868,1.571906880236415e-05,6,2.0,0,1,1,1,1,1,1,1
mate mateIn2 middlegame short,g7h8 f4f8 d8f8 f1f8,3r1r1k/p6p/1p4pP/2p5/2PbBQ2/2q5/P1P1K3/5R2 w - -,974,84,1,1500,1500,70513,1,4,1000,0,0,-693,2,21,0,0,1000,-802.0,3.0,20.0,0.0,0.0,1000.0,1000,0,0,21,27,-6,48,4,0,1,1,1,1,5,0,1,2,1,1,0,0,0,1,0,0,1,0,0,0,1,1,0,0,0,0,0,0,0,0,0,0,0,0,0,0,0,0,0,0,0,0,0,0,0,0,0,0,0,0,0,0,0,0,0,0,0,0,0,0,0,0,0,0,0,0,0,0,0,0,0,0,0,0,0,0,0,0,0,0,0,0,0,0,1,1,0,1.0,0.0,0.5,1,1,0,4,2,0,1,1,0,2,0,40,1459,46275,47774,2,2,0.025,0.0006854009595613,0.0,6,3.0,1,1,1,1,1,1,1,1
advantage fork long opening,c2c4 f5b1 a1b1 d8a5 b3b4 a5a3,r2qkb1r/pp1nppp1/2p2n1p/3p1b2/2PP4/BP2PN2/P4PPP/RN1QKB1R b KQkq -,1867,72,-1,296,323,392826,1,36,1000,0,0,33,2,17,72,922,6,31.0,3.0,22.0,67.0,927.0,6.0,1000,0,0,39,39,0,78,8,2,2,2,1,1,8,2,2,2,1,1,0,0,1,0,1,0,0,0,1,0,0,0,0,0,0,0,0,0,0,0,0,0,1,0,0,0,0,0,0,0,0,0,0,0,0,0,0,0,0,0,0,0,0,0,0,0,0,0,0,0,0,0,0,0,0,0,0,0,0,0,0,0,0,0,0,0,0,0,0,0,0,0,0,0,1,2,2,2.0,1.0,1.5,1,0,2,4,3,6,1,2,1,3,1,38,1149,42934,44121,3,5,0.0263157894736842,0.0017406440382941,4.658312759118648e-05,13,2.6,0,0,1,1,1,1,1,1
advantage endgame fork short,e2d3 c5d5 a8f8 d5d3,r6k/6bp/p7/2Q5/8/3b1P2/5KPP/8 w - -,1296,84,1,384,391,169560,1,28,1000,0,0,20,2,20,6,994,0,7.0,3.0,21.0,2.0,997.0,1.0,1000,0,0,12,13,-1,25,3,0,0,0,1,1,2,0,2,1,0,1,0,0,0,0,1,1,1,0,1,0,0,0,0,0,0,0,0,0,0,0,0,0,0,0,0,0,0,0,0,0,0,0,0,0,0,0,0,0,0,0,0,0,0,0,0,0,0,0,0,0,0,0,0,0,0,0,0,0,0,0,0,0,0,0,0,0,0,0,0,0,0,0,0,0,1,3,3,3.0,1.0,2.0,1,0,3,1,7,9,1,1,1,2,1,32,823,23550,24405,4,7,0.03125,0.0036452004860267,0.0001273885350318,17,2.4285714285714284,0,1,1,1,1,1,1,1
kingsideAttack mate mateIn1 middlegame oneMove,f2g2 d3h7,r4rk1/pbp1n1pp/1p1p4/3Pp1N1/2B4P/2PQ4/PP4q1/R2K3R w - -,857,133,1,1500,1500,77253,1,2,1000,0,0,-303,2,21,0,0,1000,-375.0,3.0,29.0,0.0,0.0,1000.0,1000,0,0,30,32,-2,62,5,1,1,2,1,1,7,1,1,2,1,1,0,0,0,1,0,0,0,0,0,0,1,0,0,0,0,1,0,0,0,0,1,1,0,0,0,0,0,0,0,0,0,0,0,0,0,0,0,0,0,0,0,0,0,0,0,0,0,0,0,0,0,0,0,0,0,0,0,0,0,0,0,0,0,0,0,0,0,0,0,0,0,0,0,0,0,0,0,0.0,0.0,0.0,0,0,0,0,0,0,0,0,0,0,0,37,1784,55812,57633,0,0,0.0,0.0,0.0,0,0.0,1,1,1,1,1,1,1,1
advantage middlegame veryLong,f6d5 f4f5 g6f5 f1f5 f7f6 c1a3 e7f7 c6d7 f7g6 f5f3,r6r/p3kpbp/2Q1p1p1/q2n4/P2P1P2/1PP5/6PP/R1B2RK1 w - -,2755,96,1,295,275,214357,1,19,1000,0,0,117,2,35,728,272,0,-125.0,3.0,21.0,0.0,187.0,813.0,1000,0,0,29,30,-1,59,7,0,1,2,1,1,5,1,1,2,1,1,0,0,0,1,1,0,0,0,0,0,0,0,0,0,0,0,1,0,0,0,0,0,0,0,0,0,0,0,0,0,0,0,0,0,0,0,0,0,0,0,0,0,0,0,0,0,0,0,0,0,0,0,0,0,0,0,0,0,0,0,0,0,0,0,0,0,0,0,0,0,0,0,0,0,0,0,0,0.0,0.0,0.0,0,0,0,0,0,0,0,0,0,0,0,34,1145,39861,41040,0,0,0.0,0.0,0.0,0,0.0,0,0,0,1,0,1,1,1
crushing master middlegame short,a7a6 b5c7 d7c6 c7e8,3rr1k1/1p1q1pp1/pn1P1b1p/1Np5/8/1Q3N1P/PP3PP1/3R1RK1 w - -,1369,142,1,333,297,66770,1,21,1000,0,0,-81,2,24,0,741,259,-173.0,3.0,18.0,0.0,17.0,983.0,1000,0,0,31,31,0,62,6,2,0,2,1,1,6,1,1,2,1,1,1,0,0,1,0,0,1,0,0,0,0,0,0,1,0,0,0,0,0,0,0,0,0,0,0,0,0,0,0,0,0,0,0,0,0,0,0,0,0,0,0,0,0,0,0,0,0,0,0,0,0,0,0,0,0,0,0,0,0,0,0,0,0,0,0,0,0,0,0,0,0,0,0,0,1,4,4,4.0,1.0,2.5,1,0,4,2,9,9,1,3,2,3,1,39,1574,63180,64793,5,9,0.0256410256410256,0.0025412960609911,6.331117442228554e-05,20,2.2222222222222223,1,0,1,1,1,1,1,1
crushing endgame fork long,f4e5 c4e4 e5d6 f6e8 d6d7 e8c7,8/2Q5/2p2nk1/4K3/2r5/8/8/8 b - -,1423,75,-1,477,489,281670,1,38,1000,0,0,0,2,21,1,998,1,-2.0,3.0,23.0,1.0,997.0,2.0,1000,0,0,9,9,0,18,0,0,0,0,1,1,1,1,0,1,0,1,1,0,1,0,0,1,0,0,1,0,0,0,0,0,0,0,0,0,0,0,0,0,0,0,0,0,0,0,0,0,0,0,0,0,0,0,0,0,0,0,0,0,0,0,0,0,0,0,0,0,0,0,0,0,0,0,0,0,0,0,0,0,0,0,0,0,0,0,0,0,0,0,0,0,1,1,1,1.0,1.0,1.0,1,1,1,2,1,2,1,1,1,3,1,23,325,6132,6480,3,3,0.0434782608695652,0.003076923076923,0.0001630789302022,5,1.6666666666666667,1,0,1,1,1,1,1,1
crushing fork middlegame short,d2f2 b3b7 c8d7 b1d1,2k3nr/ppp2ppp/2n5/8/8/1Q2P3/q4rPP/1R2KB1R w K -,1188,78,1,373,456,72098,1,28,1000,0,0,-542,2,21,0,0,1000,-593.0,3.0,29.0,0.0,0.0,1000.0,1000,0,0,25,31,-6,56,3,0,1,2,1,1,6,2,0,2,1,1,1,0,0,1,0,0,1,0,1,0,0,0,0,0,0,0,0,0,0,0,0,0,0,0,0,0,0,0,0,0,0,0,0,0,0,0,0,0,0,0,0,0,0,0,0,0,0,0,0,0,0,0,0,0,0,0,0,0,0,0,0,0,0,0,0,0,0,0,0,0,0,0,0,0,1,2,2,2.0,1.0,1.5,1,0,2,4,2,4,1,1,1,3,1,32,1323,40368,41723,3,5,0.03125,0.00151171579743,4.954419342053112e-05,10,2.0,1,1,1,1,1,1,1,1
crushing endgame short,f1f7 c4f7 b7f7 g8f7,r3r1k1/1Q3Rpp/8/pP6/2q5/7P/3R2P1/7K b - -,1903,75,-1,559,600,548647,1,29,1000,0,0,-67,2,32,0,895,105,-138.0,3.0,30.0,0.0,77.0,923.0,1000,0,0,22,22,0,44,3,0,0,2,1,1,3,0,0,2,1,1,1,0,0,0,0,1,1,0,0,0,0,0,0,0,0,0,0,0,0,0,0,0,0,0,0,0,0,0,0,0,0,0,0,0,0,0,0,0,0,0,0,0,0,0,0,0,0,0,0,0,0,0,0,0,0,0,0,0,0,0,0,0,0,0,0,0,0,0,0,0,0,0,0,0,1,1,1,1.0,1.0,1.0,1,1,1,3,1,7,1,1,1,2,1,45,1724,66700,68469,3,3,0.0222222222222222,0.0005800464037122,1.4992503748125936e-05,11,3.6666666666666665,0,1,1,1,1,1,1,1
mate mateIn2 opening short,g2g4 e7h4 f3h4 d8h4,rnbqk1nr/ppppbppp/4p3/8/5PP1/5N2/PPPPP2P/RNBQKB1R b KQkq -,694,106,-1,-1500,-1500,78793,1,4,1000,0,0,94,2,25,442,557,1,74.0,3.0,21.0,271.0,728.0,1.0,1000,0,0,39,39,0,78,8,2,2,2,1,1,8,2,2,2,1,1,0,0,0,0,0,0,1,0,0,0,1,1,0,0,0,0,0,0,0,0,0,0,1,0,0,0,0,0,0,0,0,0,0,0,0,0,0,0,0,0,0,0,0,0,0,0,0,0,0,0,0,0,0,0,0,0,0,0,0,0,0,0,0,0,0,0,0,0,0,0,0,0,0,0,1,1,0,1.0,0.0,0.5,1,1,0,3,2,0,1,1,0,2,0,28,673,19260,19961,2,2,0.0357142857142857,0.0014858841010401,0.0,5,2.5,1,1,1,1,1,1,1,1
mate mateIn1 middlegame oneMove,c6b4 d5f6,r4rk1/ppp2pn1/3p4/q2N4/1n1PP3/5P2/PPP5/1K1R1B1R w - -,852,96,1,1500,1500,27065,1,2,1000,0,0,1500,2,2,1000,0,0,-74.0,3.0,18.0,0.0,832.0,168.0,1000,0,0,22,30,-8,52,6,1,1,2,0,1,5,2,0,2,1,1,0,0,0,1,0,0,0,0,0,0,1,0,0,0,0,0,0,0,0,0,1,1,0,0,0,0,0,0,0,0,0,0,0,0,0,0,0,0,0,0,0,0,0,0,0,0,0,0,0,0,0,0,0,0,0,0,0,0,0,0,0,0,0,0,0,0,0,0,0,0,0,0,0,0,0,0,0,0.0,0.0,0.0,0,0,0,0,0,0,0,0,0,0,0,36,1110,38002,39148,0,0,0.0,0.0,0.0,0,0.0,1,1,1,0,0,1,0,0
mate mateIn1 middlegame oneMove,f3c6 h4h1,6k1/6b1/p1Q1p2p/1pN4r/3P3q/2P5/P4PP1/1R2R1K1 b - -,879,102,-1,-1500,-1500,149448,1,2,1000,0,0,-467,2,25,0,0,1000,-505.0,3.0,31.0,0.0,0.0,1000.0,1000,0,0,27,21,6,48,5,1,0,2,1,1,4,0,1,1,1,1,0,0,0,1,0,0,0,0,0,0,1,0,0,0,0,0,0,0,0,0,1,1,0,0,0,0,0,0,0,0,0,0,0,0,0,0,0,0,0,0,0,0,0,0,0,0,0,0,0,0,0,0,0,0,0,0,0,0,0,0,0,0,0,0,0,0,0,0,0,0,0,0,0,0,0,0,0,0.0,0.0,0.0,0,0,0,0,0,0,0,0,0,0,0,30,1230,36404,37664,0,0,0.0,0.0,0.0,0,0.0,1,1,1,1,1,1,1,1
advantage endgame quietMove short,e8e2 f4f5 g7h6 d1d8,8/5pk1/pp3p2/7q/1P3P1p/P6P/4r1P1/3Q1R1K w - -,2645,96,1,86,289,474058,1,23,1000,0,0,28,2,28,9,991,0,12.0,3.0,30.0,3.0,996.0,1.0,1000,0,0,19,19,0,38,5,0,0,1,1,1,5,0,0,1,1,1,0,0,0,0,1,1,1,0,0,0,0,0,0,0,0,0,0,0,0,0,0,0,0,0,1,0,0,0,0,0,0,0,0,0,0,0,0,0,0,0,0,0,0,0,0,0,0,0,0,0,0,0,0,0,0,0,0,0,0,0,0,0,0,0,0,0,0,0,0,0,0,0,0,0,1,1,1,1.0,1.0,1.0,1,1,1,1,2,1,1,1,1,2,1,26,872,24477,25375,3,3,0.0384615384615384,0.0011467889908256,4.085467990358296e-05,4,1.3333333333333333,0,0,0,0,1,1,1,1
endgame master mate mateIn1 oneMove rookEndgame,a2h2 b7b6,8/1R5R/4kpp1/4p3/4P2K/5P1P/7r/6r1 w - -,1513,81,1,1500,1500,45555,1,2,1000,0,0,52,2,31,44,956,0,22.0,3.0,17.0,7.0,993.0,0.0,1000,0,0,13,13,0,26,3,0,0,2,0,1,3,0,0,2,0,1,0,0,0,0,0,1,0,1,0,0,1,0,0,1,0,0,0,0,0,0,1,1,0,0,0,0,0,0,0,0,0,0,0,0,0,0,0,0,0,0,0,0,0,0,0,0,0,0,0,0,0,0,0,0,0,0,0,0,0,0,0,0,0,0,0,0,0,0,0,0,0,0,0,0,0,0,0,0.0,0.0,0.0,0,0,0,0,0,0,0,0,0,0,0,22,437,8248,8707,0,0,0.0,0.0,0.0,0,0.0,1,1,1,1,1,1,1,1
advantage fork long middlegame,d4h4 e8e1 a1e1 d8a5 e1a1 a5a7,2rqr1k1/B2b1ppp/5n2/8/7Q/3B4/P1P2PPP/R3R1K1 b - -,1663,75,-1,286,291,721400,1,41,1000,0,0,-219,2,17,0,1,999,-268.0,3.0,21.0,0.0,0.0,1000.0,1000,0,0,30,28,2,58,5,0,2,2,1,1,3,1,1,2,1,1,0,0,1,1,1,0,0,0,1,0,0,0,0,0,0,0,0,0,0,0,0,0,0,0,0,0,0,0,0,0,0,0,0,0,0,0,0,0,0,0,0,0,0,0,0,0,0,0,0,0,0,0,0,0,0,0,0,0,0,0,0,0,0,0,0,0,0,0,0,0,0,0,0,0,1,1,1,1.0,1.0,1.0,1,1,1,7,4,3,1,1,1,2,1,37,1836,70522,72395,3,3,0.027027027027027,0.0005446623093681,1.4179972207254474e-05,14,4.666666666666667,1,0,1,1,1,1,1,1
crushing endgame knightEndgame long master,c4c5 h4h5 g6h5 g4h5 c5d6 h5h6,1n6/1P6/5pp1/2k5/6PP/4P3/3K4/8 w - -,1344,78,1,541,543,326442,1,41,1000,0,0,122,2,21,807,193,0,98.0,3.0,31.0,469.0,531.0,0.0,1000,0,0,4,5,-1,9,4,0,0,0,0,1,2,1,0,0,0,1,1,0,1,0,0,1,0,0,0,0,0,0,0,1,0,0,0,0,0,0,0,0,0,0,0,0,0,0,0,0,0,0,0,0,0,0,0,0,0,0,1,0,0,0,0,0,0,0,0,0,0,0,0,0,0,0,0,0,0,0,0,0,0,0,0,0,0,0,0,0,0,0,0,0,1,3,25,3.0,8.333333333333334,5.666666666666667,1,0,1,1,4,25,1,2,2,3,1,10,118,1227,1355,2,29,0.1,0.0254237288135593,0.0203748981255093,30,1.0344827586206895,0,1,1,1,1,1,1,1
crushing exposedKing long middlegame,c7b6 h8d4 b6c6 d4c3 c6d7 d1e1,rn5Q/pp2np2/1k1B4/6N1/6b1/8/PPP1q3/2KR4 w - -,2791,116,1,292,288,165470,1,33,1000,0,0,-190,2,21,0,3,997,-241.0,3.0,26.0,0.0,0.0,1000.0,1000,0,0,23,26,-3,49,3,1,1,1,1,1,3,2,1,1,1,1,1,0,1,1,0,0,0,0,0,0,0,0,0,0,0,0,0,0,1,0,0,0,0,0,0,0,0,0,0,0,0,0,0,0,0,0,0,0,0,0,0,0,0,0,0,0,0,0,0,0,0,0,0,0,0,0,0,0,0,0,0,0,0,0,0,0,0,0,0,0,0,0,0,0,1,2,2,2.0,1.0,1.5,1,0,2,4,2,4,1,1,1,2,1,49,1835,76152,78036,3,5,0.0204081632653061,0.0010899182561307,2.6263262947788637e-05,10,2.0,1,0,1,1,1,1,1,1
mate mateIn2 middlegame pin short,g7f7 g6e7 g8g7 d5g5,5rk1/pp1n1r2/3p2N1/2pQ4/2P5/4P1P1/qP2KPP1/7R w - -,1917,75,1,1500,1500,100718,1,4,1000,0,0,-152,2,24,0,35,965,-202.0,3.0,26.0,0.0,1.0,999.0,1000,0,0,23,26,-3,49,6,1,0,1,1,1,4,1,0,2,1,1,0,0,0,1,0,0,1,0,0,0,1,1,0,0,0,0,0,0,0,0,0,0,0,1,0,0,0,0,0,0,0,0,0,0,0,0,0,0,0,0,0,0,0,0,0,0,0,0,0,0,0,0,0,0,0,0,0,0,0,0,0,0,0,0,0,0,0,0,0,0,0,0,0,0,1,1,0,1.0,0.0,0.5,1,1,0,2,1,0,1,1,0,2,0,45,1100,41437,42582,2,2,0.0222222222222222,0.0009090909090909,0.0,3,1.5,0,1,1,1,1,1,1,1
endgame mate mateIn1 oneMove,h8g8 d4g7,6k1/pp5p/4r1pP/5pP1/3Q1n2/P1P5/KP6/5q2 w - -,995,179,1,1500,1500,234586,1,2,1000,0,0,-399,2,33,0,0,1000,-466.0,3.0,34.0,0.0,0.0,1000.0,1000,0,0,14,22,-8,36,5,0,0,0,1,1,5,1,0,1,1,1,0,0,0,0,0,1,0,0,0,0,1,0,0,0,0,0,0,0,0,0,1,1,0,0,0,0,0,0,0,0,0,0,0,0,0,0,0,0,0,0,0,0,0,0,0,0,0,0,0,0,0,0,0,0,0,0,0,0,0,0,0,0,0,0,0,0,0,0,0,0,0,0,0,0,0,0,0,0.0,0.0,0.0,0,0,0,0,0,0,0,0,0,0,0,27,919,19228,20174,0,0,0.0,0.0,0.0,0,0.0,1,1,1,1,1,1,1,1
mate mateIn1 middlegame oneMove,c2a1 h5h7,r4rk1/pb2ppb1/1q6/6PQ/8/2NP1N2/PP1K1PP1/n6R w - -,1068,86,1,1500,1500,117964,1,2,1000,0,0,-193,2,21,0,4,996,-313.0,3.0,18.0,0.0,0.0,1000.0,1000,0,0,26,31,-5,57,6,2,0,1,1,1,3,1,2,2,1,1,0,0,0,1,0,0,0,0,0,0,1,0,0,0,0,0,0,0,0,0,1,1,0,0,0,0,0,0,0,0,0,0,0,0,0,0,0,0,0,0,0,0,0,0,0,0,0,0,0,0,0,0,0,0,0,0,0,0,0,0,0,0,0,0,0,0,0,0,0,0,0,0,0,0,0,0,0,0.0,0.0,0.0,0,0,0,0,0,0,0,0,0,0,0,44,1876,71595,73515,0,0,0.0,0.0,0.0,0,0.0,1,1,1,1,1,1,1,1
advantage exposedKing kingsideAttack long middlegame,e8e7 b4e7 f8f7 e7e8 g8g7 f4h6,b4rk1/qn2r3/1p3ppp/1P1p4/1Q1PnB2/P3P3/4BPPP/5RK1 w - -,1215,75,1,413,437,127726,1,32,1000,0,0,-242,2,21,0,0,1000,-316.0,3.0,28.0,0.0,0.0,1000.0,1000,0,0,27,33,-6,60,7,0,2,1,1,1,5,2,1,2,1,1,0,0,1,1,1,0,0,0,0,0,0,0,0,0,0,1,0,0,1,0,0,0,0,0,0,0,0,0,0,0,0,0,0,0,0,0,0,0,0,0,0,0,0,0,0,0,0,0,0,0,0,0,0,0,0,0,0,0,0,0,0,0,0,0,0,0,0,0,0,0,0,0,0,0,1,1,1,1.0,1.0,1.0,1,1,1,3,3,2,1,1,1,2,1,37,1321,47893,49251,3,3,0.027027027027027,0.0007570022710068,2.087987806151212e-05,8,2.6666666666666665,1,1,1,1,1,1,1,1
crushing endgame knightEndgame master short zugzwang,g6h4 d3e2 h4f5 g5f3,8/8/3p4/3Pp1n1/4Pp1N/3k1P1P/6K1/8 b - -,2111,80,-1,392,398,64208,1,25,1000,0,0,0,2,7,1,998,1,0.0,3.0,8.0,1.0,998.0,1.0,1000,0,0,7,6,1,13,4,1,0,0,0,1,3,1,0,0,0,1,1,0,0,0,0,1,1,0,0,0,0,0,0,1,0,0,0,1,0,0,0,0,0,0,0,0,0,0,0,0,0,0,0,0,0,0,0,0,0,0,1,0,0,0,0,0,0,0,0,0,0,0,0,0,0,0,0,0,0,0,0,0,0,0,0,0,0,0,0,0,0,0,0,0,1,2,5,2.0,2.5,2.25,1,0,1,1,3,8,1,2,2,2,1,13,88,1021,1122,2,8,0.0769230769230769,0.0227272727272727,0.0048971596474045,12,1.5,0,1,1,1,1,1,1,1
advantage discoveredAttack long middlegame,f3d3 d1d3 c6h1 h5g6 f7g6 h6h1,r5k1/2p1qp1p/2b1p1pQ/pp5P/3P2P1/3r4/PP2N3/2KR3R w - -,2283,101,1,274,300,203641,1,37,1000,0,0,-248,2,24,0,0,1000,-293.0,3.0,22.0,0.0,0.0,1000.0,1000,0,0,27,29,-2,56,5,1,0,2,1,1,7,0,1,2,1,1,0,0,1,1,1,0,0,0,0,0,0,0,0,0,0,0,0,0,0,0,0,0,0,0,0,0,1,0,0,0,0,0,0,0,0,0,0,0,0,0,0,0,0,0,0,0,0,0,0,0,0,0,0,0,0,0,0,0,0,0,0,0,0,0,0,0,0,0,0,0,0,0,0,0,1,1,1,1.0,1.0,1.0,1,1,1,2,3,1,1,1,1,3,1,32,1227,36984,38243,3,3,0.03125,0.0008149959250203,2.7038719446247027e-05,6,2.0,0,0,1,1,1,1,1,1
advantage endgame master short,b7f3 e8g8 g1f2 h3h2,4r2k/p6p/1p3p2/8/2p2P2/P4Q1q/8/3R1RK1 b - -,1520,96,-1,211,195,611789,1,46,998,2,0,-394,2,25,0,0,1000,-424.0,3.0,23.0,0.0,0.0,1000.0,1000,0,0,21,19,2,40,2,0,0,2,1,1,5,0,0,1,1,1,0,0,0,0,1,1,1,0,0,0,0,0,0,1,0,0,0,0,0,0,0,0,0,0,0,0,0,0,0,0,0,0,0,0,0,0,0,0,0,0,0,0,0,0,0,0,0,0,0,0,0,0,0,0,0,0,0,0,0,0,0,0,0,0,0,0,0,0,0,0,0,0,0,0,1,1,2,1.0,2.0,1.5,1,1,0,2,1,5,1,1,2,2,1,36,966,32036,33038,2,4,0.0277777777777777,0.0010351966873706,6.242976651267325e-05,8,2.0,1,0,1,1,1,1,1,1
endgame mate mateIn2 short,e3g5 g3h3 g5h4 h3h4,6R1/p4p1p/2p1pp1k/6b1/2N5/6R1/4K1PP/2q5 w - -,1153,76,1,1500,1500,33173,1,4,1000,0,0,-80,2,22,0,785,215,-104.0,3.0,37.0,0.0,437.0,563.0,1000,0,0,15,18,-3,33,2,1,0,2,0,1,6,0,1,0,1,1,0,0,0,0,0,1,1,0,0,0,1,1,0,0,0,0,0,0,0,0,0,0,0,0,0,0,0,0,0,0,0,0,0,0,0,0,0,0,0,0,0,0,0,0,0,0,0,0,0,0,0,0,0,0,0,0,0,0,0,0,0,0,0,0,0,0,0,0,0,0,0,0,0,0,1,1,0,1.0,0.0,0.5,1,1,0,1,1,0,1,1,0,2,0,32,764,17418,18214,2,2,0.03125,0.0013089005235602,0.0,2,1.0,1,1,1,1,1,1,1,1
advancedPawn advantage endgame fork master short,f2e2 f4f3 e2f2 f3g2,8/p7/1p4k1/2pN2p1/4Pp2/P1P4r/1P2K1R1/8 b - -,1182,78,-1,448,447,55084,1,35,1000,0,0,-222,2,21,0,0,1000,-271.0,3.0,22.0,0.0,0.0,1000.0,1000,0,0,12,10,2,22,4,1,0,1,0,1,5,0,0,1,0,1,0,0,0,0,1,1,1,0,1,0,0,0,0,1,0,0,0,0,0,0,0,0,0,0,0,0,0,0,0,0,0,0,0,1,0,0,0,0,0,0,0,0,0,0,0,0,0,0,0,0,0,0,0,0,0,0,0,0,0,0,0,0,0,0,0,0,0,0,0,0,0,0,0,0,1,2,2,2.0,1.0,1.5,1,0,2,1,2,2,1,1,1,2,1,23,497,9521,10041,3,5,0.0434782608695652,0.0040241448692152,0.0002100619682806,5,1.0,1,1,1,1,1,1,1,1
capturingDefender crushing opening short,d5c5 c2c5 e7c5 g2c6,1rb2rk1/4bppp/p1n1p3/1pq1P3/7N/P5P1/1PQ2PBP/R1B2RK1 w - -,1337,77,1,424,435,218741,1,28,1000,0,0,-16,2,18,3,982,15,-35.0,3.0,19.0,1.0,961.0,38.0,1000,0,0,34,34,0,68,6,1,2,2,1,1,6,1,2,2,1,1,1,0,0,0,0,0,1,0,0,0,0,0,0,0,0,0,0,0,0,0,0,0,1,0,0,0,0,0,0,0,0,0,0,0,0,0,0,0,0,0,0,0,0,0,0,0,0,0,0,0,0,0,0,0,1,0,0,0,0,0,0,0,0,0,0,0,0,0,0,0,0,0,0,0,1,1,1,1.0,1.0,1.0,1,1,1,3,2,4,1,1,1,2,1,38,1467,57190,58695,3,3,0.0263157894736842,0.0006816632583503,1.7485574401119076e-05,9,3.0,1,1,1,1,1,1,1,1
kingsideAttack mate mateIn2 middlegame short,d3f2 g5f3 g1h1 h3h2,1r4k1/p4ppp/4p3/p5n1/4P3/1P3PPq/QB3N1P/R5K1 b - -,1011,77,-1,-1500,-1500,94900,1,4,1000,0,0,-284,2,21,0,0,1000,-317.0,3.0,29.0,0.0,0.0,1000.0,1000,0,0,25,23,2,48,5,1,1,1,1,1,6,1,0,1,1,1,0,0,0,1,0,0,1,0,0,0,1,1,0,0,0,1,0,0,0,0,0,0,0,0,0,0,0,0,0,0,0,0,0,0,0,0,0,0,0,0,0,0,0,0,0,0,0,0,0,0,0,0,0,0,0,0,0,0,0,0,0,0,0,0,0,0,0,0,0,0,0,0,0,0,1,1,0,1.0,0.0,0.5,1,1,0,2,1,0,1,1,0,2,0,31,704,20921,21656,2,2,0.032258064516129,0.0014204545454545,0.0,3,1.5,1,1,1,1,1,1,1,1
advantage long middlegame queensideAttack,h5e5 c2c6 c8b8 d1d7 e7d7 c6d7,2k5/p3qp2/bpp1p1p1/4r3/P4n1p/5P2/BPQ2B1P/1K1R4 w - -,1518,75,1,412,464,809313,1,35,1000,0,0,-92,2,27,0,628,372,-150.0,3.0,19.0,0.0,42.0,958.0,1000,0,0,24,27,-3,51,4,0,2,1,1,1,7,1,1,1,1,1,0,0,1,1,1,0,0,0,0,0,0,0,0,0,0,0,0,0,0,0,0,0,0,0,0,0,0,0,0,0,0,0,0,0,0,0,0,0,0,1,0,0,0,0,0,0,0,0,0,0,0,0,0,0,0,0,0,0,0,0,0,0,0,0,0,0,0,0,0,0,0,0,0,0,1,1,1,1.0,1.0,1.0,1,1,1,4,1,6,1,1,1,3,1,42,1708,67262,69012,3,3,0.0238095238095238,0.0005854800936768,1.48672355862151e-05,11,3.6666666666666665,0,0,1,1,1,1,1,1
crushing discoveredAttack middlegame short,h2g2 d7h3 g2h3 a7f7,2r4k/q2b1Q1p/2p2P2/1p2p3/4P3/p2P3R/4N1K1/R7 b - -,1535,75,-1,634,670,311907,1,23,1000,0,0,-650,2,35,0,0,1000,-944.0,3.0,27.0,0.0,0.0,1000.0,1000,0,0,25,22,3,47,3,1,0,2,1,1,5,0,1,1,1,1,1,0,0,1,0,0,1,0,0,0,0,0,0,0,0,0,0,0,0,0,0,0,0,0,0,0,1,0,0,0,0,0,0,0,0,0,0,0,0,0,0,0,0,0,0,0,0,0,0,0,0,0,0,0,0,0,0,0,0,0,0,0,0,0,0,0,0,0,0,0,0,0,0,0,1,3,5,3.0,1.6666666666666667,2.333333333333333,1,0,2,4,3,17,1,1,2,3,1,30,1181,29316,30527,3,9,0.0333333333333333,0.0025402201524132,0.0001705553281484,24,2.6666666666666665,1,1,1,1,1,1,1,1
endgame master mate mateIn1 oneMove queenEndgame,b2c1 f2d2,8/8/8/8/8/4K3/5Q2/1qk5 w - -,1041,90,1,1500,1500,52234,1,2,1000,0,0,0,2,24,1,998,1,0.0,3.0,9.0,1.0,998.0,1.0,1000,0,0,9,9,0,18,0,0,0,0,1,1,0,0,0,0,1,1,0,0,0,0,0,1,0,0,0,0,1,0,0,1,0,0,0,0,0,0,1,1,0,0,0,0,0,0,0,0,0,0,0,0,0,0,0,0,0,0,0,0,0,1,0,0,0,0,0,0,0,0,0,0,0,0,0,0,0,0,0,0,0,0,0,0,0,0,0,0,0,0,0,0,0,0,0,0.0,0.0,0.0,0,0,0,0,0,0,0,0,0,0,0,22,278,5339,5639,0,0,0.0,0.0,0.0,0,0.0,1,1,1,1,1,1,1,1
advantage endgame fork master short,e6d5 c6e7 g8h7 e7d5,6k1/5pp1/p1N5/1n1b3p/1B4P1/P4P1P/2K5/8 w - -,709,98,1,382,402,243924,1,42,1000,0,0,-13,2,16,1,996,3,-16.0,3.0,19.0,0.0,996.0,4.0,1000,0,0,10,10,0,20,4,1,1,0,0,1,4,1,1,0,0,1,0,0,0,0,1,1,1,0,1,0,0,0,0,1,0,0,0,0,0,0,0,0,0,0,0,0,0,0,0,0,0,0,0,0,0,0,0,0,0,0,0,0,0,0,0,0,0,0,0,0,0,0,0,0,0,0,0,0,0,0,0,0,0,0,0,0,0,0,0,0,0,0,0,0,1,2,2,2.0,1.0,1.5,1,0,2,2,2,4,1,1,1,2,1,26,565,12329,12920,3,5,0.0384615384615384,0.0035398230088495,0.0001622191580825,8,1.6,0,1,1,1,1,1,1,1
advantage attackingF2F7 middlegame short,g8f6 h5f7 c7f7 g5f7,r3k2r/1bq2ppp/p2p1n2/1p2p1NQ/3nP3/1BN4P/PP3PP1/R2R2K1 w kq -,2397,92,1,187,201,309657,1,23,993,7,0,-121,2,24,0,265,735,-221.0,3.0,34.0,0.0,3.0,997.0,994,6,0,34,35,-1,69,6,2,1,2,1,1,7,2,1,2,1,1,0,0,0,1,1,0,1,0,0,0,0,0,0,0,0,0,0,0,0,0,0,0,0,0,0,0,0,0,0,0,0,0,0,0,0,0,0,0,0,0,0,0,0,0,1,0,0,0,0,0,0,0,0,0,0,0,0,0,0,0,0,0,0,0,0,0,0,0,0,0,0,0,0,0,1,1,0,1.0,0.0,0.5,1,1,0,2,3,0,1,1,0,1,1,42,1810,73018,74870,2,2,0.0238095238095238,0.0005524861878453,0.0,5,2.5,0,1,1,1,1,1,1,1
deflection endgame mate mateIn2 rookEndgame short,c6c7 g5g4 h3h4 a2h2,1R6/2P5/p5k1/6pp/1P6/6PK/r6P/8 b - -,1047,82,-1,-1500,-1500,65577,1,4,1000,0,0,-331,2,26,0,0,1000,-448.0,3.0,19.0,0.0,0.0,1000.0,1000,0,0,9,8,1,17,4,0,0,1,0,1,3,0,0,1,0,1,0,0,0,0,0,1,1,1,0,0,1,1,0,0,0,0,0,0,0,0,0,0,0,0,0,0,0,0,0,0,1,0,0,0,0,0,0,0,0,0,0,0,0,0,0,0,0,0,0,0,0,0,0,0,0,0,0,0,0,0,0,0,0,0,0,0,0,0,0,0,0,0,0,0,1,1,0,1.0,0.0,0.5,1,1,0,1,1,0,1,1,0,2,0,20,298,5158,5476,2,2,0.05,0.0033557046979865,0.0,2,1.0,1,1,1,1,1,1,1,1
advantage deflection endgame long,f4f6 h2h4 g5f5 g2g4 f5g4 e7f6,8/p3Q2p/5qp1/4p1k1/8/8/Pr4PP/6K1 w - -,1470,75,1,385,378,312309,1,31,1000,0,0,-803,2,23,0,0,1000,1500.0,3.0,24.0,0.0,0.0,1000.0,1000,0,0,12,18,-6,30,3,0,0,0,1,1,4,0,0,1,1,1,0,0,1,0,1,1,0,0,0,0,0,0,0,0,0,0,0,0,0,0,0,0,0,0,0,0,0,0,0,0,1,0,0,0,0,0,0,0,0,0,0,0,0,0,0,0,0,0,0,0,0,0,0,0,0,0,0,0,0,0,0,0,0,0,0,0,0,0,0,0,0,0,0,0,1,1,1,1.0,1.0,1.0,1,1,1,2,1,2,1,1,1,2,1,24,717,15582,16323,3,3,0.0416666666666666,0.00139470013947,6.417661404184315e-05,5,1.6666666666666667,1,1,1,1,1,1,1,1
crushing endgame fork short,a7a6 c3d5 c7b8 d5f6,b7/2k1pp2/ppn2qp1/8/4B3/1PNR4/P1P2PP1/5K2 w - -,802,76,1,480,506,183801,1,28,1000,0,0,-372,2,24,0,0,1000,-389.0,3.0,22.0,0.0,0.0,1000.0,1000,0,0,16,20,-4,36,5,1,1,1,0,1,5,1,1,0,1,1,1,0,0,0,0,1,1,0,1,0,0,0,0,0,0,0,0,0,0,0,0,0,0,0,0,0,0,0,0,0,0,0,0,0,0,0,0,0,0,0,0,0,0,0,0,0,0,0,0,0,0,0,0,0,0,0,0,0,0,0,0,0,0,0,0,0,0,0,0,0,0,0,0,0,1,3,3,3.0,1.0,2.0,1,0,3,2,3,6,1,1,1,2,1,32,865,26062,26959,4,7,0.03125,0.0034682080924855,0.0001151101220167,11,1.5714285714285714,1,1,1,1,1,1,1,1
crushing endgame short,a5d2 d4d3 c2c3 f8b4,5bk1/5ppp/8/8/3p4/8/P1KQq2P/2R5 b - -,1381,76,-1,746,757,225582,1,39,1000,0,0,65,2,23,92,908,0,52.0,3.0,20.0,44.0,956.0,0.0,1000,0,0,16,16,0,32,2,0,0,1,1,1,4,0,1,0,1,1,1,0,0,0,0,1,1,0,0,0,0,0,0,0,0,0,0,0,0,0,0,0,0,0,0,0,0,0,0,0,0,0,0,0,0,0,0,0,0,0,0,0,0,0,0,0,0,0,0,0,0,0,0,0,0,0,0,0,0,0,0,0,0,0,0,0,0,0,0,0,0,0,0,0,1,1,1,1.0,1.0,1.0,1,1,1,1,1,1,1,1,1,3,1,33,593,18588,19214,3,3,0.0303030303030303,0.0016863406408094,5.379814934366258e-05,3,1.0,1,1,1,1,1,1,1,1
endgame mate mateIn2 short,g5g4 h7h5 g4h4 e7g6,4r1k1/p1R1n2p/4N3/5r2/6K1/6PP/P3R3/8 b - -,1184,77,-1,-1500,-1500,41569,1,4,1000,0,0,-231,2,20,0,0,1000,-288.0,3.0,22.0,0.0,0.0,1000.0,1000,0,0,16,15,1,31,3,1,0,2,0,1,2,1,0,2,0,1,0,0,0,0,0,1,1,0,0,0,1,1,0,0,0,0,0,0,0,0,0,0,0,0,0,0,0,0,0,0,0,0,0,0,0,0,0,0,0,0,0,0,0,0,0,0,0,0,0,0,0,0,0,0,0,0,0,0,0,0,0,0,0,0,0,0,0,0,0,0,0,0,0,0,1,1,0,1.0,0.0,0.5,1,1,0,2,1,0,1,1,0,2,0,29,872,24348,25249,2,2,0.0344827586206896,0.0011467889908256,0.0,3,1.5,0,0,1,1,1,1,1,1
endgame mate mateIn2 short,f8b4 h5e8 b4f8 f2f8,7k/2r3p1/1p2p2b/3p2NQ/1q1P4/1p6/5R2/6K1 w - -,1736,77,1,1500,1500,157494,1,4,1000,0,0,-287,2,26,0,0,1000,-287.0,3.0,29.0,0.0,0.0,1000.0,1000,0,0,18,22,-4,40,1,1,0,1,1,1,5,0,1,1,1,1,0,0,0,0,0,1,1,0,0,0,1,1,0,0,0,0,0,0,0,0,0,0,0,0,0,0,0,0,0,0,0,0,0,0,0,0,0,0,0,0,0,0,0,0,0,0,0,0,0,0,0,0,0,0,0,0,0,0,0,0,0,0,0,0,0,0,0,0,0,0,0,0,0,0,1,1,0,1.0,0.0,0.5,1,1,0,3,4,0,1,1,0,1,0,36,987,31119,32142,2,2,0.0277777777777777,0.0010131712259371,0.0,7,3.5,1,1,1,0,0,0,1,0
mate mateIn1 middlegame oneMove,f7g8 g6f7,r4bkr/pppqp1pp/6B1/7Q/2PP4/2N1P2P/PP4P1/R5K1 w - -,930,76,1,1500,1500,25833,1,2,1000,0,0,219,2,22,999,1,0,169.0,3.0,20.0,985.0,15.0,0.0,1000,0,0,27,28,-1,55,7,1,1,1,1,1,6,0,1,2,1,1,0,0,0,1,0,0,0,0,0,0,1,0,0,0,0,0,0,0,0,0,1,1,0,0,0,0,0,0,0,0,0,0,0,0,0,0,0,0,0,0,0,0,0,0,0,0,0,0,0,0,0,0,0,0,0,0,0,0,0,0,0,0,0,0,0,0,0,0,0,0,0,0,0,0,0,0,0,0.0,0.0,0.0,0,0,0,0,0,0,0,0,0,0,0,48,1194,54245,55487,0,0,0.0,0.0,0.0,0,0.0,1,1,1,1,1,1,1,1
backRankMate endgame mate mateIn2 sacrifice short,d5b4 d6d1 c1d1 d8d1,1k1r4/1p3Qp1/p2q3p/8/1N6/8/PP3PPP/2R3K1 b - -,625,99,-1,-1500,-1500,166701,1,4,1000,0,0,-330,2,22,0,0,1000,-379.0,3.0,23.0,0.0,0.0,1000.0,1000,0,0,22,18,4,40,5,1,0,1,1,1,4,0,0,1,1,1,0,0,0,0,0,1,1,0,0,0,1,1,0,0,0,0,0,0,0,0,0,0,0,0,0,1,0,1,0,0,0,0,0,0,0,0,0,0,0,0,0,0,0,0,0,0,0,0,0,0,0,0,0,0,0,0,0,0,0,0,0,0,0,0,0,0,0,0,0,0,0,0,0,0,1,1,0,1.0,0.0,0.5,1,1,0,5,1,0,1,1,0,2,0,34,1441,44974,46449,2,2,0.0294117647058823,0.0006939625260235,0.0,6,3.0,1,1,1,1,1,1,1,1
advantage endgame fork long master,b2a2 c7c8 g8g7 c8c3 d5d4 c3b4,6k1/p1Q2p1p/4p1p1/3p4/1r6/7P/q4PP1/5RK1 w - -,1729,74,1,427,447,1696298,1,43,1000,0,0,-314,2,25,0,0,1000,-366.0,3.0,18.0,0.0,0.0,1000.0,1000,0,0,17,20,-3,37,3,0,0,1,1,1,6,0,0,1,1,1,0,0,1,0,1,1,0,0,1,0,0,0,0,1,0,0,0,0,0,0,0,0,0,0,0,0,0,0,0,0,0,0,0,0,0,0,0,0,0,0,0,0,0,0,0,0,0,0,0,0,0,0,0,0,0,0,0,0,0,0,0,0,0,0,0,0,0,0,0,0,0,0,0,0,1,1,1,1.0,1.0,1.0,1,1,1,1,1,5,1,1,1,2,1,33,1114,33181,34328,3,3,0.0303030303030303,0.0008976660682226,3.0137729423465235e-05,7,2.333333333333333,1,1,1,1,1,1,1,1
crushing endgame short,e6c6 e5e6 c6e6 c5e6,3R4/6pk/2r2p1p/p1N1P3/1p3P2/1Pb4P/6P1/6K1 w - -,1736,74,1,448,461,123834,1,27,1000,0,0,35,2,24,15,985,0,-11.0,3.0,17.0,1.0,996.0,3.0,1000,0,0,13,13,0,26,5,1,0,1,0,1,5,0,1,1,0,1,1,0,0,0,0,1,1,0,0,0,0,0,0,0,0,0,0,0,0,0,0,0,0,0,0,0,0,0,0,0,0,0,0,0,0,0,0,0,0,0,0,0,0,0,0,0,0,0,0,0,0,0,0,0,0,0,0,0,0,0,0,0,0,0,0,0,0,0,0,0,0,0,0,0,1,4,12,4.0,3.0,3.5,1,0,3,1,5,18,1,2,4,5,1,31,616,16267,16914,4,17,0.032258064516129,0.0064935064935064,0.0007376898014384,24,1.411764705882353,0,1,1,1,1,1,1,1
crushing endgame fork short,e5g6 c3g3 h3h2 g3g6,4k3/1R6/6N1/5p1p/7P/2r3PK/5b2/8 b - -,1178,76,-1,366,365,95595,1,29,1000,0,0,28,2,18,9,991,0,17.0,3.0,19.0,4.0,996.0,0.0,1000,0,0,10,10,0,20,2,1,0,1,0,1,2,0,1,1,0,1,1,0,0,0,0,1,1,0,1,0,0,0,0,0,0,0,0,0,0,0,0,0,0,0,0,0,0,0,0,0,0,0,0,0,0,0,0,0,0,0,0,0,0,0,0,0,0,0,0,0,0,0,0,0,0,0,0,0,0,0,0,0,0,0,0,0,0,0,0,0,0,0,0,0,1,1,1,1.0,1.0,1.0,1,1,1,4,1,3,1,1,1,2,1,23,457,9448,9928,3,3,0.0434782608695652,0.0021881838074398,0.0001058425063505,8,2.6666666666666665,0,1,1,1,1,1,1,1
crushing middlegame pin short,e2d2 e5f3 g1h1 f3d2,r6r/4kppp/2pNpnq1/p1P1n3/8/B3P3/PP1Q1PPP/3R1RK1 b - -,1029,92,-1,368,383,977626,1,45,1000,0,0,-223,2,22,0,1,999,-310.0,3.0,19.0,0.0,0.0,1000.0,1000,0,0,32,31,1,63,7,1,1,2,1,1,6,2,0,2,1,1,1,0,0,1,0,0,1,0,0,0,0,0,0,0,0,0,0,0,0,0,0,0,0,1,0,0,0,0,0,0,0,0,0,0,0,0,0,0,0,0,0,0,0,0,0,0,0,0,0,0,0,0,0,0,0,0,0,0,0,0,0,0,0,0,0,0,0,0,0,0,0,0,0,0,1,1,1,1.0,1.0,1.0,1,1,1,2,1,2,1,1,1,2,1,43,1386,54165,55594,3,3,0.0232558139534883,0.0007215007215007,1.8462106526354656e-05,5,1.6666666666666667,1,1,1,1,1,1,1,1
crushing endgame short,f4h5 g4h5 f7g7 f3f4,8/5k2/8/1p1p2pn/1PpP2P1/2P1KP2/8/8 w - -,1167,78,1,457,519,125868,1,32,1000,0,0,-158,2,23,0,21,979,-181.0,3.0,26.0,0.0,5.0,995.0,1000,0,0,5,7,-2,12,5,0,0,0,0,1,4,1,0,0,0,1,1,0,0,0,0,1,1,0,0,0,0,0,0,0,0,0,0,0,0,0,0,0,0,0,0,0,0,0,0,0,0,0,0,0,0,0,0,0,0,0,0,0,0,0,0,0,0,0,0,0,0,0,0,0,0,0,0,0,0,0,0,0,0,0,0,0,0,0,0,0,0,0,0,0,1,2,4,2.0,2.0,2.0,1,0,1,1,2,4,1,1,2,2,1,5,57,391,453,2,7,0.2,0.0350877192982456,0.0102301790281329,7,1.0,0,0,1,1,1,1,1,1
crushing endgame short skewer,e5f3 a4a3 c3c2 a3f3,8/1kp5/4n3/3p4/r2P3R/2K2N1P/8/8 b - -,1136,82,-1,432,395,377209,1,38,1000,0,0,10,2,21,3,996,1,9.0,3.0,21.0,3.0,996.0,1.0,1000,0,0,10,10,0,20,2,1,0,1,0,1,2,1,0,1,0,1,1,0,0,0,0,1,1,0,0,0,0,0,0,0,0,0,0,0,0,1,0,0,0,0,0,0,0,0,0,0,0,0,0,0,0,0,0,0,0,0,0,0,0,0,0,0,0,0,0,0,0,0,0,0,0,0,0,0,0,0,0,0,0,0,0,0,0,0,0,0,0,0,0,0,1,4,4,4.0,1.0,2.5,1,0,4,1,4,20,1,1,1,2,1,26,440,10514,10980,5,9,0.0384615384615384,0.009090909090909,0.0003804451207913,25,2.7777777777777777,1,1,1,1,1,1,1,1
master mate mateIn1 middlegame oneMove pillsburysMate,g6h8 h3h8,2r2k1n/p4pp1/1p2p3/4P1B1/q7/2r4R/P4PP1/4R1K1 w - -,880,97,1,1500,1500,201740,1,2,1000,0,0,-398,2,23,0,0,1000,-496.0,3.0,26.0,0.0,0.0,1000.0,1000,0,0,17,27,-10,44,4,0,1,2,0,1,5,1,0,2,1,1,0,0,0,1,0,0,0,0,0,0,1,0,0,1,0,0,0,0,0,0,1,1,0,0,0,0,0,0,0,0,0,0,0,0,0,0,0,0,0,0,0,0,0,0,0,0,0,0,0,1,0,0,0,0,0,0,0,0,0,0,0,0,0,0,0,0,0,0,0,0,0,0,0,0,0,0,0,0.0,0.0,0.0,0,0,0,0,0,0,0,0,0,0,0,37,1654,54512,56203,0,0,0.0,0.0,0.0,0,0.0,1,1,1,1,1,1,1,1
advantage endgame fork short,d5c7 f2g3 h2h1 g3c7,5r1k/1pN3p1/7p/pP6/P3P3/2PP3P/3BnbPK/R7 b - -,1521,76,-1,222,257,166752,1,29,1000,0,0,-245,2,26,0,0,1000,-251.0,3.0,25.0,0.0,0.0,1000.0,1000,0,0,18,15,3,33,7,1,1,1,0,1,4,1,1,1,0,1,0,0,0,0,1,1,1,0,1,0,0,0,0,0,0,0,0,0,0,0,0,0,0,0,0,0,0,0,0,0,0,0,0,0,0,0,0,0,0,0,0,0,0,0,0,0,0,0,0,0,0,0,0,0,0,0,0,0,0,0,0,0,0,0,0,0,0,0,0,0,0,0,0,0,1,1,0,1.0,0.0,0.5,1,1,0,1,1,0,1,1,0,2,1,32,822,24910,25764,2,2,0.03125,0.0012165450121654,0.0,2,1.0,0,1,1,1,1,1,1,1
endgame mate mateIn1 oneMove smotheredMate,f8g8 h6f7,2r3rk/6pp/p6N/1p1p4/2pq4/P6P/1P3PP1/4R1K1 w - -,990,82,1,1500,1500,111228,1,2,1000,0,0,-619,2,20,0,0,1000,-629.0,3.0,18.0,0.0,0.0,1000.0,1000,0,0,13,25,-12,38,5,1,0,1,0,1,6,0,0,2,1,1,0,0,0,0,0,1,0,0,0,0,1,0,0,0,0,0,0,0,0,0,1,1,0,0,0,0,0,0,0,0,0,0,1,0,0,0,0,0,0,0,0,0,0,0,0,0,0,0,0,0,0,0,0,0,0,0,0,0,0,0,0,0,0,0,0,0,0,0,0,0,0,0,0,0,0,0,0,0.0,0.0,0.0,0,0,0,0,0,0,0,0,0,0,0,25,790,18035,18850,0,0,0.0,0.0,0.0,0,0.0,1,1,1,1,1,1,1,1
crushing defensiveMove endgame pawnEndgame short,e3f2 f4g3 f2g3 e5f5,8/6p1/8/pp2k1p1/2p2p2/2P2PPP/PP3K2/8 b - -,2297,86,-1,220,337,210677,1,34,1000,0,0,35,2,36,14,986,0,34.0,3.0,17.0,12.0,988.0,0.0,1000,0,0,6,6,0,12,6,0,0,0,0,1,6,0,0,0,0,1,1,0,0,0,0,1,1,0,0,1,0,0,0,0,0,0,0,0,0,0,0,0,0,0,0,0,0,0,0,0,0,0,0,0,0,0,0,0,0,0,0,0,1,0,0,0,0,0,0,0,0,0,0,0,0,0,0,0,0,0,0,0,0,0,0,0,0,0,0,0,0,0,0,0,1,1,1,1.0,1.0,1.0,1,1,1,1,1,1,1,1,1,2,1,10,115,1227,1352,3,3,0.1,0.008695652173913,0.0008149959250203,3,1.0,0,0,1,1,1,1,1,1
advantage endgame exposedKing fork long,d5c6 g6g2 e2d3 a8d8 d3c4 g2c2,r5k1/ppp4p/2P3r1/8/4P3/B1P5/P1Q1K3/6N1 b - -,2226,82,-1,400,416,618980,1,42,1000,0,0,-538,2,18,0,0,1000,-548.0,3.0,24.0,0.0,0.0,1000.0,1000,0,0,19,14,5,33,4,1,1,0,1,1,4,0,0,2,0,1,0,0,1,0,1,1,0,0,1,0,0,0,0,0,0,0,0,0,1,0,0,0,0,0,0,0,0,0,0,0,0,0,0,0,0,0,0,0,0,0,0,0,0,0,0,0,0,0,0,0,0,0,0,0,0,0,0,0,0,0,0,0,0,0,0,0,0,0,0,0,0,0,0,0,1,2,2,2.0,1.0,1.5,1,0,2,4,2,7,1,1,1,2,1,26,680,17485,18191,3,5,0.0384615384615384,0.0029411764705882,0.0001143837575064,13,2.6,1,1,1,1,1,1,1,1
kingsideAttack mate mateIn1 middlegame oneMove,d4e3 g3g7,3q1r1k/1b3ppp/p3p3/7N/1p2p3/4b1Q1/PPr2PPP/R3R1K1 w - -,1161,82,1,1500,1500,98071,1,2,1000,0,0,-172,2,17,0,15,985,-202.0,3.0,25.0,0.0,3.0,997.0,1000,0,0,27,32,-5,59,5,1,0,2,1,1,7,0,2,2,1,1,0,0,0,1,0,0,0,0,0,0,1,0,0,0,0,1,0,0,0,0,1,1,0,0,0,0,0,0,0,0,0,0,0,0,0,0,0,0,0,0,0,0,0,0,0,0,0,0,0,0,0,0,0,0,0,0,0,0,0,0,0,0,0,0,0,0,0,0,0,0,0,0,0,0,0,0,0,0.0,0.0,0.0,0,0,0,0,0,0,0,0,0,0,0,33,1679,56277,57989,0,0,0.0,0.0,0.0,0,0.0,1,1,1,1,1,1,1,1
kingsideAttack mate mateIn2 middlegame sacrifice short,c2a2 f3f1 e1f1 f8f1,r4rk1/6pp/1p1Bp3/p7/P1PP4/4nqP1/Q2R3P/4R1K1 b - -,1302,75,-1,-1500,-1500,95705,1,4,1000,0,0,0,2,13,2,996,2,0.0,3.0,11.0,2.0,996.0,2.0,1000,0,0,27,27,0,54,5,0,1,2,1,1,5,1,0,2,1,1,0,0,0,1,0,0,1,0,0,0,1,1,0,0,0,1,0,0,0,0,0,0,0,0,0,0,0,1,0,0,0,0,0,0,0,0,0,0,0,0,0,0,0,0,0,0,0,0,0,0,0,0,0,0,0,0,0,0,0,0,0,0,0,0,0,0,0,0,0,0,0,0,0,0,1,1,0,1.0,0.0,0.5,1,1,0,2,1,0,1,1,0,2,0,47,1460,66155,67662,2,2,0.0212765957446808,0.0006849315068493,0.0,3,1.5,1,1,1,1,1,1,1,1
crushing defensiveMove endgame master quietMove veryLong,g6b6 a2b4 b6b4 c4b4 d2c2 b4a3 h6h7 a3a2,8/8/1R5P/2p5/p1k1pP2/4P3/np1K4/8 b - -,2284,94,-1,444,591,79997,1,34,1000,0,0,-287,2,21,0,0,1000,-487.0,3.0,18.0,0.0,0.0,1000.0,1000,0,0,8,7,1,15,3,0,0,1,0,1,4,1,0,0,0,1,1,0,0,0,0,1,0,0,0,0,0,0,0,1,0,0,1,0,0,0,0,0,0,0,1,0,0,0,0,0,0,0,0,0,0,0,0,0,0,0,0,0,1,0,0,0,0,0,0,0,0,0,0,0,0,0,0,0,0,0,0,0,0,0,0,0,0,0,0,0,0,0,0,0,1,1,9,1.0,9.0,5.0,1,1,0,2,1,11,1,1,3,3,1,9,140,1714,1863,2,11,0.1111111111111111,0.0071428571428571,0.0052508751458576,14,1.2727272727272727,1,1,1,1,1,1,1,1
crushing middlegame short,e8f6 d3d4 c5d5 f3g5,1r6/p1p3bk/Pp1p1npp/1PqP1p2/5P2/1Q1P1N2/6BP/5R1K w - -,1626,92,1,487,473,209649,1,36,1000,0,0,-153,2,22,0,35,965,-170.0,3.0,22.0,0.0,13.0,987.0,1000,0,0,26,27,-1,53,6,1,1,1,1,1,7,1,1,1,1,1,1,0,0,1,0,0,1,0,0,0,0,0,0,0,0,0,0,0,0,0,0,0,0,0,0,0,0,0,0,0,0,0,0,0,0,0,0,0,0,0,0,0,0,0,0,0,0,0,0,0,0,0,0,0,0,0,0,0,0,0,0,0,0,0,0,0,0,0,0,0,0,0,0,0,1,6,46,6.0,7.666666666666667,6.833333333333334,1,0,1,1,21,98,1,2,4,5,1,28,935,26491,27454,2,53,0.0357142857142857,0.0064171122994652,0.0017364387905326,120,2.2641509433962264,0,1,1,1,1,1,1,1
advantage deflection endgame master short,f6e5 d7d5 e5f4 d5d4,8/3R3p/6p1/4k3/2Bnp3/1P5P/P6r/4K3 w - -,1505,76,1,220,240,290112,1,51,1000,0,0,-147,2,25,0,46,954,-214.0,3.0,21.0,0.0,1.0,999.0,1000,0,0,11,11,0,22,3,0,1,1,0,1,3,1,0,1,0,1,0,0,0,0,1,1,1,0,0,0,0,0,0,1,0,0,0,0,0,0,0,0,0,0,0,0,0,0,0,0,1,0,0,0,0,0,0,0,0,0,0,0,0,0,0,0,0,0,0,0,0,0,0,0,0,0,0,0,0,0,0,0,0,0,0,0,0,0,0,0,0,0,0,0,1,1,1,1.0,1.0,1.0,1,1,1,2,1,1,1,1,1,2,1,26,581,12518,13125,3,3,0.0384615384615384,0.0017211703958691,7.988496564946476e-05,4,1.3333333333333333,0,1,1,1,1,1,1,1
crushing middlegame short,f8g7 c1g5 f6f7 d8e7,rnbQ3r/pp2n1bp/2p2k2/1q2p1p1/3P4/5N2/P1P2PPP/R1B1K2R w KQ -,1705,75,1,422,507,1382863,1,46,1000,0,0,-160,2,20,0,48,952,-355.0,3.0,24.0,0.0,0.0,1000.0,1000,0,0,31,37,-6,68,6,1,1,2,1,1,6,2,2,2,1,1,1,0,0,1,0,0,1,0,0,0,0,0,0,0,0,0,0,0,0,0,0,0,0,0,0,0,0,0,0,0,0,0,0,0,0,0,0,0,0,0,0,0,0,0,0,0,0,0,0,0,0,0,0,0,0,0,0,0,0,0,0,0,0,0,0,0,0,0,0,0,0,0,0,0,1,4,6,4.0,1.5,2.75,1,0,2,4,4,8,1,1,2,4,1,38,1336,46282,47656,3,11,0.0263157894736842,0.0029940119760479,0.0001296400328421,16,1.4545454545454546,0,0,1,1,1,1,1,1
advancedPawn crushing endgame master rookEndgame short,h2h3 f3f2 h3h4 g7e7,7R/6rP/8/8/8/5p1K/8/5k2 b - -,2580,94,-1,402,427,118846,1,32,1000,0,0,6,2,28,2,997,1,0.0,3.0,26.0,1.0,998.0,1.0,1000,0,0,6,6,0,12,1,0,0,1,0,1,1,0,0,1,0,1,1,0,0,0,0,1,1,1,0,0,0,0,0,1,0,0,0,0,0,0,0,0,0,0,0,0,0,0,0,0,0,0,0,1,0,0,0,0,0,0,0,0,0,0,0,0,0,0,0,0,0,0,0,0,0,0,0,0,0,0,0,0,0,0,0,0,0,0,0,0,0,0,0,0,1,4,10,4.0,2.5,3.25,1,0,3,1,8,30,1,2,1,3,1,19,167,2880,3066,4,15,0.0526315789473684,0.0239520958083832,0.0034722222222222,39,2.6,1,1,1,1,1,1,1,1
advantage discoveredAttack endgame short,d8e6 e4f6 g7f6 f4c4,6k1/6p1/pp2np1p/8/2r1NR1P/6P1/1PP5/1K6 w - -,1071,79,1,465,453,170232,1,31,1000,0,0,-60,2,32,0,930,70,-192.0,3.0,17.0,0.0,3.0,997.0,1000,0,0,12,13,-1,25,4,1,0,1,0,1,5,1,0,1,0,1,0,0,0,0,1,1,1,0,0,0,0,0,0,0,0,0,0,0,0,0,0,0,0,0,0,0,1,0,0,0,0,0,0,0,0,0,0,0,0,0,0,0,0,0,0,0,0,0,0,0,0,0,0,0,0,0,0,0,0,0,0,0,0,0,0,0,0,0,0,0,0,0,0,0,1,2,2,2.0,1.0,1.5,1,0,2,2,2,6,1,2,1,4,1,21,539,11869,12429,3,5,0.0476190476190476,0.0037105751391465,0.0001685061926025,10,2.0,1,1,1,1,1,1,1,1
crushing long middlegame,c2e4 c4e5 b4d5 e5g4 d5e3 f2e3,r4rk1/ppp3pp/4p3/2P4P/1nNPb1q1/P3QP2/1P3K2/R4B1R w - -,2148,77,1,318,347,75803,1,19,1000,0,0,-370,2,23,0,0,1000,-397.0,3.0,24.0,0.0,0.0,1000.0,1000,0,0,31,31,0,62,6,1,1,2,1,1,6,1,1,2,1,1,1,0,1,1,0,0,0,0,0,0,0,0,0,0,0,0,0,0,0,0,0,0,0,0,0,0,0,0,0,0,0,0,0,0,0,0,0,0,0,0,0,0,0,0,0,0,0,0,0,0,0,0,0,0,0,0,0,0,0,0,0,0,0,0,0,0,0,0,0,0,0,0,0,0,1,2,2,2.0,1.0,1.5,1,0,2,2,6,3,1,2,2,4,1,38,1840,63515,65393,3,5,0.0263157894736842,0.0010869565217391,3.148862473431473e-05,11,2.2,0,1,1,1,1,1,1,1
clearance crushing fork middlegame sacrifice veryLong,f6f5 f3e4 f5e4 d2e4 d5e4 d1d6 e6f7 d6a6,2r3nr/p5pp/b3k3/3p1p2/4p3/BP3P2/P1PN2PP/2KR3R w - -,1976,79,1,318,336,117196,1,29,1000,0,0,40,2,21,20,980,0,32.0,3.0,22.0,12.0,988.0,0.0,1000,0,0,22,22,0,44,6,1,1,2,0,1,6,1,1,2,0,1,1,0,0,1,0,0,0,0,1,0,0,0,0,0,0,0,1,0,0,0,0,0,0,0,0,0,0,1,0,0,0,0,0,0,0,0,0,0,0,0,0,0,0,0,0,0,1,0,0,0,0,0,0,0,0,0,0,0,0,0,0,0,0,0,0,0,0,0,0,0,0,0,0,0,1,6,34,6.0,5.666666666666667,5.833333333333334,1,0,1,1,9,53,1,3,5,5,1,27,848,23079,23954,2,41,0.037037037037037,0.0070754716981132,0.0014732007452662,63,1.5365853658536586,0,0,0,1,1,1,1,1
advantage fork middlegame short,e8d8 g5f7 d8c7 f7h8,3k3r/rp1qb3/2p2nQ1/p2p2N1/3P2pP/P3P1P1/1P3P2/1K1R3R w - -,1036,151,1,322,317,255834,1,35,1000,0,0,-30,2,23,1,982,17,-108.0,3.0,22.0,0.0,391.0,609.0,1000,0,0,29,30,-1,59,7,1,0,2,1,1,5,1,1,2,1,1,0,0,0,1,1,0,1,0,1,0,0,0,0,0,0,0,0,0,0,0,0,0,0,0,0,0,0,0,0,0,0,0,0,0,0,0,0,0,0,0,0,0,0,0,0,0,0,0,0,0,0,0,0,0,0,0,0,0,0,0,0,0,0,0,0,0,0,0,0,0,0,0,0,0,1,2,2,2.0,1.0,1.5,1,0,2,2,2,4,1,1,1,2,1,40,1128,42991,44159,3,5,0.025,0.00177304964539,4.6521364936847245e-05,8,1.6,1,1,1,1,1,1,1,1
attraction crushing middlegame veryLong,f4d6 d7d6 h2g1 g8g2 g1g2 d8g8 e2g4 f6g4,2kr2r1/3q1p2/pp1B1n1p/2pP4/2Pp4/PQ1P3P/4B1PK/R4R2 b - -,2013,77,-1,644,786,667412,1,43,1000,0,0,-277,2,34,0,0,1000,-319.0,3.0,35.0,0.0,0.0,1000.0,1000,0,0,31,28,3,59,6,0,2,2,1,1,6,1,0,2,1,1,1,0,0,1,0,0,0,0,0,0,0,0,0,0,0,0,1,0,0,0,0,0,0,0,0,0,0,0,0,0,0,0,0,0,1,0,0,0,0,0,0,0,0,0,0,0,0,0,0,0,0,0,0,0,0,0,0,0,0,0,0,0,0,0,0,0,0,0,0,0,0,0,0,0,1,1,1,1.0,1.0,1.0,1,1,1,1,3,2,1,1,1,2,1,34,1336,45136,46506,3,3,0.0294117647058823,0.0007485029940119,2.215526409074796e-05,6,2.0,1,0,0,1,1,1,1,1
crushing middlegame sacrifice veryLong,a7c7 h4g3 h2g1 e8h5 c7g7 g8h8 f2g3 f4g3 f1f3 h5h2,1r2q1k1/2R4p/3pNp2/3P4/1p3pbb/1BP5/1P3PPK/Q4R2 b - -,2153,84,-1,632,644,285627,1,43,1000,0,0,-318,2,20,0,0,1000,-394.0,3.0,20.0,0.0,0.0,1000.0,1000,0,0,30,25,5,55,5,1,1,2,1,1,5,0,2,1,1,1,1,0,0,1,0,0,0,0,0,0,0,0,0,0,0,0,1,0,0,0,0,0,0,0,0,0,0,1,0,0,0,0,0,0,0,0,0,0,0,0,0,0,0,0,0,0,0,0,0,0,0,0,0,0,0,0,0,0,0,0,0,0,0,0,0,0,0,0,0,0,0,0,0,0,1,1,1,1.0,1.0,1.0,1,1,1,1,1,3,1,1,1,3,1,34,1503,50017,51554,3,3,0.0294117647058823,0.0006653359946773,1.9993202311214188e-05,5,1.6666666666666667,0,0,1,1,1,1,1,1
advantage endgame short,f6d4 b2b3 c4c2 e2c2,6k1/5p1p/4p1p1/p2p4/2rb1P2/P3B1P1/1P2R1KP/8 w - -,1657,75,1,330,373,288248,1,36,1000,0,0,-236,2,25,0,0,1000,-255.0,3.0,28.0,0.0,0.0,1000.0,1000,0,0,13,14,-1,27,5,0,1,1,0,1,6,0,1,1,0,1,0,0,0,0,1,1,1,0,0,0,0,0,0,0,0,0,0,0,0,0,0,0,0,0,0,0,0,0,0,0,0,0,0,0,0,0,0,0,0,0,0,0,0,0,0,0,0,0,0,0,0,0,0,0,0,0,0,0,0,0,0,0,0,0,0,0,0,0,0,0,0,0,0,0,1,3,3,3.0,1.0,2.0,1,0,3,1,4,4,1,2,3,3,1,22,635,14163,14820,4,7,0.0454545454545454,0.0047244094488188,0.0002118195297606,9,1.2857142857142858,0,1,1,1,1,1,1,1
advancedPawn crushing master middlegame sacrifice short,h1h3 d7h3 g2h3 g3g2,6r1/pp1qbpk1/8/2pPp1r1/2P1Pp2/P1N2QpR/3B2K1/R7 b - -,2288,89,-1,475,519,503732,1,39,1000,0,0,-125,2,15,0,184,816,-140.0,3.0,17.0,0.0,87.0,913.0,1000,0,0,29,29,0,58,4,1,1,2,1,1,7,0,1,2,1,1,1,0,0,1,0,0,1,0,0,0,0,0,0,1,0,0,0,0,0,0,0,0,0,0,0,0,0,1,0,0,0,0,0,1,0,0,0,0,0,0,0,0,0,0,0,0,0,0,0,0,0,0,0,0,0,0,0,0,0,0,0,0,0,0,0,0,0,0,0,0,0,0,0,0,1,1,1,1.0,1.0,1.0,1,1,1,4,1,1,1,1,1,2,1,37,1479,51327,52843,3,3,0.027027027027027,0.0006761325219743,1.94829232177996e-05,6,2.0,0,0,1,1,1,1,1,1
crushing middlegame short,g1h2 h8h3 f5h3 f4h3,3r3r/q4pk1/p4N2/1p2PQp1/P4n2/3p1P1P/1P4PK/3RR3 b - -,1842,74,-1,527,554,1420212,1,37,1000,0,0,0,2,21,2,996,2,-233.0,3.0,22.0,0.0,0.0,1000.0,1000,0,0,28,27,1,55,6,1,0,2,1,1,5,1,0,2,1,1,1,0,0,1,0,0,1,0,0,0,0,0,0,0,0,0,0,0,0,0,0,0,0,0,0,0,0,0,0,0,0,0,0,0,0,0,0,0,0,0,0,0,0,0,0,0,0,0,0,0,0,0,0,0,0,0,0,0,0,0,0,0,0,0,0,0,0,0,0,0,0,0,0,0,1,1,1,1.0,1.0,1.0,1,1,1,5,1,5,1,1,1,3,1,44,1640,61377,63061,3,3,0.0227272727272727,0.0006097560975609,1.629274809782166e-05,11,3.6666666666666665,0,0,1,1,1,1,1,1
crushing middlegame short,c7b7 f5f2 f1f2 f8f2,5r1k/pQ4p1/6qp/5r2/3Pp1b1/2P5/P2B1PPP/R4R1K b - -,1745,75,-1,326,337,176518,1,30,1000,0,0,31,2,18,14,986,0,0.0,3.0,24.0,2.0,996.0,2.0,1000,0,0,28,26,2,54,6,0,1,2,1,1,4,0,1,2,1,1,1,0,0,1,0,0,1,0,0,0,0,0,0,0,0,0,0,0,0,0,0,0,0,0,0,0,0,0,0,0,0,0,0,0,0,0,0,0,0,0,0,0,0,0,0,0,0,0,0,0,0,0,0,0,0,0,0,0,0,0,0,0,0,0,0,0,0,0,0,0,0,0,0,0,1,1,1,1.0,1.0,1.0,1,1,1,3,1,1,1,1,1,3,1,42,1824,76041,77907,3,3,0.0238095238095238,0.000548245614035,1.3150800226193765e-05,5,1.6666666666666667,1,1,1,1,0,1,1,1
attraction kingsideAttack master mate mateIn2 middlegame pin sacrifice short,f8f6 h1h8 g8h8 g6h7,r1b3k1/pp4b1/n1pqprQ1/4p3/2P2PP1/P2B4/1P6/R1B1K2R w KQ -,1842,77,1,1500,1500,426513,1,4,1000,0,0,89,2,33,355,645,0,0.0,3.0,42.0,4.0,992.0,4.0,1000,0,0,30,33,-3,63,5,0,2,2,1,1,5,1,2,2,1,1,0,0,0,1,0,0,1,0,0,0,1,1,0,1,0,1,0,0,0,0,0,0,0,1,0,0,0,1,0,0,0,0,0,0,1,0,0,0,0,0,0,0,0,0,0,0,0,0,0,0,0,0,0,0,0,0,0,0,0,0,0,0,0,0,0,0,0,0,0,0,0,0,0,0,1,1,0,1.0,0.0,0.5,1,1,0,7,1,0,1,1,0,2,0,42,1111,42459,43612,2,2,0.0238095238095238,0.0009000900090009,0.0,8,4.0,0,1,1,1,1,1,1,1
advantage fork middlegame short,d3g6 d8g5 c1b1 g5g6,1r1q1rk1/1b4b1/4p1Bp/3pP3/p2B2P1/7Q/PPP5/2KR3R b - -,919,99,-1,258,272,146894,1,27,1000,0,0,-193,2,26,0,4,996,-213.0,3.0,19.0,0.0,1.0,999.0,1000,0,0,30,29,1,59,5,0,2,2,1,1,4,0,2,2,1,1,0,0,0,1,1,0,1,0,1,0,0,0,0,0,0,0,0,0,0,0,0,0,0,0,0,0,0,0,0,0,0,0,0,0,0,0,0,0,0,0,0,0,0,0,0,0,0,0,0,0,0,0,0,0,0,0,0,0,0,0,0,0,0,0,0,0,0,0,0,0,0,0,0,0,1,3,3,3.0,1.0,2.0,1,0,3,3,5,3,1,3,1,3,1,31,1312,42492,43835,4,7,0.032258064516129,0.0022865853658536,7.060152499293985e-05,11,1.5714285714285714,0,1,1,1,1,1,1,1
crushing endgame fork short,d1d4 f4e2 g1f1 e2d4,r5k1/5pp1/2p5/P1N4p/2PR1n2/1P3P2/5P1P/6K1 b - -,712,97,-1,407,404,57347,1,21,1000,0,0,-64,2,18,0,909,91,-152.0,3.0,24.0,0.0,34.0,966.0,1000,0,0,14,12,2,26,6,1,0,1,0,1,4,1,0,1,0,1,1,0,0,0,0,1,1,0,1,0,0,0,0,0,0,0,0,0,0,0,0,0,0,0,0,0,0,0,0,0,0,0,0,0,0,0,0,0,0,0,0,0,0,0,0,0,0,0,0,0,0,0,0,0,0,0,0,0,0,0,0,0,0,0,0,0,0,0,0,0,0,0,0,0,1,3,3,3.0,1.0,2.0,1,0,3,2,3,6,1,1,1,2,1,23,481,10445,10949,4,7,0.0434782608695652,0.0062370062370062,0.0002872187649593,11,1.5714285714285714,1,1,1,1,1,1,1,1
endgame mate mateIn1 oneMove,a4a5 c6h6,8/8/n1R4p/r5p1/5p1k/7P/5PK1/8 w - -,573,96,1,1500,1500,98765,1,2,1000,0,0,-471,2,21,0,0,1000,-497.0,3.0,20.0,0.0,0.0,1000.0,1000,0,0,7,11,-4,18,2,0,0,1,0,1,3,1,0,1,0,1,0,0,0,0,0,1,0,0,0,0,1,0,0,0,0,0,0,0,0,0,1,1,0,0,0,0,0,0,0,0,0,0,0,0,0,0,0,0,0,0,0,0,0,0,0,0,0,0,0,0,0,0,0,0,0,0,0,0,0,0,0,0,0,0,0,0,0,0,0,0,0,0,0,0,0,0,0,0.0,0.0,0.0,0,0,0,0,0,0,0,0,0,0,0,20,318,5443,5781,0,0,0.0,0.0,0.0,0,0.0,1,1,1,1,1,1,1,1
advancedPawn crushing discoveredAttack discoveredCheck endgame long,c5e7 e8e7 f6e7 f5f6 c4e4 f6e7,4Q3/4qppk/2p2b1p/1p2pP2/2r1B3/5P1P/6P1/5R1K w - -,1293,75,1,443,447,55023,1,31,1000,0,0,-35,2,21,0,986,14,-133.0,3.0,20.0,0.0,103.0,897.0,1000,0,0,21,23,-2,44,4,0,1,1,1,1,6,0,1,1,1,1,1,0,1,0,0,1,0,0,0,0,0,0,0,0,0,0,0,0,0,0,0,0,0,0,0,0,1,0,0,0,0,0,0,1,0,0,0,0,0,0,0,0,0,0,0,0,0,0,0,0,0,0,1,0,0,0,0,0,0,0,0,0,0,0,0,0,0,0,0,0,0,0,0,0,1,1,21,1.0,21.0,11.0,1,1,0,1,3,37,1,1,5,5,1,29,744,22481,23254,2,23,0.0344827586206896,0.0013440860215053,0.0009341221475912,41,1.7826086956521738,0,1,1,1,1,1,1,1
advantage middlegame short,a8f8 f1h1 g6h4 h1h4,5rr1/1p5k/p2b1Pn1/2p1p1P1/P1PpP3/2P5/1P3KB1/R4R2 w - -,959,77,1,172,348,223791,1,27,1000,0,0,23,2,26,7,993,0,-60.0,3.0,28.0,0.0,932.0,68.0,1000,0,0,20,21,-1,41,7,0,1,2,0,1,5,1,1,2,0,1,0,0,0,1,1,0,1,0,0,0,0,0,0,0,0,0,0,0,0,0,0,0,0,0,0,0,0,0,0,0,0,0,0,0,0,0,0,0,0,0,0,0,0,0,0,0,0,0,0,0,0,0,0,0,0,0,0,0,0,0,0,0,0,0,0,0,0,0,0,0,0,0,0,0,1,1,1,1.0,1.0,1.0,1,1,1,2,2,3,1,1,1,2,1,25,529,12906,13460,3,3,0.04,0.0018903591682419,7.748334108166744e-05,7,2.333333333333333,0,1,1,1,1,1,1,1
advantage exposedKing long middlegame queensideAttack,a7c7 a1a6 c7c4 b4c4 c8d7 a6a7,2k4r/2q3p1/p2rpn1p/8/1RQP4/2P1P3/1P4PP/R5K1 w - -,2037,76,1,421,380,198901,1,31,1000,0,0,25,2,27,9,991,0,-5.0,3.0,25.0,1.0,996.0,3.0,1000,0,0,25,26,-1,51,6,0,0,2,1,1,4,1,0,2,1,1,0,0,1,1,1,0,0,0,0,0,0,0,0,0,0,0,0,0,1,0,0,0,0,0,0,0,0,0,0,0,0,0,0,0,0,0,0,0,0,1,0,0,0,0,0,0,0,0,0,0,0,0,0,0,0,0,0,0,0,0,0,0,0,0,0,0,0,0,0,0,0,0,0,0,1,2,3,2.0,1.5,1.75,1,0,1,5,3,5,1,1,2,2,1,38,1066,39668,40772,2,6,0.0263157894736842,0.0018761726078799,7.562770999294142e-05,13,2.1666666666666665,0,0,0,1,1,1,1,1
kingsideAttack mate mateIn2 middlegame short,d5b3 e2g4 g8h8 g4g7,3r1rk1/p3R2p/2p2p2/1pP5/1n1P1P2/1q4P1/1B2Q2P/2K1R3 w - -,1192,77,1,1500,1500,33303,1,4,1000,0,0,40,2,23,24,976,0,-46.0,3.0,22.0,0.0,965.0,35.0,1000,0,0,27,27,0,54,5,0,1,2,1,1,5,1,0,2,1,1,0,0,0,1,0,0,1,0,0,0,1,1,0,0,0,1,0,0,0,0,0,0,0,0,0,0,0,0,0,0,0,0,0,0,0,0,0,0,0,0,0,0,0,0,0,0,0,0,0,0,0,0,0,0,0,0,0,0,0,0,0,0,0,0,0,0,0,0,0,0,0,0,0,0,1,1,0,1.0,0.0,0.5,1,1,0,2,1,0,1,1,0,2,0,42,1372,44884,46298,2,2,0.0238095238095238,0.0007288629737609,0.0,3,1.5,0,1,1,1,1,1,1,1
advantage master middlegame short,b4b1 a3d6 b1c1 b5f1,5rk1/p4pp1/3qb2p/1B1p4/3P4/Q3PN2/P4PPP/1rR3K1 w - -,1188,76,1,267,284,290879,1,40,1000,0,0,-452,2,23,0,0,1000,-477.0,3.0,23.0,0.0,0.0,1000.0,1000,0,0,26,27,-1,53,6,1,1,1,1,1,5,0,1,2,1,1,0,0,0,1,1,0,1,0,0,0,0,0,0,1,0,0,0,0,0,0,0,0,0,0,0,0,0,0,0,0,0,0,0,0,0,0,0,0,0,0,0,0,0,0,0,0,0,0,0,0,0,0,0,0,0,0,0,0,0,0,0,0,0,0,0,0,0,0,0,0,0,0,0,0,1,2,2,2.0,1.0,1.5,1,0,2,3,6,4,1,1,1,2,1,36,1422,50415,51873,3,5,0.0277777777777777,0.0014064697609001,3.967073291679064e-05,13,2.6,1,1,1,1,1,1,1,1
advantage fork middlegame short,h3h4 e3g5 h5g3 g2g3,3r1rk1/p1p2pbp/1p4p1/7n/4P2q/1P2BP2/P1B3QP/3R1R1K w - -,1553,75,1,437,441,59665,1,20,1000,0,0,-51,2,27,0,940,60,-71.0,3.0,19.0,0.0,839.0,161.0,1000,0,0,30,31,-1,61,5,0,2,2,1,1,6,1,1,2,1,1,0,0,0,1,1,0,1,0,1,0,0,0,0,0,0,0,0,0,0,0,0,0,0,0,0,0,0,0,0,0,0,0,0,0,0,0,0,0,0,0,0,0,0,0,0,0,0,0,0,0,0,0,0,0,0,0,0,0,0,0,0,0,0,0,0,0,0,0,0,0,0,0,0,0,1,4,10,4.0,2.5,3.25,1,0,1,2,13,25,1,3,3,4,1,42,1782,68177,70001,2,15,0.0238095238095238,0.0022446689113355,0.0001466770318435,40,2.6666666666666665,0,1,1,1,1,1,1,1
advantage clearance fork long middlegame,c5c7 f4f3 g2f3 h4d4 g1g2 d4a1,4r1k1/p1Q2pp1/1p5p/4P3/5r1q/5R2/P3B1PP/R5K1 b - -,1640,75,-1,456,469,673073,1,36,1000,0,0,-348,2,22,0,0,1000,-410.0,3.0,24.0,0.0,0.0,1000.0,1000,0,0,26,24,2,50,4,0,1,2,1,1,5,0,0,2,1,1,0,0,1,1,1,0,0,0,1,0,0,0,0,0,0,0,0,0,0,0,0,0,0,0,0,0,0,0,0,0,0,0,0,0,0,0,0,0,0,0,0,0,0,0,0,0,1,0,0,0,0,0,0,0,0,0,0,0,0,0,0,0,0,0,0,0,0,0,0,0,0,0,0,0,1,1,1,1.0,1.0,1.0,1,1,1,1,2,2,1,1,1,3,1,39,1648,61184,62871,3,3,0.0256410256410256,0.0006067961165048,1.6344142259414225e-05,5,1.6666666666666667,1,0,1,1,1,1,1,1
endgame mate mateIn2 rookEndgame short,b2d2 g1h1 d2h2 h1h2,8/6P1/5k1K/8/8/3p4/P2R4/6r1 b - -,1122,81,-1,-1500,-1500,52682,1,4,1000,0,0,38,2,17,17,983,0,-228.0,3.0,31.0,0.0,0.0,1000.0,1000,0,0,7,6,1,13,2,0,0,1,0,1,1,0,0,1,0,1,0,0,0,0,0,1,1,1,0,0,1,1,0,0,0,0,0,0,0,0,0,0,0,0,0,0,0,0,0,0,0,0,0,0,0,0,0,0,0,0,0,0,0,0,0,0,0,0,0,0,0,0,0,0,0,0,0,0,0,0,0,0,0,0,0,0,0,0,0,0,0,0,0,0,1,1,0,1.0,0.0,0.5,1,1,0,1,4,0,1,1,0,1,0,18,252,3988,4258,2,2,0.0555555555555555,0.0039682539682539,0.0,5,2.5,1,1,1,1,1,1,1,1
advantage middlegame veryLong,c5b5 d7d6 e5g6 f7g6 d2d6 d8d6 d1d6 e7d6,b2r2k1/p2rqpp1/n2Npb1p/1Q2N3/1P6/P5P1/3RPPBP/3R2K1 b - -,2123,79,-1,239,242,96980,1,28,999,1,0,-99,2,29,0,507,493,-364.0,3.0,25.0,0.0,0.0,1000.0,996,4,0,34,33,1,67,6,2,1,2,1,1,5,1,2,2,1,1,0,0,0,1,1,0,0,0,0,0,0,0,0,0,0,0,1,0,0,0,0,0,0,0,0,0,0,0,0,0,0,0,0,0,0,0,0,0,0,0,0,0,0,0,0,0,0,0,0,0,0,0,0,0,0,0,0,0,0,0,0,0,0,0,0,0,0,0,0,0,0,0,0,0,1,3,3,3.0,1.0,2.0,1,0,3,1,6,15,1,1,1,1,1,29,1608,51386,53023,4,7,0.0344827586206896,0.001865671641791,5.838166037442105e-05,22,3.142857142857143,0,1,0,1,1,1,1,1
kingsideAttack mate mateIn1 oneMove opening,f3d4 d6h2,rnb2rk1/5ppp/p2q4/1p1P4/2pN2n1/2N5/PP2BPPP/R2Q1RK1 b - -,526,89,-1,-1500,-1500,32395,1,2,1000,0,0,14,2,26,14,983,3,-7.0,3.0,20.0,5.0,985.0,10.0,1000,0,0,34,34,0,68,6,2,1,2,1,1,6,2,1,2,1,1,0,0,0,0,0,0,0,0,0,0,1,0,0,0,0,1,0,0,0,0,1,1,1,0,0,0,0,0,0,0,0,0,0,0,0,0,0,0,0,0,0,0,0,0,0,0,0,0,0,0,0,0,0,0,0,0,0,0,0,0,0,0,0,0,0,0,0,0,0,0,0,0,0,0,0,0,0,0.0,0.0,0.0,0,0,0,0,0,0,0,0,0,0,0,42,1504,59914,61460,0,0,0.0,0.0,0.0,0,0.0,1,1,1,1,1,1,1,1
crushing defensiveMove endgame knightEndgame long,d5c7 b5c6 e7d8 c6b7 d8d7 a4a5,8/2n1k3/8/1K6/P7/8/1P6/8 w - -,2390,83,1,413,386,448538,1,50,1000,0,0,61,2,24,68,932,0,46.0,3.0,23.0,26.0,974.0,0.0,1000,0,0,2,3,-1,5,2,0,0,0,0,1,0,1,0,0,0,1,1,0,1,0,0,1,0,0,0,0,0,0,0,0,0,0,0,0,0,0,0,0,0,0,0,0,0,0,0,0,0,0,0,0,0,0,0,0,0,0,1,0,1,0,0,0,0,0,0,0,0,0,0,0,0,0,0,0,0,0,0,0,0,0,0,0,0,0,0,0,0,0,0,0,1,3,5,3.0,1.6666666666666667,2.333333333333333,1,0,2,1,5,5,1,2,2,3,1,6,81,625,712,3,9,0.1666666666666666,0.037037037037037,0.008,11,1.2222222222222223,0,0,1,0,1,1,1,1
backRankMate endgame mate mateIn2 queenRookEndgame short,c6d7 e8e1 f7f1 e1f1,1k2r3/p2Q1R2/8/1p5p/P1P3p1/8/6PP/7K b - -,423,119,-1,-1500,-1500,2139,1,4,1000,0,0,-1500,2,5,0,0,1000,-1500.0,3.0,3.0,0.0,0.0,1000.0,1000,0,0,18,9,9,27,4,0,0,1,1,1,4,0,0,1,0,1,0,0,0,0,0,1,1,0,0,0,1,1,0,0,0,0,0,0,0,0,0,0,0,0,0,1,0,0,0,0,0,0,0,0,0,0,0,0,0,0,0,0,0,0,0,1,0,0,0,0,0,0,0,0,0,0,0,0,0,0,0,0,0,0,0,0,0,0,0,0,0,0,0,0,1,1,0,1.0,0.0,0.5,1,1,0,7,6,0,1,1,0,1,0,20,675,9408,10103,2,2,0.05,0.0014814814814814,0.0,13,6.5,1,1,1,1,1,1,1,1
crushing discoveredAttack endgame master rookEndgame short,e3e4 d5e4 f3e3 d7d4,3r4/3r2k1/p7/3p2p1/3RP1Pp/1P3K2/P2R4/8 b - -,1524,78,-1,572,587,113921,1,30,1000,0,0,0,2,22,2,996,2,-23.0,3.0,21.0,0.0,993.0,7.0,1000,0,0,14,14,0,28,4,0,0,2,0,1,4,0,0,2,0,1,1,0,0,0,0,1,1,1,0,0,0,0,0,1,0,0,0,0,0,0,0,0,0,0,0,0,1,0,0,0,0,0,0,0,0,0,0,0,0,0,0,0,0,0,0,0,0,0,0,0,0,0,0,0,0,0,0,0,0,0,0,0,0,0,0,0,0,0,0,0,0,0,0,0,1,3,3,3.0,1.0,2.0,1,0,3,1,3,11,1,2,1,3,1,24,474,12108,12606,4,7,0.0416666666666666,0.0063291139240506,0.0002477700693756,15,2.142857142857143,0,1,1,1,1,1,1,1
attraction crushing long middlegame,a8d8 d2d8 e7d8 d1d8 e8d8 g5f7,3rk2r/pp2qpp1/2b1pn2/6Np/2p4P/2N1RP2/PPPQ2P1/2KR4 w k -,1433,84,1,555,583,554588,1,39,1000,0,0,-149,2,20,0,64,936,-179.0,3.0,22.0,0.0,13.0,987.0,1000,0,0,31,32,-1,63,6,2,0,2,1,1,7,1,1,2,1,1,1,0,1,1,0,0,0,0,0,0,0,0,0,0,0,0,0,0,0,0,0,0,0,0,0,0,0,0,0,0,0,0,0,0,1,0,0,0,0,0,0,0,0,0,0,0,0,0,0,0,0,0,0,0,0,0,0,0,0,0,0,0,0,0,0,0,0,0,0,0,0,0,0,0,1,1,1,1.0,1.0,1.0,1,1,1,6,1,7,1,1,1,2,1,38,1433,56176,57647,3,3,0.0263157894736842,0.0006978367062107,1.7801196240387355e-05,14,4.666666666666667,1,1,1,1,1,1,1,1
crushing middlegame short,b6d4 e8e4 d4f6 g7f6,4r1k1/3b1pp1/5q1p/r7/P1pBQ3/2P4P/5PP1/R4RK1 b - -,1315,76,-1,410,415,121202,1,32,1000,0,0,70,2,19,136,864,0,30.0,3.0,15.0,13.0,987.0,0.0,1000,0,0,27,26,1,53,5,0,1,2,1,1,4,0,1,2,1,1,1,0,0,1,0,0,1,0,0,0,0,0,0,0,0,0,0,0,0,0,0,0,0,0,0,0,0,0,0,0,0,0,0,0,0,0,0,0,0,0,0,0,0,0,0,0,0,0,0,0,0,0,0,0,0,0,0,0,0,0,0,0,0,0,0,0,0,0,0,0,0,0,0,0,1,1,1,1.0,1.0,1.0,1,1,1,4,2,1,1,1,1,3,1,49,2070,91581,93700,3,3,0.0204081632653061,0.0004830917874396,1.0919295487055177e-05,7,2.333333333333333,0,0,1,1,1,1,1,1
crushing endgame long master masterVsMaster,d8f8 h1h7 f8f7 h7f7 e7f7 d2d6,5r2/4k3/3pn3/p3r1p1/PpB3K1/1P4P1/3R4/7R w - -,1751,75,1,363,382,81807,1,37,1000,0,0,57,2,23,58,942,0,0.0,3.0,18.0,2.0,996.0,2.0,1000,0,0,16,17,-1,33,3,0,1,2,0,1,4,1,0,2,0,1,1,0,1,0,0,1,0,0,0,0,0,0,0,1,0,0,0,0,0,0,0,0,0,0,0,0,0,0,0,0,0,0,0,0,0,0,0,1,0,0,0,0,0,0,0,0,0,0,0,0,0,0,0,0,0,0,0,0,0,0,0,0,0,0,0,0,0,0,0,0,0,0,0,0,1,3,9,3.0,3.0,3.0,1,0,1,6,4,18,1,3,1,3,1,35,1140,33362,34537,2,13,0.0285714285714285,0.0026315789473684,0.0002697679995204,28,2.1538461538461537,0,1,0,1,1,1,1,1
crushing endgame master queenEndgame short,h3h4 g7g5 a5g5 h6g5,8/6pk/7p/Q7/6PK/3q4/1P5P/8 b - -,1036,99,-1,-1500,-1500,39835,1,24,1000,0,0,0,2,19,2,996,2,0.0,3.0,6.0,2.0,996.0,2.0,1000,0,0,12,11,1,23,3,0,0,0,1,1,2,0,0,0,1,1,1,0,0,0,0,1,1,0,0,0,0,0,0,1,0,0,0,0,0,0,0,0,0,0,0,0,0,0,0,0,0,0,0,0,0,0,0,0,0,0,0,0,0,1,0,0,0,0,0,0,0,0,0,0,0,0,0,0,0,0,0,0,0,0,0,0,0,0,0,0,0,0,0,0,1,1,1,1.0,1.0,1.0,1,1,1,2,6,1,1,1,1,2,0,30,693,17479,18202,3,3,0.0333333333333333,0.0014430014430014,5.7211510956004346e-05,9,3.0,1,1,1,1,1,1,1,1
crushing endgame fork short,a2a5 b4c6 d8d7 c6a5,3K4/8/2P5/R5pp/1n6/5PkP/6P1/8 b - -,961,103,-1,513,537,100067,1,29,1000,0,0,-439,2,24,0,0,1000,-521.0,3.0,16.0,0.0,0.0,1000.0,1000,0,0,9,5,4,14,4,0,0,1,0,1,2,1,0,0,0,1,1,0,0,0,0,1,1,0,1,0,0,0,0,0,0,0,0,0,0,0,0,0,0,0,0,0,0,0,0,0,0,0,0,0,0,0,0,0,0,0,0,0,0,0,0,0,0,0,0,0,0,0,0,0,0,0,0,0,0,0,0,0,0,0,0,0,0,0,0,0,0,0,0,0,1,2,2,2.0,1.0,1.5,1,0,2,2,2,4,1,1,1,2,1,13,255,3050,3318,3,5,0.0769230769230769,0.0078431372549019,0.000655737704918,8,1.6,1,1,1,1,1,1,1,1
endgame mate mateIn1 oneMove vukovicMate,f3e1 a2d2,8/8/8/P6p/8/2Rnk3/r7/3KN3 b - -,1814,80,-1,-1500,-1500,97183,1,2,1000,0,0,64,2,34,83,917,0,12.0,3.0,21.0,3.0,996.0,1.0,1000,0,0,9,9,0,18,1,1,0,1,0,1,1,1,0,1,0,1,0,0,0,0,0,1,0,0,0,0,1,0,0,0,0,0,0,0,0,0,1,1,0,0,0,0,0,0,0,0,0,0,0,0,0,0,0,0,0,0,0,0,0,0,0,0,0,0,0,0,0,0,0,0,0,0,0,0,0,0,0,0,1,0,0,0,0,0,0,0,0,0,0,0,0,0,0,0.0,0.0,0.0,0,0,0,0,0,0,0,0,0,0,0,16,214,3713,3943,0,0,0.0,0.0,0.0,0,0.0,1,1,1,1,1,1,1,1
advantage middlegame short,c7d7 b5d7 f6d7 b6d8,2rr2k1/1p1q1pp1/1B2pnp1/1Q1p4/8/2P2B2/PP4Pb/3RR2K w - -,1273,79,1,295,306,224101,1,36,1000,0,0,-270,2,20,0,0,1000,-342.0,3.0,24.0,0.0,0.0,1000.0,1000,0,0,29,31,-2,60,4,0,2,2,1,1,6,1,1,2,1,1,0,0,0,1,1,0,1,0,0,0,0,0,0,0,0,0,0,0,0,0,0,0,0,0,0,0,0,0,0,0,0,0,0,0,0,0,0,0,0,0,0,0,0,0,0,0,0,0,0,0,0,0,0,0,0,0,0,0,0,0,0,0,0,0,0,0,0,0,0,0,0,0,0,0,1,2,2,2.0,1.0,1.5,1,0,2,2,3,3,1,2,2,5,1,49,1611,76290,77950,3,5,0.0204081632653061,0.0012414649286157,2.6215755669157164e-05,8,1.6,1,1,1,1,1,1,1,1
crushing defensiveMove long middlegame,e4e6 c5d4 e6f6 d4f6 e3a7 b7b6,5rk1/npp3p1/p3Rr1p/2b5/3N4/4B2P/PPP2PP1/R5K1 b - -,1936,74,-1,349,304,399957,1,36,1000,0,0,-84,2,17,0,741,259,-121.0,3.0,21.0,0.0,205.0,795.0,1000,0,0,22,21,1,43,6,1,1,2,0,1,5,1,1,2,0,1,1,0,1,1,0,0,0,0,0,0,0,0,0,0,0,0,0,0,0,0,0,0,0,0,0,0,0,0,0,0,0,0,0,0,0,0,0,0,0,0,0,0,1,0,0,0,0,0,0,0,0,0,0,0,0,0,0,0,0,0,0,0,0,0,0,0,0,0,0,0,0,0,0,0,1,1,1,1.0,1.0,1.0,1,1,1,1,1,2,1,1,1,2,1,32,1226,40509,41767,3,3,0.03125,0.0008156606851549,2.468587227529685e-05,4,1.3333333333333333,0,1,0,1,1,1,1,1
crushing middlegame short,f4g5 d8g5 c1b1 f8f3,r2q1r1k/pppn2pp/2n1B3/6B1/8/2N2Q2/PPP3PP/2KR1R2 b - -,1587,85,-1,389,407,756166,1,34,1000,0,0,-499,2,21,0,0,1000,-508.0,3.0,22.0,0.0,0.0,1000.0,1000,0,0,33,30,3,63,5,1,2,2,1,1,5,2,0,2,1,1,1,0,0,1,0,0,1,0,0,0,0,0,0,0,0,0,0,0,0,0,0,0,0,0,0,0,0,0,0,0,0,0,0,0,0,0,0,0,0,0,0,0,0,0,0,0,0,0,0,0,0,0,0,0,0,0,0,0,0,0,0,0,0,0,0,0,0,0,0,0,0,0,0,0,1,1,1,1.0,1.0,1.0,1,1,1,3,1,5,1,1,1,3,1,33,1890,64232,66155,3,3,0.0303030303030303,0.0005291005291005,1.556856395566073e-05,9,3.0,1,1,1,1,1,1,1,1
crushing endgame long master,b7a7 d8d1 a7a8 g8h7 a8e4 e2e4,3r2k1/Q4pp1/1p2p2p/8/2P5/1P6/P3qPPP/5RK1 b - -,1465,79,-1,741,493,56742,1,24,1000,0,0,-13,2,16,1,995,4,-30.0,3.0,17.0,0.0,989.0,11.0,1000,0,0,20,19,1,39,6,0,0,1,1,1,5,0,0,1,1,1,1,0,1,0,0,1,0,0,0,0,0,0,0,1,0,0,0,0,0,0,0,0,0,0,0,0,0,0,0,0,0,0,0,0,0,0,0,0,0,0,0,0,0,0,0,0,0,0,0,0,0,0,0,0,0,0,0,0,0,0,0,0,0,0,0,0,0,0,0,0,0,0,0,0,1,1,1,1.0,1.0,1.0,1,1,1,7,2,2,1,1,1,2,1,38,1003,34783,35824,3,3,0.0263157894736842,0.0009970089730807,2.8749676566138632e-05,11,3.6666666666666665,0,1,1,1,1,1,1,1
mate mateIn2 middlegame short,c5d4 e4b1 e2d1 b1d1,6nr/1pN2ppp/p2Qbk2/4p3/3Bq3/8/PP2BPPP/5K1R b - -,1021,93,-1,-1500,-1500,49521,1,4,1000,0,0,39,2,19,23,977,0,-247.0,3.0,24.0,0.0,0.0,1000.0,1000,0,0,28,26,2,54,5,1,2,1,1,1,6,1,1,1,1,1,0,0,0,1,0,0,1,0,0,0,1,1,0,0,0,0,0,0,0,0,0,0,0,0,0,0,0,0,0,0,0,0,0,0,0,0,0,0,0,0,0,0,0,0,0,0,0,0,0,0,0,0,0,0,0,0,0,0,0,0,0,0,0,0,0,0,0,0,0,0,0,0,0,0,1,1,0,1.0,0.0,0.5,1,1,0,3,1,0,1,1,0,2,0,28,1128,29590,30746,2,2,0.0357142857142857,0.000886524822695,0.0,4,2.0,1,1,1,1,1,1,1,1
advantage middlegame short,f6g5 g3e5 h8h7 g6h7,rn1q1knr/pbpp4/1p2p1Q1/6p1/1bPP3p/2N3B1/PP2PPPP/R3KB1R w KQ -,1498,77,1,260,297,177691,1,27,1000,0,0,-434,2,17,0,0,1000,-457.0,3.0,20.0,0.0,0.0,1000.0,1000,0,0,36,38,-2,74,8,1,2,2,1,1,7,2,2,2,1,1,0,0,0,1,1,0,1,0,0,0,0,0,0,0,0,0,0,0,0,0,0,0,0,0,0,0,0,0,0,0,0,0,0,0,0,0,0,0,0,0,0,0,0,0,0,0,0,0,0,0,0,0,0,0,0,0,0,0,0,0,0,0,0,0,0,0,0,0,0,0,0,0,0,0,1,2,3,2.0,1.5,1.75,1,0,1,2,4,5,1,2,2,2,1,37,1098,40267,41402,2,6,0.027027027027027,0.0018214936247723,7.450269451411827e-05,11,1.8333333333333333,1,1,1,1,1,1,1,1
discoveredAttack discoveredCheck kingsideAttack mate mateIn2 middlegame morphysMate short,f6h8 g8g2 g1h1 g2g4,2k3rB/ppp2p1p/2np4/8/4P3/2NB1b2/PPP2PPP/R4RK1 b - -,1456,77,-1,-1500,-1500,180351,1,4,1000,0,0,-423,2,18,0,0,1000,-460.0,3.0,30.0,0.0,0.0,1000.0,1000,0,0,26,17,9,43,7,1,2,2,0,1,6,1,1,1,0,1,0,0,0,1,0,0,1,0,0,0,1,1,0,0,0,1,0,0,0,0,0,0,0,0,0,0,1,0,0,0,0,1,0,0,0,0,0,0,0,0,0,0,0,0,0,0,0,0,0,0,0,0,1,0,0,0,0,0,0,0,0,0,0,0,0,0,0,0,0,0,0,0,0,0,1,1,0,1.0,0.0,0.5,1,1,0,6,1,0,1,1,0,2,0,35,1087,36038,37160,2,2,0.0285714285714285,0.0009199632014719,0.0,7,3.5,0,0,0,0,0,0,0,0
advancedPawn crushing endgame pawnEndgame short,g2g4 a4a3 c3b4 a3b2,5k2/5P2/4K3/4p3/ppp1P1P1/2P1P3/PP6/8 b - -,1636,74,-1,527,553,148307,1,23,1000,0,0,-849,2,20,0,0,1000,-1007.0,3.0,46.0,0.0,0.0,1000.0,1000,0,0,7,4,3,11,7,0,0,0,0,1,4,0,0,0,0,1,1,0,0,0,0,1,1,0,0,1,0,0,0,0,0,0,0,0,0,0,0,0,0,0,0,0,0,0,0,0,0,0,0,1,0,0,0,0,0,0,0,0,0,0,0,0,0,0,0,0,0,0,0,0,0,0,0,0,0,0,0,0,0,0,0,0,0,0,0,0,0,0,0,0,1,3,9,3.0,3.0,3.0,1,0,0,1,3,9,1,2,2,2,1,4,44,235,283,1,13,0.25,0.0681818181818181,0.0382978723404255,13,1.0,0,1,1,1,1,1,1,1
endgame mate mateIn1 oneMove,f5f6 g7g5,6k1/5pp1/4pP1p/1p1bP3/1P1P1KP1/1r6/3B1R1P/8 b - -,1392,110,-1,-1500,-1500,49700,1,2,1000,0,0,77,2,18,187,813,0,31.0,3.0,24.0,12.0,988.0,0.0,1000,0,0,14,13,1,27,6,0,1,1,0,1,5,0,1,1,0,1,0,0,0,0,0,1,0,0,0,0,1,0,0,0,0,0,0,0,0,0,1,1,0,0,0,0,0,0,0,0,0,0,0,0,0,0,0,0,0,0,0,0,0,0,0,0,0,0,0,0,0,0,0,0,0,0,0,0,0,0,0,0,0,0,0,0,0,0,0,0,0,0,0,0,0,0,0,0.0,0.0,0.0,0,0,0,0,0,0,0,0,0,0,0,25,297,7161,7483,0,0,0.0,0.0,0.0,0,0.0,1,1,1,1,1,1,1,1
advantage clearance deflection exposedKing middlegame veryLong,f1f4 e2e1 c1b2 e7e2 b2c3 e1c1 c3d4 e2d2,1k6/1p2rp1p/1p4b1/1N1B4/2P2R2/3p3P/P2Rr3/2K5 b - -,2244,81,-1,227,245,153605,1,47,1000,0,0,-271,2,24,0,0,1000,-278.0,3.0,25.0,0.0,0.0,1000.0,1000,0,0,19,18,1,37,3,1,1,2,0,1,5,0,1,2,0,1,0,0,0,1,1,0,0,0,0,0,0,0,0,0,0,0,1,0,1,0,0,0,0,0,0,0,0,0,0,0,1,0,0,0,0,0,0,0,0,0,0,0,0,0,0,0,1,0,0,0,0,0,0,0,0,0,0,0,0,0,0,0,0,0,0,0,0,0,0,0,0,0,0,0,0,0,0,0.0,0.0,0.0,0,0,0,0,0,0,0,0,0,0,0,25,859,21132,22016,0,0,0.0,0.0,0.0,0,0.0,0,1,1,1,1,1,1,1
advantage middlegame short,g4f5 c2c6 d7c6 c1c6,r3r1k1/2pqbppp/ppn2n2/3p1b2/NP1P4/P3P1P1/1BQ1NPBP/2R1K2R w K -,1479,76,1,335,333,162364,1,40,1000,0,0,-56,2,20,2,853,145,-56.0,3.0,26.0,2.0,853.0,145.0,1000,0,0,38,38,0,76,7,2,2,2,1,1,7,2,2,2,1,1,0,0,0,1,1,0,1,0,0,0,0,0,0,0,0,0,0,0,0,0,0,0,0,0,0,0,0,0,0,0,0,0,0,0,0,0,0,0,0,0,0,0,0,0,0,0,0,0,0,0,0,0,0,0,0,0,0,0,0,0,0,0,0,0,0,0,0,0,0,0,0,0,0,0,1,1,1,1.0,1.0,1.0,1,1,1,4,1,5,1,1,1,2,1,40,1675,66121,67836,3,3,0.025,0.0005970149253731,1.5123788206469956e-05,10,3.333333333333333,0,1,1,1,1,1,1,1
advantage discoveredAttack fork middlegame veryLong,d4e3 f2f6 d8d7 f6h8 c8b7 f1f8 a8f8 h8f8,r1bk1b1r/2q5/p1n1p1Bp/1p1pP3/8/P3p3/1PP2QPP/R4RK1 w - -,2119,121,1,183,176,423273,1,41,986,14,0,-468,2,27,0,0,1000,-604.0,3.0,20.0,0.0,0.0,1000.0,991,9,0,28,34,-6,62,6,0,1,2,1,1,6,1,2,2,1,1,0,0,0,1,1,0,0,0,1,0,0,0,0,0,0,0,1,0,0,0,0,0,0,0,0,0,1,0,0,0,0,0,0,0,0,0,0,0,0,0,0,0,0,0,0,0,0,0,0,0,0,0,0,0,0,0,0,0,0,0,0,0,0,0,0,0,0,0,0,0,0,0,0,0,1,1,1,1.0,1.0,1.0,1,1,1,4,2,2,1,1,1,2,1,38,1366,52320,53724,3,3,0.0263157894736842,0.0007320644216691,1.91131498470948e-05,8,2.6666666666666665,0,1,1,1,1,1,1,1
crushing endgame fork long queenRookEndgame,c1c7 d2d1 g1h2 d1d6 g2g3 d6c7,8/2R2ppp/4p3/p6k/6R1/4P2P/3q1PP1/6K1 b - -,1588,75,-1,502,543,335351,1,37,1000,0,0,-34,2,32,0,986,14,-44.0,3.0,22.0,0.0,973.0,27.0,1000,0,0,14,14,0,28,4,0,0,2,0,1,5,0,0,0,1,1,1,0,1,0,0,1,0,0,1,0,0,0,0,0,0,0,0,0,0,0,0,0,0,0,0,0,0,0,0,0,0,0,0,0,0,0,0,0,0,0,0,0,0,0,0,1,0,0,0,0,0,0,0,0,0,0,0,0,0,0,0,0,0,0,0,0,0,0,0,0,0,0,0,0,1,1,1,1.0,1.0,1.0,1,1,1,1,1,5,1,1,1,2,1,25,644,15215,15884,3,3,0.04,0.0015527950310559,6.572461386789353e-05,7,2.333333333333333,0,0,1,1,1,1,1,1
advantage endgame fork short,d6e5 c5d7 b8a8 d7e5,1k4r1/pp3p2/4p3/2N1q3/1P1bp3/P3P3/5P2/2RR1K2 w - -,790,113,1,377,391,272288,1,38,1000,0,0,-238,2,21,0,0,1000,-457.0,3.0,16.0,0.0,0.0,1000.0,1000,0,0,17,22,-5,39,4,1,0,2,0,1,5,0,1,1,1,1,0,0,0,0,1,1,1,0,1,0,0,0,0,0,0,0,0,0,0,0,0,0,0,0,0,0,0,0,0,0,0,0,0,0,0,0,0,0,0,0,0,0,0,0,0,0,0,0,0,0,0,0,0,0,0,0,0,0,0,0,0,0,0,0,0,0,0,0,0,0,0,0,0,0,1,1,1,1.0,1.0,1.0,1,1,1,2,1,2,1,1,1,2,1,24,861,21384,22269,3,3,0.0416666666666666,0.0011614401858304,4.676393565282454e-05,5,1.6666666666666667,0,1,1,1,1,1,1,1
mate mateIn1 middlegame oneMove,e3d5 b2g2,5r1k/pp4pp/5r2/3NQ3/3P4/5pN1/Pq5P/2R2R1K b - -,899,76,-1,-1500,-1500,145081,1,2,1000,0,0,673,2,35,1000,0,0,192.0,3.0,31.0,997.0,3.0,0.0,1000,0,0,28,24,4,52,3,2,0,2,1,1,5,0,0,2,1,1,0,0,0,1,0,0,0,0,0,0,1,0,0,0,0,0,0,0,0,0,1,1,0,0,0,0,0,0,0,0,0,0,0,0,0,0,0,0,0,0,0,0,0,0,0,0,0,0,0,0,0,0,0,0,0,0,0,0,0,0,0,0,0,0,0,0,0,0,0,0,0,0,0,0,0,0,0,0.0,0.0,0.0,0,0,0,0,0,0,0,0,0,0,0,44,1987,81583,83614,0,0,0.0,0.0,0.0,0,0.0,1,1,1,1,1,1,1,1
advantage endgame fork long master masterVsMaster,f5e5 d8d1 g1f2 e3g4 f2e2 d1d3,3r1k2/5p2/Np3P1p/1P2R3/2p1N3/b1P1n3/P5PP/6K1 b - -,2157,92,-1,274,280,355852,1,46,1000,0,0,-76,2,18,0,824,176,-84.0,3.0,25.0,0.0,735.0,265.0,1000,0,0,17,15,2,32,6,2,0,1,0,1,4,1,1,1,0,1,0,0,1,0,1,1,0,0,1,0,0,0,0,1,0,0,0,0,0,0,0,0,0,0,0,0,0,0,0,0,0,0,0,0,0,0,0,1,0,0,0,0,0,0,0,0,0,0,0,0,0,0,0,0,0,0,0,0,0,0,0,0,0,0,0,0,0,0,0,0,0,0,0,0,1,1,1,1.0,1.0,1.0,1,1,1,7,1,2,1,1,1,3,1,26,613,13800,14439,3,3,0.0384615384615384,0.0016313213703099,7.246376811594203e-05,10,3.333333333333333,0,0,1,1,1,1,1,1
advantage attraction endgame long pin sacrifice,d3d2 c5d5 d2d5 d1b3 g8f8 b3d5,1r4k1/p5pp/5p2/2Rb4/1P4P1/P7/3r3P/3B1RK1 w - -,1402,76,1,472,485,290503,1,31,1000,0,0,-2,2,15,1,997,2,-3.0,3.0,27.0,1.0,997.0,2.0,1000,0,0,17,17,0,34,4,0,1,2,0,1,4,0,1,2,0,1,0,0,1,0,1,1,0,0,0,0,0,0,0,0,0,0,0,0,0,0,0,0,0,1,0,0,0,1,0,0,0,0,0,0,1,0,0,0,0,0,0,0,0,0,0,0,0,0,0,0,0,0,0,0,0,0,0,0,0,0,0,0,0,0,0,0,0,0,0,0,0,0,0,0,1,3,25,3.0,8.333333333333334,5.666666666666667,1,0,1,1,7,49,1,1,4,4,1,26,984,26996,28006,2,29,0.0384615384615384,0.0030487804878048,0.0009260631204622,57,1.9655172413793105,0,1,1,1,1,1,1,1
mate mateIn1 middlegame oneMove,g3h1 f3h1,r5k1/4p2p/p5p1/1p1b2Q1/2p5/P4q2/1P3P2/R2R2KN b - -,956,78,-1,-1500,-1500,49441,1,2,1000,0,0,0,2,11,2,996,2,-35.0,3.0,24.0,0.0,985.0,15.0,1000,0,0,25,23,2,48,3,1,0,2,1,1,6,0,1,1,1,1,0,0,0,1,0,0,0,0,0,0,1,0,0,0,0,0,0,0,0,0,1,1,0,0,0,0,0,0,0,0,0,0,0,0,0,0,0,0,0,0,0,0,0,0,0,0,0,0,0,0,0,0,0,0,0,0,0,0,0,0,0,0,0,0,0,0,0,0,0,0,0,0,0,0,0,0,0,0.0,0.0,0.0,0,0,0,0,0,0,0,0,0,0,0,42,1238,47237,48517,0,0,0.0,0.0,0.0,0,0.0,1,1,1,1,1,1,1,1
mate mateIn2 middlegame short,b8b6 a6c8 c6d8 c8d8,4kb1r/p4ppp/Qrn5/2qpP1Bb/8/5N1P/P2N1PP1/R4RK1 w k -,1162,78,1,1500,1500,60834,1,4,1000,0,0,60,2,25,110,890,0,56.0,3.0,19.0,92.0,908.0,0.0,1000,0,0,33,33,0,66,5,2,1,2,1,1,5,1,2,2,1,1,0,0,0,1,0,0,1,0,0,0,1,1,0,0,0,0,0,0,0,0,0,0,0,0,0,0,0,0,0,0,0,0,0,0,0,0,0,0,0,0,0,0,0,0,0,0,0,0,0,0,0,0,0,0,0,0,0,0,0,0,0,0,0,0,0,0,0,0,0,0,0,0,0,0,1,1,1,1.0,1.0,1.0,1,1,1,2,2,2,1,1,1,2,0,42,1642,67446,69130,3,3,0.0238095238095238,0.0006090133982947,1.4826676155739409e-05,6,2.0,1,1,1,1,1,1,1,1
crushing endgame queenEndgame short skewer,e3g3 f8a3 d3d2 a3g3,5Q2/7K/8/8/4p2P/3k2q1/8/8 w - -,1324,78,1,643,744,112633,1,30,1000,0,0,-15,2,18,1,995,4,-17.0,3.0,19.0,0.0,996.0,4.0,1000,0,0,10,10,0,20,1,0,0,0,1,1,1,0,0,0,1,1,1,0,0,0,0,1,1,0,0,0,0,0,0,0,0,0,0,0,0,1,0,0,0,0,0,0,0,0,0,0,0,0,0,0,0,0,0,0,0,0,0,0,0,1,0,0,0,0,0,0,0,0,0,0,0,0,0,0,0,0,0,0,0,0,0,0,0,0,0,0,0,0,0,0,1,2,2,2.0,1.0,1.5,1,0,2,5,2,12,1,1,1,2,1,24,506,9864,10394,3,5,0.0416666666666666,0.0039525691699604,0.0002027575020275,19,3.8,0,1,1,1,1,1,1,1
advancedPawn bishopEndgame crushing endgame master short,f3g2 a5a6 g2f3 a6a7,8/8/1KpB4/Pb6/1P5p/8/6k1/8 w - -,1051,78,1,547,567,236331,1,38,1000,0,0,12,2,31,3,996,1,6.0,3.0,34.0,2.0,997.0,1.0,1000,0,0,5,5,0,10,2,0,1,0,0,1,2,0,1,0,0,1,1,0,0,0,0,1,1,0,0,0,0,0,0,1,0,0,0,0,0,0,0,0,0,0,0,0,0,0,1,0,0,0,0,1,0,0,0,0,0,0,0,0,0,0,0,0,0,0,0,0,0,0,0,0,0,0,0,0,0,0,0,0,0,0,0,0,0,0,0,0,0,0,0,0,1,2,6,2.0,3.0,2.5,1,0,1,1,2,7,1,2,3,3,1,14,199,2771,2984,2,9,0.0714285714285714,0.0100502512562814,0.0021652832912306,10,1.1111111111111112,1,1,1,1,1,1,1,1
attraction crushing endgame master short,a6c4 e5e4 d3e4 d5f6,8/7R/3k4/2pnp3/P1B5/3KP3/1r6/8 b - -,2007,74,-1,388,445,241208,1,33,1000,0,0,-4,2,21,1,997,2,-8.0,3.0,17.0,1.0,997.0,2.0,1000,0,0,10,10,0,20,2,0,1,1,0,1,2,1,0,1,0,1,1,0,0,0,0,1,1,0,0,0,0,0,0,1,0,0,0,0,0,0,0,0,0,0,0,0,0,0,0,0,0,0,0,0,1,0,0,0,0,0,0,0,0,0,0,0,0,0,0,0,0,0,0,0,0,0,0,0,0,0,0,0,0,0,0,0,0,0,0,0,0,0,0,0,1,1,1,1.0,1.0,1.0,1,1,1,1,1,2,1,1,1,3,1,25,487,10226,10738,3,3,0.04,0.002053388090349,9.778994719342852e-05,4,1.3333333333333333,1,1,1,1,1,1,1,1
attraction crushing fork long opening sacrifice,b2d4 b6d4 d2d4 b4c2 e1f1 c2d4,r3k1nr/pp3ppp/1q2b3/8/1n1B4/6P1/P2QPPBP/R3K1NR b KQkq -,1527,76,-1,437,445,1243349,1,31,1000,0,0,-32,2,23,1,970,29,-204.0,3.0,18.0,0.0,5.0,995.0,1000,0,0,33,33,0,66,5,1,2,2,1,1,5,2,1,2,1,1,1,0,1,0,0,0,0,0,1,0,0,0,0,0,0,0,0,0,0,0,0,0,1,0,0,0,0,1,0,0,0,0,0,0,1,0,0,0,0,0,0,0,0,0,0,0,0,0,0,0,0,0,0,0,0,0,0,0,0,0,0,0,0,0,0,0,0,0,0,0,0,0,0,0,1,1,1,1.0,1.0,1.0,1,1,1,2,1,3,1,1,1,2,1,43,1757,74653,76453,3,3,0.0232558139534883,0.0005691519635742,1.3395308962801228e-05,6,2.0,0,0,1,1,1,1,1,1
advancedPawn crushing endgame master rookEndgame short,a3b3 h7h8 a8a7 c6c7,k7/7R/p1P5/4K3/1P6/1r5p/8/8 w - -,1949,75,1,548,766,427194,1,41,1000,0,0,83,2,23,247,753,0,81.0,3.0,30.0,217.0,783.0,0.0,1000,0,0,7,7,0,14,2,0,0,1,0,1,2,0,0,1,0,1,1,0,0,0,0,1,1,1,0,0,0,0,0,1,0,0,0,0,0,0,0,0,0,0,0,0,0,0,0,0,0,0,0,1,0,0,0,0,0,0,0,0,0,0,0,0,0,0,0,0,0,0,0,0,0,0,0,0,0,0,0,0,0,0,0,0,0,0,0,0,0,0,0,0,1,1,1,1.0,1.0,1.0,1,1,1,1,1,1,1,1,1,3,1,22,249,4684,4955,3,3,0.0454545454545454,0.0040160642570281,0.0002134927412467,3,1.0,0,0,1,1,1,1,1,1
crushing endgame short skewer,b5c4 b7b4 c4d5 b4h4,8/1R2B3/5p2/4bP1p/p1k4r/5K2/8/8 w - -,1225,76,1,401,400,91410,1,20,1000,0,0,-254,2,21,0,0,1000,-333.0,3.0,21.0,0.0,0.0,1000.0,1000,0,0,9,11,-2,20,1,0,1,1,0,1,3,0,1,1,0,1,1,0,0,0,0,1,1,0,0,0,0,0,0,0,0,0,0,0,0,1,0,0,0,0,0,0,0,0,0,0,0,0,0,0,0,0,0,0,0,0,0,0,0,0,0,0,0,0,0,0,0,0,0,0,0,0,0,0,0,0,0,0,0,0,0,0,0,0,0,0,0,0,0,0,1,2,2,2.0,1.0,1.5,1,0,2,3,2,12,1,1,1,2,1,21,424,8879,9324,3,5,0.0476190476190476,0.0047169811320754,0.0002252505912828,17,3.4,1,1,1,1,1,1,1,1
crushing endgame short,d3b5 f7f4 b5d7 f4e4,5rk1/2pp1q1p/n5p1/pQ1PP3/3PB1PP/P4p2/5P2/R5K1 b - -,1657,76,-1,171,175,256836,1,29,992,8,0,-57,2,33,0,940,60,-108.0,3.0,37.0,0.0,376.0,624.0,1000,0,0,24,23,1,47,7,0,1,1,1,1,6,1,0,1,1,1,1,0,0,0,0,1,1,0,0,0,0,0,0,0,0,0,0,0,0,0,0,0,0,0,0,0,0,0,0,0,0,0,0,0,0,0,0,0,0,0,0,0,0,0,0,0,0,0,0,0,0,0,0,0,0,0,0,0,0,0,0,0,0,0,0,0,0,0,0,0,0,0,0,0,0,0,0,0.0,0.0,0.0,0,0,0,0,0,0,0,0,0,0,0,25,928,25885,26838,0,0,0.0,0.0,0.0,0,0.0,0,1,1,1,1,1,1,1
crushing middlegame short,c7c6 b5c6 b7c6 d5c6,r1b1kb1r/pp5p/2pp1q1p/1B1Qp3/4P3/2N5/PPP2PPP/R3K2R w KQkq -,981,78,1,441,471,50304,1,22,1000,0,0,9,2,23,7,990,3,-35.0,3.0,19.0,1.0,969.0,30.0,1000,0,0,32,32,0,64,7,1,1,2,1,1,7,0,2,2,1,1,1,0,0,1,0,0,1,0,0,0,0,0,0,0,0,0,0,0,0,0,0,0,0,0,0,0,0,0,0,0,0,0,0,0,0,0,0,0,0,0,0,0,0,0,0,0,0,0,0,0,0,0,0,0,0,0,0,0,0,0,0,0,0,0,0,0,0,0,0,0,0,0,0,0,1,3,33,3.0,11.0,7.0,1,0,1,1,3,53,1,2,6,6,1,45,1205,50259,51509,2,37,0.0222222222222222,0.0024896265560165,0.0006565988181221,57,1.5405405405405406,1,1,1,1,1,1,1,1
advantage master middlegame short,d8a5 d2a5 c6a5 c5d4,r5k1/1p2b1p1/p1np1r1p/q1BR4/4p3/7P/PP1Q1PPN/3R2K1 w - -,2281,83,1,272,282,173414,1,32,1000,0,0,10,2,20,6,992,2,-8.0,3.0,21.0,2.0,993.0,5.0,1000,0,0,30,31,-1,61,5,1,1,2,1,1,6,1,1,2,1,1,0,0,0,1,1,0,1,0,0,0,0,0,0,1,0,0,0,0,0,0,0,0,0,0,0,0,0,0,0,0,0,0,0,0,0,0,0,0,0,0,0,0,0,0,0,0,0,0,0,0,0,0,0,0,0,0,0,0,0,0,0,0,0,0,0,0,0,0,0,0,0,0,0,0,1,1,1,1.0,1.0,1.0,1,1,1,3,2,1,1,1,1,3,1,46,2011,91008,93065,3,3,0.0217391304347826,0.0004972650422675,1.0988045007032347e-05,6,2.0,0,1,0,1,1,1,1,1
advantage deflection endgame master short,e5d5 e8e1 d1e1 d8d5,3qr1k1/p4p1p/6p1/3Q4/8/1P3P2/P5PP/3R2K1 b - -,1324,106,-1,498,515,90074,1,28,1000,0,0,22,2,19,6,994,0,-19.0,3.0,19.0,0.0,995.0,5.0,1000,0,0,19,18,1,37,5,0,0,1,1,1,4,0,0,1,1,1,0,0,0,0,1,1,1,0,0,0,0,0,0,1,0,0,0,0,0,0,0,0,0,0,0,0,0,0,0,0,1,0,0,0,0,0,0,0,0,0,0,0,0,0,0,0,0,0,0,0,0,0,0,0,0,0,0,0,0,0,0,0,0,0,0,0,0,0,0,0,0,0,0,0,1,1,1,1.0,1.0,1.0,1,1,1,7,1,3,1,1,1,2,1,29,1030,33148,34207,3,3,0.0344827586206896,0.0009708737864077,3.016773259321829e-05,11,3.6666666666666665,1,1,1,1,1,1,1,1
crushing endgame master short,f4e5 d4d3 f6f7 d6f7,8/8/3n1P2/2k1K3/2pp4/P7/8/3B4 b - -,1749,76,-1,523,546,141401,1,28,1000,0,0,32,2,19,11,989,0,-70.0,3.0,21.0,0.0,881.0,119.0,1000,0,0,5,5,0,10,2,0,1,0,0,1,2,1,0,0,0,1,1,0,0,0,0,1,1,0,0,0,0,0,0,1,0,0,0,0,0,0,0,0,0,0,0,0,0,0,0,0,0,0,0,0,0,0,0,0,0,0,0,0,0,0,0,0,0,0,0,0,0,0,0,0,0,0,0,0,0,0,0,0,0,0,0,0,0,0,0,0,0,0,0,0,1,4,8,4.0,2.0,3.0,1,0,2,1,4,11,1,2,3,3,1,12,144,1643,1799,3,13,0.0833333333333333,0.0277777777777777,0.0048691418137553,16,1.2307692307692308,1,0,1,1,1,1,1,1
advantage long master middlegame,b2e2 h4h6 e7f6 g5f6 d8f6 f1f6,3q1rk1/4pp1p/p4Pp1/4p1P1/b1PpP2Q/3n3P/P3r1B1/R4RK1 w - -,1337,78,1,314,304,316268,1,34,1000,0,0,-287,2,23,0,0,1000,-349.0,3.0,22.0,0.0,0.0,1000.0,1000,0,0,28,32,-4,60,6,0,1,2,1,1,7,1,1,2,1,1,0,0,1,1,1,0,0,0,0,0,0,0,0,1,0,0,0,0,0,0,0,0,0,0,0,0,0,0,0,0,0,0,0,0,0,0,0,0,0,0,0,0,0,0,0,0,0,0,0,0,0,0,0,0,0,0,0,0,0,0,0,0,0,0,0,0,0,0,0,0,0,0,0,0,1,36,255,36.0,7.083333333333333,21.541666666666668,1,0,8,2,68,406,1,6,4,6,1,27,1044,27453,28524,9,292,0.037037037037037,0.0344827586206896,0.0092886023385422,476,1.63013698630137,1,1,1,1,1,1,1,1
crushing endgame fork short,b8e5 d4f3 g1f1 f3e5,8/5kpp/1p2p3/p1p1Q3/2Pn4/6P1/P4P1P/6K1 b - -,991,76,-1,585,582,102838,1,24,1000,0,0,-616,2,20,0,0,1000,-638.0,3.0,22.0,0.0,0.0,1000.0,1000,0,0,14,9,5,23,5,0,0,0,1,1,6,1,0,0,0,1,1,0,0,0,0,1,1,0,1,0,0,0,0,0,0,0,0,0,0,0,0,0,0,0,0,0,0,0,0,0,0,0,0,0,0,0,0,0,0,0,0,0,0,0,0,0,0,0,0,0,0,0,0,0,0,0,0,0,0,0,0,0,0,0,0,0,0,0,0,0,0,0,0,0,1,3,3,3.0,1.0,2.0,1,0,3,2,3,6,1,1,1,2,1,18,455,6427,6900,4,7,0.0555555555555555,0.0065934065934065,0.0004667807686323,11,1.5714285714285714,1,1,1,1,1,1,1,1
mate mateIn1 middlegame oneMove,b6c5 h4h7,3r1rk1/p3R2p/b2P2p1/2p5/7Q/P2q1P1P/6P1/2R3K1 w - -,757,79,1,1500,1500,29729,1,2,1000,0,0,37,2,29,18,982,0,0.0,3.0,22.0,2.0,996.0,2.0,1000,0,0,24,26,-2,50,5,0,0,2,1,1,4,0,1,2,1,1,0,0,0,1,0,0,0,0,0,0,1,0,0,0,0,0,0,0,0,0,1,1,0,0,0,0,0,0,0,0,0,0,0,0,0,0,0,0,0,0,0,0,0,0,0,0,0,0,0,0,0,0,0,0,0,0,0,0,0,0,0,0,0,0,0,0,0,0,0,0,0,0,0,0,0,0,0,0.0,0.0,0.0,0,0,0,0,0,0,0,0,0,0,0,46,1667,65254,66967,0,0,0.0,0.0,0.0,0,0.0,1,1,1,1,1,1,1,1
crushing middlegame short,c3d5 e6d5 a4e8 c8e8,2r1r1k1/pp3pp1/4bb1p/2qN4/Q7/1P1RPN2/P4PPP/3R2K1 b - -,1497,77,-1,425,407,278240,1,43,1000,0,0,-101,2,21,0,481,519,-166.0,3.0,18.0,0.0,24.0,976.0,1000,0,0,31,30,1,61,6,2,0,2,1,1,5,0,2,2,1,1,1,0,0,1,0,0,1,0,0,0,0,0,0,0,0,0,0,0,0,0,0,0,0,0,0,0,0,0,0,0,0,0,0,0,0,0,0,0,0,0,0,0,0,0,0,0,0,0,0,0,0,0,0,0,0,0,0,0,0,0,0,0,0,0,0,0,0,0,0,0,0,0,0,0,1,1,1,1.0,1.0,1.0,1,1,1,1,1,4,1,1,1,3,1,49,2203,100722,102974,3,3,0.0204081632653061,0.0004539264639128,9.928317547308432e-06,6,2.0,0,1,0,1,1,1,1,1
advancedPawn advantage endgame long master quietMove sacrifice,e3d2 a5a4 g2f1 a4a3 f1a6 a3a2,8/4kppR/r1p1p2p/p3P2P/4P1P1/1pP2P2/3K2B1/8 b - -,2158,79,-1,346,401,139437,1,31,1000,0,0,29,2,29,10,990,0,0.0,3.0,31.0,2.0,996.0,2.0,1000,0,0,14,12,2,26,6,0,1,1,0,1,7,0,0,1,0,1,0,0,1,0,1,1,0,0,0,0,0,0,0,1,0,0,0,0,0,0,0,0,0,0,1,0,0,1,0,0,0,0,0,1,0,0,0,0,0,0,0,0,0,0,0,0,0,0,0,0,0,0,0,0,0,0,0,0,0,0,0,0,0,0,0,0,0,0,0,0,0,0,0,0,1,1,1,1.0,1.0,1.0,1,1,1,1,1,1,1,1,1,2,1,14,217,3051,3282,3,3,0.0714285714285714,0.0046082949308755,0.0003277613897082,3,1.0,0,0,1,0,1,1,1,1
advantage endgame master short,c5d3 d1d2 d8d4 e4d3,3r1k2/p4p2/1p4p1/1P5p/4BP1P/3n2P1/P2p3K/3R4 w - -,1192,78,1,415,423,46048,1,23,1000,0,0,-374,2,23,0,0,1000,-475.0,3.0,17.0,0.0,0.0,1000.0,1000,0,0,13,14,-1,27,5,0,1,1,0,1,6,1,0,1,0,1,0,0,0,0,1,1,1,0,0,0,0,0,0,1,0,0,0,0,0,0,0,0,0,0,0,0,0,0,0,0,0,0,0,0,0,0,0,0,0,0,0,0,0,0,0,0,0,0,0,0,0,0,0,0,0,0,0,0,0,0,0,0,0,0,0,0,0,0,0,0,0,0,0,0,1,11,42,11.0,3.8181818181818175,7.409090909090909,1,0,2,1,17,45,1,3,4,4,1,26,678,16836,17540,3,54,0.0384615384615384,0.0162241887905604,0.0024946543121881,63,1.1666666666666667,1,1,1,1,1,1,1,1
mate mateIn2 middlegame short,h6h5 d3e2 h5h4 e3g5,r4r2/1ppb1p2/p2p2p1/5P1k/4P3/2PBB1R1/PKP2P1q/8 w - -,1477,77,1,1500,1500,65052,1,4,1000,0,0,-94,2,19,0,598,402,-273.0,3.0,19.0,0.0,0.0,1000.0,1000,0,0,17,28,-11,45,6,0,2,1,0,1,6,0,1,2,1,1,0,0,0,1,0,0,1,0,0,0,1,1,0,0,0,0,0,0,0,0,0,0,0,0,0,0,0,0,0,0,0,0,0,0,0,0,0,0,0,0,0,0,0,0,0,0,0,0,0,0,0,0,0,0,0,0,0,0,0,0,0,0,0,0,0,0,0,0,0,0,0,0,0,0,1,1,0,1.0,0.0,0.5,1,1,0,1,1,0,1,1,0,2,0,34,1111,35859,37004,2,2,0.0294117647058823,0.0009000900090009,0.0,2,1.0,1,1,0,1,1,1,1,1
crushing endgame master quietMove short,d3e3 h3f4 e3f3 h4h3,4k3/5p2/3P4/p5p1/6Pp/1P2K2n/P7/2B5 b - -,1632,122,-1,545,541,254578,1,23,1000,0,0,26,2,22,7,993,0,12.0,3.0,24.0,3.0,996.0,1.0,1000,0,0,7,7,0,14,4,0,1,0,0,1,4,1,0,0,0,1,1,0,0,0,0,1,1,0,0,0,0,0,0,1,0,0,0,0,0,0,0,0,0,0,1,0,0,0,0,0,0,0,0,0,0,0,0,0,0,0,0,0,0,0,0,0,0,0,0,0,0,0,0,0,0,0,0,0,0,0,0,0,0,0,0,0,0,0,0,0,0,0,0,0,1,3,4,3.0,1.3333333333333333,2.1666666666666665,1,0,2,2,3,4,1,2,2,3,1,9,113,1156,1278,3,8,0.1111111111111111,0.0265486725663716,0.0034602076124567,9,1.125,0,1,1,1,1,1,1,1
advantage long opening,f1a6 d8a5 b2b4 a5a6 b7a6 a8a6,r2qkb1r/1Q1npppp/B2pb3/8/4P3/5N2/PPP2PPP/R1B1K2R b KQkq -,1445,82,-1,213,212,796112,1,41,996,4,0,-77,2,19,0,758,242,-216.0,3.0,19.0,0.0,3.0,997.0,997,3,0,35,33,2,68,7,1,2,2,1,1,5,1,2,2,1,1,0,0,1,0,1,0,0,0,0,0,0,0,0,0,0,0,0,0,0,0,0,0,1,0,0,0,0,0,0,0,0,0,0,0,0,0,0,0,0,0,0,0,0,0,0,0,0,0,0,0,0,0,0,0,0,0,0,0,0,0,0,0,0,0,0,0,0,0,0,0,0,0,0,0,1,3,3,3.0,1.0,2.0,1,0,3,3,4,3,1,2,1,3,1,29,1310,37773,39112,4,7,0.0344827586206896,0.0022900763358778,7.942180922881423e-05,10,1.4285714285714286,1,0,1,1,1,1,1,1
crushing endgame short,f1c1 b3b1 c1b1 e4b1,8/2R2pk1/4p1pp/3p4/3Pq2P/1r2P1P1/5P1K/2Q5 b - -,1388,75,-1,477,394,92944,1,30,1000,0,0,95,2,19,427,573,0,29.0,3.0,17.0,10.0,990.0,0.0,1000,0,0,19,19,0,38,5,0,0,1,1,1,5,0,0,1,1,1,1,0,0,0,0,1,1,0,0,0,0,0,0,0,0,0,0,0,0,0,0,0,0,0,0,0,0,0,0,0,0,0,0,0,0,0,0,0,0,0,0,0,0,0,0,0,0,0,0,0,0,0,0,0,0,0,0,0,0,0,0,0,0,0,0,0,0,0,0,0,0,0,0,0,1,7,7,7.0,1.0,4.0,1,0,7,2,12,13,1,2,1,2,1,32,946,28526,29504,8,15,0.03125,0.007399577167019,0.0002453901703708,27,1.8,0,1,1,1,1,1,1,1
endgame mate mateIn2 sacrifice short,d4d3 c2d2 d3e4 b5d6,2r5/8/8/pNp1r2p/4NppP/1P1k4/2R2K2/8 w - -,1807,78,1,1500,1500,377745,1,4,1000,0,0,-447,2,47,0,0,1000,-481.0,3.0,19.0,0.0,0.0,1000.0,1000,0,0,13,15,-2,28,2,2,0,1,0,1,5,0,0,2,0,1,0,0,0,0,0,1,1,0,0,0,1,1,0,0,0,0,0,0,0,0,0,0,0,0,0,0,0,1,0,0,0,0,0,0,0,0,0,0,0,0,0,0,0,0,0,0,0,0,0,0,0,0,0,0,0,0,0,0,0,0,0,0,0,0,0,0,0,0,0,0,0,0,0,0,1,1,0,1.0,0.0,0.5,1,1,0,1,1,0,1,1,0,2,0,26,523,12327,12876,2,2,0.0384615384615384,0.0019120458891013,0.0,2,1.0,0,0,1,1,1,1,1,1
advancedPawn bishopEndgame crushing endgame promotion quietMove veryLong,h3f1 f3a8 c5d6 e5e4 f1g2 f4g4 a5a6 h4h3 g2h1 e4e3 h1a8 e3f2 a8f3 g4g3 a6a7 f2f1q a7a8q f1f3,8/8/8/P1K1p3/5k1p/5b2/5P2/5B2 b - -,2784,115,-1,190,163,99614,1,42,985,15,0,39,2,26,17,983,0,20.0,3.0,27.0,5.0,995.0,0.0,999,1,0,5,5,0,10,2,0,1,0,0,1,2,0,1,0,0,1,1,0,0,0,0,1,0,0,0,0,0,0,0,0,0,0,1,0,0,0,0,0,0,0,1,0,0,0,1,0,0,0,0,1,0,1,0,0,0,0,0,0,0,0,0,0,0,0,0,0,0,0,0,0,0,0,0,0,0,0,0,0,0,0,0,0,0,0,0,0,0,0,0,0,0,0,0,0.0,0.0,0.0,0,0,0,0,0,0,0,0,0,0,0,17,237,3456,3710,0,0,0.0,0.0,0.0,0,0.0,0,0,0,0,0,0,0,1
advantage hangingPiece intermezzo middlegame short,h5g6 g5e3 g1h1 f7g6,r2qk2r/2pn1p1n/pp1p2Bp/3Pp1b1/PPP1P3/2N1B3/3N2PP/R2Q1RK1 b kq -,1483,76,-1,278,269,197493,1,32,999,1,0,-99,2,22,0,511,489,-428.0,3.0,23.0,0.0,0.0,1000.0,1000,0,0,38,35,3,73,7,2,2,2,1,1,7,2,1,2,1,1,0,1,0,1,1,0,1,0,0,0,0,0,0,0,0,0,0,0,0,0,0,0,0,0,0,0,0,0,0,0,0,0,0,0,0,0,0,0,0,0,0,0,0,0,0,0,0,1,0,0,0,0,0,0,0,0,0,0,0,0,0,0,0,0,0,0,0,0,0,0,0,0,0,0,1,1,1,1.0,1.0,1.0,1,1,1,2,1,1,1,1,1,3,1,29,1281,35987,37297,3,3,0.0344827586206896,0.0007806401249024,2.778781226554033e-05,4,1.3333333333333333,0,1,1,1,1,1,1,1
advancedPawn crushing endgame long promotion rookEndgame,c4c5 d3g3 g8g3 f2g3 c5c6 g2g1q,6R1/8/8/2P5/1K6/3r4/PP3kp1/8 b - -,1425,79,-1,414,474,241021,1,34,1000,0,0,-38,2,35,0,984,16,-64.0,3.0,29.0,0.0,916.0,84.0,1000,0,0,8,6,2,14,3,0,0,1,0,1,1,0,0,1,0,1,1,0,1,0,0,1,0,1,0,0,0,0,0,0,0,0,0,0,0,0,0,0,0,0,0,0,0,0,0,0,0,0,0,1,0,1,0,0,0,0,0,0,0,0,0,0,0,0,0,0,0,0,0,0,0,0,0,0,0,0,0,0,0,0,0,0,0,0,0,0,0,0,0,0,1,1,1,1.0,1.0,1.0,1,1,1,3,1,5,1,1,1,2,1,24,490,10429,10943,3,3,0.0416666666666666,0.0020408163265306,9.588647041902388e-05,9,3.0,1,1,1,1,1,1,1,1
endgame hangingPiece mate mateIn1 oneMove,f3g2 f1f8,5r1k/Q6p/1pb3p1/4q3/4p3/1BP4P/PP4p1/5RK1 w - -,848,100,1,1500,1500,192573,1,2,1000,0,0,-518,2,48,0,0,1000,-631.0,3.0,25.0,0.0,0.0,1000.0,1000,0,0,21,22,-1,43,4,0,1,1,1,1,5,0,1,1,1,1,0,1,0,0,0,1,0,0,0,0,1,0,0,0,0,0,0,0,0,0,1,1,0,0,0,0,0,0,0,0,0,0,0,0,0,0,0,0,0,0,0,0,0,0,0,0,0,0,0,0,0,0,0,0,0,0,0,0,0,0,0,0,0,0,0,0,0,0,0,0,0,0,0,0,0,0,0,0.0,0.0,0.0,0,0,0,0,0,0,0,0,0,0,0,39,1674,54778,56491,0,0,0.0,0.0,0.0,0,0.0,1,1,1,1,1,1,1,1
endgame mate mateIn1 oneMove,g7g5 a5c7,2kr4/1p5p/p1p1b3/Q3Bqp1/8/4PB2/1PP2PPP/1K6 w - -,1134,244,1,1500,1500,61447,1,2,1000,0,0,112,2,24,679,321,0,89.0,3.0,35.0,325.0,675.0,0.0,1000,0,0,21,22,-1,43,6,0,2,0,1,1,5,0,1,1,1,1,0,0,0,0,0,1,0,0,0,0,1,0,0,0,0,0,0,0,0,0,1,1,0,0,0,0,0,0,0,0,0,0,0,0,0,0,0,0,0,0,0,0,0,0,0,0,0,0,0,0,0,0,0,0,0,0,0,0,0,0,0,0,0,0,0,0,0,0,0,0,0,0,0,0,0,0,0,0.0,0.0,0.0,0,0,0,0,0,0,0,0,0,0,0,41,1471,54000,55512,0,0,0.0,0.0,0.0,0,0.0,1,1,1,1,1,1,1,1
advancedPawn crushing endgame long promotion rookEndgame,c6c5 a6g6 g1g6 f7g6 d4d3 g7g8q,8/5KP1/R7/2k5/2pp4/8/8/6r1 w - -,1562,76,1,375,424,237227,1,35,1000,0,0,-320,2,47,0,0,1000,-361.0,3.0,18.0,0.0,0.0,1000.0,1000,0,0,6,7,-1,13,1,0,0,1,0,1,2,0,0,1,0,1,1,0,1,0,0,1,0,1,0,0,0,0,0,0,0,0,0,0,0,0,0,0,0,0,0,0,0,0,0,0,0,0,0,1,0,1,0,0,0,0,0,0,0,0,0,0,0,0,0,0,0,0,0,0,0,0,0,0,0,0,0,0,0,0,0,0,0,0,0,0,0,0,0,0,1,3,7,3.0,2.333333333333333,2.666666666666667,1,0,0,6,3,18,1,3,3,3,1,24,422,8844,9290,1,11,0.0416666666666666,0.0071090047393364,0.0007914970601537,27,2.4545454545454546,0,1,1,1,1,1,1,1
endgame master mate mateIn1 oneMove,g2h3 d5h5,3N3k/pQ5p/4p1p1/3q4/8/2b1P1PK/P3RP1P/4n3 b - -,1335,84,-1,-1500,-1500,75287,1,2,1000,0,0,0,2,20,2,997,1,-316.0,3.0,29.0,0.0,0.0,1000.0,1000,0,0,22,19,3,41,5,1,0,1,1,1,4,1,1,0,1,1,0,0,0,0,0,1,0,0,0,0,1,0,0,1,0,0,0,0,0,0,1,1,0,0,0,0,0,0,0,0,0,0,0,0,0,0,0,0,0,0,0,0,0,0,0,0,0,0,0,0,0,0,0,0,0,0,0,0,0,0,0,0,0,0,0,0,0,0,0,0,0,0,0,0,0,0,0,0.0,0.0,0.0,0,0,0,0,0,0,0,0,0,0,0,43,1372,48002,49417,0,0,0.0,0.0,0.0,0,0.0,1,1,1,1,1,1,1,1
advantage middlegame short,f3e5 c6e5 a4d7 e5d7,r2q1r1k/1ppbb1pn/p1n4p/3QNp2/B3P3/2P4P/PP3PP1/R1B1RNK1 b - -,1198,80,-1,254,259,115626,1,28,999,1,0,-282,2,18,0,1,999,-308.0,3.0,24.0,0.0,0.0,1000.0,999,1,0,38,37,1,75,7,2,2,2,1,1,6,2,2,2,1,1,0,0,0,1,1,0,1,0,0,0,0,0,0,0,0,0,0,0,0,0,0,0,0,0,0,0,0,0,0,0,0,0,0,0,0,0,0,0,0,0,0,0,0,0,0,0,0,0,0,0,0,0,0,0,0,0,0,0,0,0,0,0,0,0,0,0,0,0,0,0,0,0,0,0,1,1,1,1.0,1.0,1.0,1,1,1,2,3,2,1,1,1,2,1,36,1897,66394,68327,3,3,0.0277777777777777,0.0005271481286241,1.5061601951983614e-05,7,2.333333333333333,0,1,1,1,1,1,1,1
endgame mate mateIn1 oneMove operaMate,g3f4 e8e1,4r1k1/6pp/1R3p2/P7/1P1p1B2/2b4P/5PP1/5K2 b - -,410,112,-1,-1500,-1500,36924,1,2,1000,0,0,-15,2,30,1,995,4,-80.0,3.0,17.0,0.0,783.0,217.0,1000,0,0,13,12,1,25,5,0,1,1,0,1,4,0,1,1,0,1,0,0,0,0,0,1,0,0,0,0,1,0,1,0,0,0,0,0,0,0,1,1,0,0,0,0,0,0,0,0,0,0,0,0,0,0,0,0,0,0,0,0,0,0,0,0,0,0,0,0,0,0,0,0,0,0,0,0,0,0,0,0,0,0,0,0,0,0,0,0,0,0,0,0,0,0,0,0.0,0.0,0.0,0,0,0,0,0,0,0,0,0,0,0,26,651,15497,16174,0,0,0.0,0.0,0.0,0,0.0,1,1,1,1,1,1,1,1
advantage hangingPiece intermezzo master middlegame short,b8b3 d3d8 g8h7 a2b3,3r2k1/p3ppb1/b3q1pp/2p5/2N5/1r1RB3/P4PPP/2R1N1K1 w - -,1901,200,1,275,278,291137,1,33,1000,0,0,-435,2,17,0,0,1000,-574.0,3.0,16.0,0.0,0.0,1000.0,1000,0,0,23,31,-8,54,4,2,1,2,0,1,6,0,2,2,1,1,0,1,0,1,1,0,1,0,0,0,0,0,0,1,0,0,0,0,0,0,0,0,0,0,0,0,0,0,0,0,0,0,0,0,0,0,0,0,0,0,0,0,0,0,0,0,0,1,0,0,0,0,0,0,0,0,0,0,0,0,0,0,0,0,0,0,0,0,0,0,0,0,0,0,1,1,1,1.0,1.0,1.0,1,1,1,5,1,1,1,1,1,3,1,40,2050,80139,82229,3,3,0.025,0.0004878048780487,1.247831892087498e-05,7,2.333333333333333,1,1,1,1,1,1,1,1
crushing endgame long pawnEndgame,e3e4 b5c4 d3c4 a5a4 b3b4 c5c4,8/2p5/3p4/ppk5/2P1K3/PP1P4/8/8 b - -,2262,91,-1,332,351,157870,1,25,1000,0,0,5,2,28,2,997,1,2.0,3.0,19.0,1.0,998.0,1.0,1000,0,0,4,4,0,8,4,0,0,0,0,1,4,0,0,0,0,1,1,0,1,0,0,1,0,0,0,1,0,0,0,0,0,0,0,0,0,0,0,0,0,0,0,0,0,0,0,0,0,0,0,0,0,0,0,0,0,0,0,0,0,0,0,0,0,0,0,0,0,0,0,0,0,0,0,0,0,0,0,0,0,0,0,0,0,0,0,0,0,0,0,0,1,1,1,1.0,1.0,1.0,1,1,1,1,1,1,1,1,1,1,1,7,59,421,487,3,3,0.1428571428571428,0.0169491525423728,0.002375296912114,3,1.0,0,0,0,1,1,1,1,1
endgame equality queenRookEndgame short,h7h8 d5h5 g8h7 h5h7,6QK/8/2k5/3r4/8/8/8/8 b - -,998,77,-1,38,33,80694,1,22,12,988,0,-231,2,24,0,0,1000,-239.0,3.0,20.0,0.0,0.0,1000.0,12,988,0,9,5,4,14,0,0,0,0,1,1,0,0,0,1,0,1,0,0,0,0,0,1,1,0,0,0,0,0,0,0,0,0,0,0,0,0,0,0,0,0,0,0,0,0,0,0,0,0,0,0,0,0,0,0,0,0,0,0,0,0,0,1,0,0,1,0,0,0,0,0,0,0,0,0,0,0,0,0,0,0,0,0,0,0,0,0,0,0,0,0,0,0,0,0.0,0.0,0.0,0,0,0,0,0,0,0,0,0,0,0,21,397,5417,5835,0,0,0.0,0.0,0.0,0,0.0,1,0,0,1,0,1,1,1
attraction mate mateIn4 middlegame operaMate pin sacrifice veryLong,g1g2 h7h2 g2f1 h2h1 f3g1 h1g1 f1g1 h8h1,2k4r/ppp2ppr/2n5/3b1N2/3p1bP1/5NP1/PPP1QPK1/R3R3 b - -,1851,74,-1,-1500,-1500,145723,1,8,1000,0,0,-149,2,20,0,50,950,-205.0,3.0,19.0,0.0,2.0,998.0,1000,0,0,31,25,6,56,6,2,0,2,1,1,6,1,2,2,0,1,0,0,0,1,0,0,0,0,0,0,1,0,1,0,0,0,1,0,0,0,0,0,0,1,0,0,0,1,0,0,0,0,0,0,1,0,0,0,0,0,0,0,0,0,0,0,0,0,0,0,0,0,0,0,0,0,0,0,0,1,0,0,0,0,0,0,0,0,0,0,0,0,0,0,1,1,1,1.0,1.0,1.0,1,1,1,5,1,1,1,1,1,2,0,41,1524,56733,58298,3,3,0.024390243902439,0.0006561679790026,1.762642553716532e-05,7,2.333333333333333,0,0,0,1,1,1,1,1
crushing middlegame pin short,d2d4 e5f3 g1h1 f3d4,2kr3r/ppp3pp/6q1/3Pnp2/1PPQp3/7P/P3NPP1/R4RK1 b - -,1054,75,-1,561,557,559390,1,33,1000,0,0,-80,2,22,0,763,237,-81.0,3.0,18.0,0.0,749.0,251.0,1000,0,0,29,29,0,58,7,1,0,2,1,1,7,1,0,2,1,1,1,0,0,1,0,0,1,0,0,0,0,0,0,0,0,0,0,0,0,0,0,0,0,1,0,0,0,0,0,0,0,0,0,0,0,0,0,0,0,0,0,0,0,0,0,0,0,0,0,0,0,0,0,0,0,0,0,0,0,0,0,0,0,0,0,0,0,0,0,0,0,0,0,0,1,1,1,1.0,1.0,1.0,1,1,1,2,1,2,1,1,1,2,1,42,1413,57323,58778,3,3,0.0238095238095238,0.0007077140835102,1.7445004622926224e-05,5,1.6666666666666667,1,1,1,1,1,1,1,1
endgame mate mateIn1 oneMove,h7g8 c3h8,2r3k1/p4p2/1p1pq3/2p2p2/7R/2Q4P/1P3PP1/6K1 w - -,505,97,1,1500,1500,26499,1,2,1000,0,0,1500,2,2,1000,0,0,0.0,3.0,29.0,2.0,997.0,1.0,1000,0,0,18,20,-2,38,4,0,0,1,1,1,6,0,0,1,1,1,0,0,0,0,0,1,0,0,0,0,1,0,0,0,0,0,0,0,0,0,1,1,0,0,0,0,0,0,0,0,0,0,0,0,0,0,0,0,0,0,0,0,0,0,0,0,0,0,0,0,0,0,0,0,0,0,0,0,0,0,0,0,0,0,0,0,0,0,0,0,0,0,0,0,0,0,0,0.0,0.0,0.0,0,0,0,0,0,0,0,0,0,0,0,39,1037,35086,36162,0,0,0.0,0.0,0.0,0,0.0,1,0,1,1,0,1,1,1
crushing middlegame short,d1d3 e6f5 e1c1 f5d3,r2q1r1k/1pp3p1/1b2b2p/3n4/pP6/P1PQ1N1P/1BB2PP1/R3K2R b KQ -,1767,74,-1,311,295,127578,1,28,1000,0,0,-35,2,30,1,962,37,-129.0,3.0,22.0,0.0,187.0,813.0,1000,0,0,34,33,1,67,6,1,2,2,1,1,5,1,2,2,1,1,1,0,0,1,0,0,1,0,0,0,0,0,0,0,0,0,0,0,0,0,0,0,0,0,0,0,0,0,0,0,0,0,0,0,0,0,0,0,0,0,0,0,0,0,0,0,0,0,0,0,0,0,0,0,0,0,0,0,0,0,0,0,0,0,0,0,0,0,0,0,0,0,0,0,1,2,5,2.0,2.5,2.25,1,0,1,1,3,8,1,2,3,4,1,46,1989,90130,92165,2,8,0.0217391304347826,0.0010055304172951,5.547542438699656e-05,12,1.5,0,1,1,1,1,1,1,1
crushing long middlegame,c2c1 c5d6 c1f4 e5f4 f1f4 d6f4,2br3k/5p1p/ppn2Np1/2b1q1P1/2P1p2N/P7/1P2B1K1/R1Q2R2 b - -,2426,76,-1,375,394,440410,1,31,1000,0,0,88,2,33,338,662,0,-85.0,3.0,24.0,0.0,700.0,300.0,1000,0,0,32,29,3,61,4,2,1,2,1,1,6,1,2,1,1,1,1,0,1,1,0,0,0,0,0,0,0,0,0,0,0,0,0,0,0,0,0,0,0,0,0,0,0,0,0,0,0,0,0,0,0,0,0,0,0,0,0,0,0,0,0,0,0,0,0,0,0,0,0,0,0,0,0,0,0,0,0,0,0,0,0,0,0,0,0,0,0,0,0,0,1,1,1,1.0,1.0,1.0,1,1,1,1,2,2,1,1,1,3,1,53,1897,92117,94067,3,3,0.0188679245283018,0.0005271481286241,1.085575952321504e-05,5,1.6666666666666667,1,1,1,1,1,1,1,1
advantage discoveredAttack endgame long,h1f1 f2e3 c1b1 f8f1 g6g8 e4e8,k4r2/pp6/2p3Q1/3p2P1/4r2P/8/PPP2q2/2KR1R2 b - -,1488,76,-1,384,412,1179246,1,48,1000,0,0,0,2,28,2,996,2,-282.0,3.0,23.0,0.0,0.0,1000.0,1000,0,0,24,23,1,47,5,0,0,2,1,1,4,0,0,2,1,1,0,0,1,0,1,1,0,0,0,0,0,0,0,0,0,0,0,0,0,0,0,0,0,0,0,0,1,0,0,0,0,0,0,0,0,0,0,0,0,0,0,0,0,0,0,0,0,0,0,0,0,0,0,0,0,0,0,0,0,0,0,0,0,0,0,0,0,0,0,0,0,0,0,0,1,1,0,1.0,0.0,0.5,1,1,0,1,1,0,1,1,0,2,1,51,1484,64377,65912,2,2,0.0196078431372549,0.0006738544474393,0.0,2,1.0,0,0,0,1,1,1,1,1
crushing endgame master rookEndgame veryLong,d2e2 e1e2 d3e2 c7b6 e2f3 b6a5 a2a3 a5a4,8/2k4p/p2p2p1/2pP1p2/2P4P/3K4/P3RPP1/4r3 b - -,1553,76,-1,358,454,2147459,1,39,1000,0,0,1,2,21,2,997,1,0.0,3.0,25.0,2.0,997.0,1.0,1000,0,0,11,11,0,22,6,0,0,1,0,1,6,0,0,1,0,1,1,0,0,0,0,1,0,1,0,0,0,0,0,1,0,0,1,0,0,0,0,0,0,0,0,0,0,0,0,0,0,0,0,0,0,0,0,0,0,0,0,0,0,0,0,0,0,0,0,0,0,0,0,0,0,0,0,0,0,0,0,0,0,0,0,0,0,0,0,0,0,0,0,0,1,1,1,1.0,1.0,1.0,1,1,1,1,1,1,1,1,1,2,1,19,367,6904,7290,3,3,0.0526315789473684,0.0027247956403269,0.0001448435689455,3,1.0,0,0,1,1,1,1,1,1
advantage long middlegame pin,f8e7 c3c4 b7b6 a7c7 d7c7 c4d5,3r2r1/Qpqkbp2/p1p1p2p/3nP3/8/2P1NP1N/PP6/1K1R3R w - -,1808,73,1,227,228,138105,1,33,999,1,0,-26,2,29,1,984,15,-40.0,3.0,25.0,0.0,967.0,33.0,1000,0,0,30,31,-1,61,5,2,0,2,1,1,6,1,1,2,1,1,0,0,1,1,1,0,0,0,0,0,0,0,0,0,0,0,0,0,0,0,0,0,0,1,0,0,0,0,0,0,0,0,0,0,0,0,0,0,0,0,0,0,0,0,0,0,0,0,0,0,0,0,0,0,0,0,0,0,0,0,0,0,0,0,0,0,0,0,0,0,0,0,0,0,1,8,36,8.0,4.5,6.25,1,0,4,1,14,63,1,4,5,5,1,39,1450,57199,58688,5,45,0.0256410256410256,0.0055172413793103,0.000629381632546,78,1.7333333333333334,0,0,0,0,1,1,1,1
crushing defensiveMove endgame long pin,h1h3 f1e2 e5e4 g1h1 e4d3 e2d2,8/2p5/p1n5/1pP1p2k/1P1p4/P2P3q/5P2/R4KR1 w - -,1658,77,1,320,376,235011,1,47,1000,0,0,-354,2,21,0,0,1000,-361.0,3.0,20.0,0.0,0.0,1000.0,1000,0,0,15,17,-2,32,5,0,0,2,0,1,5,1,0,0,1,1,1,0,1,0,0,1,0,0,0,0,0,0,0,0,0,0,0,0,0,0,0,0,0,1,0,0,0,0,0,0,0,0,0,0,0,0,0,0,0,0,0,0,1,0,0,0,0,0,0,0,0,0,0,0,0,0,0,0,0,0,0,0,0,0,0,0,0,0,0,0,0,0,0,0,1,1,3,1.0,3.0,2.0,1,1,0,1,2,7,1,1,2,3,1,3,71,1216,1290,2,5,0.3333333333333333,0.0140845070422535,0.0024671052631578,10,2.0,0,1,1,1,1,1,1,1
advancedPawn advantage endgame short,e2f2 g6f7 g8f8 a7a8,6k1/R4p1p/6P1/3p4/8/2b5/1r3rPP/5RK1 w - -,2093,75,1,203,240,152677,1,32,1000,0,0,-474,2,17,0,0,1000,-573.0,3.0,30.0,0.0,0.0,1000.0,1000,0,0,13,16,-3,29,3,0,0,2,0,1,3,0,1,2,0,1,0,0,0,0,1,1,1,0,0,0,0,0,0,0,0,0,0,0,0,0,0,0,0,0,0,0,0,0,0,0,0,0,0,1,0,0,0,0,0,0,0,0,0,0,0,0,0,0,0,0,0,0,0,0,0,0,0,0,0,0,0,0,0,0,0,0,0,0,0,0,0,0,0,0,1,1,2,1.0,2.0,1.5,1,1,0,1,1,2,1,1,1,2,1,26,891,22160,23077,2,4,0.0384615384615384,0.0011223344556677,9.025270758122745e-05,4,1.0,0,1,1,1,1,1,1,1
mate mateIn1 oneMove opening,f6h7 f8g6,r1br1N1k/ppp2Bbn/2n4p/q7/3P4/2N5/PPP2PPP/R1B2RK1 w - -,945,81,1,1500,1500,71992,1,2,1000,0,0,-401,2,21,0,0,1000,-428.0,3.0,17.0,0.0,0.0,1000.0,1000,0,0,29,35,-6,64,7,2,2,2,0,1,4,2,2,2,1,1,0,0,0,0,0,0,0,0,0,0,1,0,0,0,0,0,0,0,0,0,1,1,1,0,0,0,0,0,0,0,0,0,0,0,0,0,0,0,0,0,0,0,0,0,0,0,0,0,0,0,0,0,0,0,0,0,0,0,0,0,0,0,0,0,0,0,0,0,0,0,0,0,0,0,0,0,0,0.0,0.0,0.0,0,0,0,0,0,0,0,0,0,0,0,39,1572,60843,62454,0,0,0.0,0.0,0.0,0,0.0,1,1,1,1,1,1,1,1
mate mateIn1 middlegame oneMove operaMate,c6d5 h1h8,rn4k1/pp1q1r2/3p2B1/3p4/2PB2b1/8/P2K1PP1/7R w - -,1381,86,1,1500,1500,107270,1,2,1000,0,0,-238,2,21,0,0,1000,-242.0,3.0,22.0,0.0,0.0,1000.0,1000,0,0,15,29,-14,44,4,0,2,1,0,1,4,1,1,2,1,1,0,0,0,1,0,0,0,0,0,0,1,0,1,0,0,0,0,0,0,0,1,1,0,0,0,0,0,0,0,0,0,0,0,0,0,0,0,0,0,0,0,0,0,0,0,0,0,0,0,0,0,0,0,0,0,0,0,0,0,0,0,0,0,0,0,0,0,0,0,0,0,0,0,0,0,0,0,0.0,0.0,0.0,0,0,0,0,0,0,0,0,0,0,0,46,1469,59429,60944,0,0,0.0,0.0,0.0,0,0.0,1,1,1,1,1,1,1,1
endgame mate mateIn1 oneMove,f2f4 h4e1,8/pp3Q1p/1n2B1pk/8/5PPq/7P/PPP5/2K5 b - -,604,86,-1,-1500,-1500,69812,1,2,1000,0,0,-1500,2,17,0,0,1000,-1500.0,3.0,17.0,0.0,0.0,1000.0,1000,0,0,18,16,2,34,6,0,1,0,1,1,4,1,0,0,1,1,0,0,0,0,0,1,0,0,0,0,1,0,0,0,0,0,0,0,0,0,1,1,0,0,0,0,0,0,0,0,0,0,0,0,0,0,0,0,0,0,0,0,0,0,0,0,0,0,0,0,0,0,0,0,0,0,0,0,0,0,0,0,0,0,0,0,0,0,0,0,0,0,0,0,0,0,0,0.0,0.0,0.0,0,0,0,0,0,0,0,0,0,0,0,19,515,9013,9547,0,0,0.0,0.0,0.0,0,0.0,1,1,1,1,1,1,1,1
master mate mateIn1 middlegame oneMove operaMate pillsburysMate,c3a4 d8d1,3r2k1/5pp1/2p3np/2b5/Np2P1b1/1B4B1/1PP3PP/4KR2 b - -,627,86,-1,-1500,-1500,48995,1,2,1000,0,0,47,2,25,31,969,0,16.0,3.0,21.0,4.0,995.0,1.0,1000,0,0,19,19,0,38,5,1,2,1,0,1,5,1,2,1,0,1,0,0,0,1,0,0,0,0,0,0,1,0,1,1,0,0,0,0,0,0,1,1,0,0,0,0,0,0,0,0,0,0,0,0,0,0,0,0,0,0,0,0,0,0,0,0,0,0,0,1,0,0,0,0,0,0,0,0,0,0,0,0,0,0,0,0,0,0,0,0,0,0,0,0,0,0,0,0.0,0.0,0.0,0,0,0,0,0,0,0,0,0,0,0,40,1064,37778,38882,0,0,0.0,0.0,0.0,0,0.0,1,1,1,1,1,1,1,1
advancedPawn endgame mate mateIn2 promotion queenRookEndgame short,f5d5 g6g1 f1g1 f2g1q,6r1/p6k/1p4rp/3Q4/8/P7/4Rp1P/5R1K b - -,686,89,-1,-1500,-1500,86064,1,4,1000,0,0,-485,2,19,0,0,1000,-491.0,3.0,22.0,0.0,0.0,1000.0,1000,0,0,21,14,7,35,2,0,0,2,1,1,4,0,0,2,0,1,0,0,0,0,0,1,1,0,0,0,1,1,0,0,0,0,0,0,0,0,0,0,0,0,0,0,0,0,0,0,0,0,0,1,0,1,0,0,0,0,0,0,0,0,0,1,0,0,0,0,0,0,0,0,0,0,0,0,0,0,0,0,0,0,0,0,0,0,0,0,0,0,0,0,1,1,0,1.0,0.0,0.5,1,1,0,5,1,0,1,1,0,1,0,24,1096,26073,27193,2,2,0.0416666666666666,0.000912408759124,0.0,6,3.0,0,0,0,0,0,0,0,0
crushing hangingPiece master middlegame short,b6c7 d8c7 a2b3 f7g5,r2q1rk1/2B2nbp/3p2p1/4p1N1/4P1P1/1bN4P/PP1Q1P2/2KR3R b - -,2439,87,-1,238,282,188033,1,40,1000,0,0,-73,2,30,0,803,197,-130.0,3.0,32.0,0.0,173.0,827.0,1000,0,0,34,32,2,66,6,2,1,2,1,1,4,1,2,2,1,1,1,1,0,1,0,0,1,0,0,0,0,0,0,1,0,0,0,0,0,0,0,0,0,0,0,0,0,0,0,0,0,0,0,0,0,0,0,0,0,0,0,0,0,0,0,0,0,0,0,0,0,0,0,0,0,0,0,0,0,0,0,0,0,0,0,0,0,0,0,0,0,0,0,0,1,1,1,1.0,1.0,1.0,1,1,1,1,1,2,1,1,1,3,1,34,1242,43148,44424,3,3,0.0294117647058823,0.000805152979066,2.3176045239640308e-05,4,1.3333333333333333,0,1,1,1,1,1,1,1
crushing master middlegame short,a5c4 e5c4 e2c4 e4d2,r2r2k1/p4ppp/1p6/2p1n3/2N1n3/P3P3/1P2BPPP/1R1R2K1 b - -,1969,93,-1,321,362,235179,1,38,1000,0,0,-44,2,33,0,975,25,-97.0,3.0,24.0,0.0,547.0,453.0,1000,0,0,22,22,0,44,6,1,1,2,0,1,6,2,0,2,0,1,1,0,0,1,0,0,1,0,0,0,0,0,0,1,0,0,0,0,0,0,0,0,0,0,0,0,0,0,0,0,0,0,0,0,0,0,0,0,0,0,0,0,0,0,0,0,0,0,0,0,0,0,0,0,0,0,0,0,0,0,0,0,0,0,0,0,0,0,0,0,0,0,0,0,1,1,1,1.0,1.0,1.0,1,1,1,2,2,2,1,1,1,2,1,38,1158,40569,41765,3,3,0.0263157894736842,0.0008635578583765,2.464936281397126e-05,6,2.0,0,0,1,1,1,1,1,1
endgame mate mateIn2 queenEndgame short,c8b7 d6f4 g4h5 f4h4,8/pQ3p1k/3q1P1p/6p1/P2p2K1/1P1P3P/2P3P1/8 b - -,1009,81,-1,-1500,-1500,49580,1,4,1000,0,0,-151,2,24,0,35,965,-171.0,3.0,32.0,0.0,10.0,990.0,1000,0,0,16,14,2,30,7,0,0,0,1,1,5,0,0,0,1,1,0,0,0,0,0,1,1,0,0,0,1,1,0,0,0,0,0,0,0,0,0,0,0,0,0,0,0,0,0,0,0,0,0,0,0,0,0,0,0,0,0,0,0,1,0,0,0,0,0,0,0,0,0,0,0,0,0,0,0,0,0,0,0,0,0,0,0,0,0,0,0,0,0,0,1,1,0,1.0,0.0,0.5,1,1,0,2,1,0,1,1,0,2,0,25,505,9862,10392,2,2,0.04,0.0019801980198019,0.0,3,1.5,0,1,1,1,1,1,1,1
crushing long middlegame,c5e3 b2c1 e3d4 c3d4 e5d4 c1h6,6k1/pp1n3p/2p1bppb/4p3/2P1P3/1PQNqPPP/PB4BK/8 w - -,1486,76,1,368,390,145417,1,33,1000,0,0,0,2,23,2,996,2,-59.0,3.0,22.0,0.0,930.0,70.0,1000,0,0,25,25,0,50,7,1,2,0,1,1,7,1,2,0,1,1,1,0,1,1,0,0,0,0,0,0,0,0,0,0,0,0,0,0,0,0,0,0,0,0,0,0,0,0,0,0,0,0,0,0,0,0,0,0,0,0,0,0,0,0,0,0,0,0,0,0,0,0,0,0,0,0,0,0,0,0,0,0,0,0,0,0,0,0,0,0,0,0,0,0,1,1,1,1.0,1.0,1.0,1,1,1,1,1,5,1,1,1,2,1,28,1093,30821,31942,3,3,0.0357142857142857,0.000914913083257,3.24454105966711e-05,7,2.333333333333333,0,0,1,1,1,1,1,1
endgame mate mateIn2 short,a7d7 c5f2 g1h1 f2g2,5rk1/3Q1p2/5p1p/2q5/8/8/P1r2PPP/3RR1K1 b - -,759,101,-1,-1500,-1500,74881,1,4,1000,0,0,5,2,22,2,997,1,-15.0,3.0,16.0,1.0,995.0,4.0,1000,0,0,23,22,1,45,4,0,0,2,1,1,3,0,0,2,1,1,0,0,0,0,0,1,1,0,0,0,1,1,0,0,0,0,0,0,0,0,0,0,0,0,0,0,0,0,0,0,0,0,0,0,0,0,0,0,0,0,0,0,0,0,0,0,0,0,0,0,0,0,0,0,0,0,0,0,0,0,0,0,0,0,0,0,0,0,0,0,0,0,0,0,1,1,0,1.0,0.0,0.5,1,1,0,3,1,0,1,1,0,2,0,39,1656,62930,64625,2,2,0.0256410256410256,0.0006038647342995,0.0,4,2.0,1,1,1,1,1,1,1,1
crushing fork opening short,h5h6 e7g5 h6g5 d8g5,rnbq1rk1/pp2b2p/4p2Q/3p1p2/2pP4/P1N5/1PP1PPPP/2KR1BNR b - -,955,111,-1,413,401,1313412,1,37,1000,0,0,5,2,24,12,980,8,2.0,3.0,23.0,11.0,980.0,9.0,1000,0,0,36,35,1,71,8,2,1,2,1,1,7,1,2,2,1,1,1,0,0,0,0,0,1,0,1,0,0,0,0,0,0,0,0,0,0,0,0,0,1,0,0,0,0,0,0,0,0,0,0,0,0,0,0,0,0,0,0,0,0,0,0,0,0,0,0,0,0,0,0,0,0,0,0,0,0,0,0,0,0,0,0,0,0,0,0,0,0,0,0,0,1,1,1,1.0,1.0,1.0,1,1,1,2,1,3,1,1,1,2,1,28,1001,26104,27133,3,3,0.0357142857142857,0.0009990009990009,3.830830524057616e-05,6,2.0,1,1,1,1,1,1,1,1
advantage discoveredAttack discoveredCheck endgame long,g1h2 d2f1 h2g1 f1g3 g1f2 g3e2,5k2/5pp1/8/1p2N3/1P6/7P/3nR1PK/2r5 b - -,1222,78,-1,457,470,452914,1,44,1000,0,0,21,2,17,6,994,0,10.0,3.0,15.0,3.0,996.0,1.0,1000,0,0,11,11,0,22,3,1,0,1,0,1,3,1,0,1,0,1,0,0,1,0,1,1,0,0,0,0,0,0,0,0,0,0,0,0,0,0,0,0,0,0,0,0,1,0,0,0,0,0,0,0,0,0,0,0,0,0,0,0,0,0,0,0,0,0,0,0,0,0,1,0,0,0,0,0,0,0,0,0,0,0,0,0,0,0,0,0,0,0,0,0,1,1,1,1.0,1.0,1.0,1,1,1,2,1,2,1,1,1,2,1,27,441,9038,9506,3,3,0.037037037037037,0.0022675736961451,0.000110643947776,5,1.6666666666666667,0,0,1,1,1,1,1,1
advantage middlegame short,c5a7 c1e3 a7e3 e1e3,2k3nr/bppr2pp/p3pp2/8/5P2/1N2nN2/PP4PP/1RB1R1K1 w - -,869,80,1,290,337,101401,1,26,1000,0,0,-119,2,21,0,235,765,-414.0,3.0,23.0,0.0,0.0,1000.0,1000,0,0,24,26,-2,50,5,2,1,2,0,1,7,2,1,2,0,1,0,0,0,1,1,0,1,0,0,0,0,0,0,0,0,0,0,0,0,0,0,0,0,0,0,0,0,0,0,0,0,0,0,0,0,0,0,0,0,0,0,0,0,0,0,0,0,0,0,0,0,0,0,0,0,0,0,0,0,0,0,0,0,0,0,0,0,0,0,0,0,0,0,0,1,2,29,2.0,14.5,8.25,1,0,1,2,5,44,1,2,5,5,1,26,910,20868,21804,2,32,0.0384615384615384,0.0021978021978021,0.0013896875599003,51,1.59375,1,1,1,1,1,1,1,1
crushing endgame long,f3e2 d3e3 e2f1 f4f3 h5f3 e3f3,5k2/1p6/8/4p2B/1R2Pp1p/3r2pP/4K3/8 b - -,2377,80,-1,244,279,166352,1,37,1000,0,0,168,2,30,989,11,0,54.0,3.0,26.0,48.0,952.0,0.0,1000,0,0,10,10,0,20,2,0,1,1,0,1,5,0,0,1,0,1,1,0,1,0,0,1,0,0,0,0,0,0,0,0,0,0,0,0,0,0,0,0,0,0,0,0,0,0,0,0,0,0,0,0,0,0,0,0,0,0,0,0,0,0,0,0,0,0,0,0,0,0,0,0,0,0,0,0,0,0,0,0,0,0,0,0,0,0,0,0,0,0,0,0,1,1,1,1.0,1.0,1.0,1,1,1,1,1,1,1,1,1,3,1,19,282,5043,5344,3,3,0.0526315789473684,0.0035460992907801,0.0001982946658734,3,1.0,0,0,1,1,1,1,1,1
mate mateIn2 middlegame short,f2f1 d5d1 f1e2 g3e1,8/ppp3p1/2nb1kB1/3r3R/4Q3/4PPq1/PP6/R1B2K2 b - -,1052,79,-1,-1500,-1500,47556,1,4,1000,0,0,-165,2,25,0,17,983,-276.0,3.0,22.0,0.0,0.0,1000.0,1000,0,0,29,24,5,53,4,0,2,2,1,1,4,1,1,1,1,1,0,0,0,1,0,0,1,0,0,0,1,1,0,0,0,0,0,0,0,0,0,0,0,0,0,0,0,0,0,0,0,0,0,0,0,0,0,0,0,0,0,0,0,0,0,0,0,0,0,0,0,0,0,0,0,0,0,0,0,0,0,0,0,0,0,0,0,0,0,0,0,0,0,0,1,1,0,1.0,0.0,0.5,1,1,0,4,1,0,1,1,0,2,0,42,1362,46186,47590,2,2,0.0238095238095238,0.000734214390602,0.0,5,2.5,0,0,1,1,1,1,1,1
advantage fork long middlegame sacrifice,d8f8 f3f8 g8f8 c4b6 c8c7 b6d7,2k2rr1/1p1q3p/p1nb4/2p1p3/2N1R3/3P1QP1/PPP5/R1B3K1 w - -,2046,74,1,238,272,76662,1,28,1000,0,0,-108,2,23,0,386,614,-188.0,3.0,18.0,0.0,6.0,994.0,1000,0,0,30,30,0,60,5,1,1,2,1,1,5,1,1,2,1,1,0,0,1,1,1,0,0,0,1,0,0,0,0,0,0,0,0,0,0,0,0,0,0,0,0,0,0,1,0,0,0,0,0,0,0,0,0,0,0,0,0,0,0,0,0,0,0,0,0,0,0,0,0,0,0,0,0,0,0,0,0,0,0,0,0,0,0,0,0,0,0,0,0,0,1,2,2,2.0,1.0,1.5,1,0,2,5,3,4,1,2,1,4,1,47,1817,79117,80981,3,5,0.0212765957446808,0.0011007154650522,2.527901715181314e-05,12,2.4,0,0,1,1,1,1,1,1
crushing endgame pawnEndgame short zugzwang,d6c6 d4c4 c6d6 c4b5,8/7p/2k3p1/p5P1/P2K4/8/8/8 w - -,1836,77,1,382,407,587265,1,33,1000,0,0,14,2,25,3,996,1,-521.0,3.0,54.0,0.0,0.0,1000.0,1000,0,0,2,3,-1,5,2,0,0,0,0,1,3,0,0,0,0,1,1,0,0,0,0,1,1,0,0,1,0,0,0,0,0,0,0,1,0,0,0,0,0,0,0,0,0,0,0,0,0,0,0,0,0,0,0,0,0,0,0,0,0,0,0,0,0,0,0,0,0,0,0,0,0,0,0,0,0,0,0,0,0,0,0,0,0,0,0,0,0,0,0,0,0,0,0,0.0,0.0,0.0,0,0,0,0,0,0,0,0,0,0,0,6,49,335,390,0,0,0.0,0.0,0.0,0,0.0,0,1,1,1,1,1,1,1
endgame mate mateIn2 pin short,b4b6 f4h4 h2g1 e5e1,b6k/8/1Q4p1/4q2p/5r1P/P1N3R1/1PP3PK/8 b - -,1346,80,-1,-1500,-1500,28461,1,4,1000,0,0,-50,2,29,0,963,37,-93.0,3.0,25.0,0.0,619.0,381.0,1000,0,0,22,19,3,41,5,1,0,1,1,1,2,0,1,1,1,1,0,0,0,0,0,1,1,0,0,0,1,1,0,0,0,0,0,0,0,0,0,0,0,1,0,0,0,0,0,0,0,0,0,0,0,0,0,0,0,0,0,0,0,0,0,0,0,0,0,0,0,0,0,0,0,0,0,0,0,0,0,0,0,0,0,0,0,0,0,0,0,0,0,0,1,1,0,1.0,0.0,0.5,1,1,0,2,1,0,1,1,0,2,0,44,1628,60766,62438,2,2,0.0227272727272727,0.0006142506142506,0.0,3,1.5,1,1,1,1,1,1,1,1
crushing fork master middlegame short,d8d4 e4b7 d4d7 b7c8,2r5/4kp2/p3p2q/1p3nNP/3rQP2/P1N5/1P3K2/6R1 w - -,1192,77,1,324,337,386485,1,41,1000,0,0,-285,2,23,0,0,1000,-371.0,3.0,18.0,0.0,0.0,1000.0,1000,0,0,24,26,-2,50,4,2,0,1,1,1,4,1,0,2,1,1,1,0,0,1,0,0,1,0,1,0,0,0,0,1,0,0,0,0,0,0,0,0,0,0,0,0,0,0,0,0,0,0,0,0,0,0,0,0,0,0,0,0,0,0,0,0,0,0,0,0,0,0,0,0,0,0,0,0,0,0,0,0,0,0,0,0,0,0,0,0,0,0,0,0,1,1,1,1.0,1.0,1.0,1,1,1,3,1,2,1,1,1,3,1,47,2030,86974,89051,3,3,0.0212765957446808,0.0004926108374384,1.1497688964518132e-05,6,2.0,1,1,1,1,1,1,1,1
backRankMate endgame long mate mateIn3 sacrifice,f6e6 c2f2 g1h1 f2f1 e1f1 f7f1,5k2/5r1p/pp2Q3/8/8/1P6/P1q2PPP/4R1K1 b - -,1133,100,-1,-1500,-1500,42200,1,6,1000,0,0,-429,2,21,0,0,1000,-467.0,3.0,15.0,0.0,0.0,1000.0,1000,0,0,19,17,2,36,5,0,0,1,1,1,3,0,0,1,1,1,0,0,1,0,0,1,0,0,0,0,1,0,0,0,0,0,0,0,0,0,0,0,0,0,0,1,0,1,0,0,0,0,0,0,0,0,1,0,0,0,0,0,0,0,0,0,0,0,0,0,0,0,0,0,0,0,0,0,0,0,0,0,0,0,0,0,0,0,0,0,0,0,0,0,1,1,1,1.0,1.0,1.0,1,1,1,3,1,1,1,1,1,2,0,36,1369,38682,40087,3,3,0.0277777777777777,0.0007304601899196,2.5851817382762007e-05,5,1.6666666666666667,1,0,1,1,1,1,1,1
mate mateIn2 middlegame short,g7f6 e2h5 h7g6 h5g6,r2qkb1r/p2p3b/1p1Ppp2/2p1Pp2/2P2P1P/4K3/PP2B1P1/3Q3R w kq -,1075,90,1,1500,1500,223704,1,4,1000,0,0,-352,2,23,0,0,1000,-423.0,3.0,31.0,0.0,0.0,1000.0,1000,0,0,25,32,-7,57,8,0,1,1,1,1,7,0,2,2,1,1,0,0,0,1,0,0,1,0,0,0,1,1,0,0,0,0,0,0,0,0,0,0,0,0,0,0,0,0,0,0,0,0,0,0,0,0,0,0,0,0,0,0,0,0,0,0,0,0,0,0,0,0,0,0,0,0,0,0,0,0,0,0,0,0,0,0,0,0,0,0,0,0,0,0,1,1,0,1.0,0.0,0.5,1,1,0,3,1,0,1,1,0,1,0,35,619,21145,21799,2,2,0.0285714285714285,0.0016155088852988,0.0,4,2.0,1,1,1,1,1,1,1,1
crushing long middlegame trappedPiece,d8f6 e3g5 f6g6 f3h4 h7h6 h4g6,r3r1k1/ppp2ppp/2nbpq2/5b2/3P4/2P1BN2/P1PQBPPP/3R1RK1 w - -,1394,76,1,497,475,179451,1,33,1000,0,0,53,2,22,99,900,1,12.0,3.0,20.0,16.0,979.0,5.0,1000,0,0,35,35,0,70,7,1,2,2,1,1,7,1,2,2,1,1,1,0,1,1,0,0,0,0,0,0,0,0,0,0,0,0,0,0,0,0,0,0,0,0,0,0,0,0,0,0,0,0,0,0,0,0,0,0,0,0,0,0,0,0,0,0,0,0,0,0,1,0,0,0,0,0,0,0,0,0,0,0,0,0,0,0,0,0,0,0,0,0,0,0,1,3,5,3.0,1.6666666666666667,2.333333333333333,1,0,1,2,4,10,1,2,3,3,1,28,1356,40544,41928,2,9,0.0357142857142857,0.0022123893805309,0.0001233228097868,16,1.7777777777777777,1,1,1,1,1,1,1,1
kingsideAttack mate mateIn2 middlegame short,g3e4 d6h2 g1f1 h2h1,r3kb1r/4ppp1/3q2p1/p2p4/Pp1PN3/8/1PP1QPPP/R1B1R1K1 b kq -,760,103,-1,-1500,-1500,24823,1,4,1000,0,0,-113,2,24,0,328,672,-407.0,3.0,23.0,0.0,0.0,1000.0,1000,0,0,32,29,3,61,7,1,1,2,1,1,7,0,1,2,1,1,0,0,0,1,0,0,1,0,0,0,1,1,0,0,0,1,0,0,0,0,0,0,0,0,0,0,0,0,0,0,0,0,0,0,0,0,0,0,0,0,0,0,0,0,0,0,0,0,0,0,0,0,0,0,0,0,0,0,0,0,0,0,0,0,0,0,0,0,0,0,0,0,0,0,1,1,0,1.0,0.0,0.5,1,1,0,4,1,0,1,1,0,2,0,36,1355,43654,45045,2,2,0.0277777777777777,0.0007380073800738,0.0,5,2.5,0,1,1,1,1,1,1,1
endgame mate mateIn1 morphysMate oneMove,e5e2 e6f5,1Q6/5p1k/4b1pp/5B2/3p2KP/6P1/P3R3/5r2 b - -,948,86,-1,-1500,-1500,103130,1,2,1000,0,0,-252,2,26,0,0,1000,-387.0,3.0,27.0,0.0,0.0,1000.0,1000,0,0,20,12,8,32,3,0,1,1,1,1,4,0,1,1,0,1,0,0,0,0,0,1,0,0,0,0,1,0,0,0,0,0,0,0,0,0,1,1,0,0,0,0,0,0,0,0,0,1,0,0,0,0,0,0,0,0,0,0,0,0,0,0,0,0,0,0,0,0,0,0,0,0,0,0,0,0,0,0,0,0,0,0,0,0,0,0,0,0,0,0,0,0,0,0.0,0.0,0.0,0,0,0,0,0,0,0,0,0,0,0,23,720,15473,16216,0,0,0.0,0.0,0.0,0,0.0,1,1,1,1,1,1,1,1
endgame mate mateIn2 short,d6e5 c2c8 d5d8 c8d8,5k2/1R4p1/p3pr1p/3rb3/3P4/8/P1R2pPP/5K2 w - -,1088,80,1,1500,1500,102404,1,4,1000,0,0,-129,2,20,0,130,870,-395.0,3.0,24.0,0.0,0.0,1000.0,1000,0,0,14,18,-4,32,4,0,0,2,0,1,5,0,1,2,0,1,0,0,0,0,0,1,1,0,0,0,1,1,0,0,0,0,0,0,0,0,0,0,0,0,0,0,0,0,0,0,0,0,0,0,0,0,0,0,0,0,0,0,0,0,0,0,0,0,0,0,0,0,0,0,0,0,0,0,0,0,0,0,0,0,0,0,0,0,0,0,0,0,0,0,1,1,0,1.0,0.0,0.5,1,1,0,6,3,0,1,1,0,1,0,32,739,21579,22350,2,2,0.03125,0.0013531799729364,0.0,9,4.5,1,1,1,1,1,1,1,1
crushing master middlegame short,e7a7 a5c4 a7a4 c4b2,5rk1/R4p1p/5pp1/np1q4/r2P4/2P2N2/PQ3PPP/2R3K1 b - -,1495,75,-1,453,459,855638,1,38,1000,0,0,69,2,22,132,868,0,55.0,3.0,24.0,60.0,940.0,0.0,1000,0,0,28,27,1,55,6,1,0,2,1,1,5,1,0,2,1,1,1,0,0,1,0,0,1,0,0,0,0,0,0,1,0,0,0,0,0,0,0,0,0,0,0,0,0,0,0,0,0,0,0,0,0,0,0,0,0,0,0,0,0,0,0,0,0,0,0,0,0,0,0,0,0,0,0,0,0,0,0,0,0,0,0,0,0,0,0,0,0,0,0,0,1,8,18,8.0,2.25,5.125,1,0,4,2,15,40,1,2,3,3,1,39,1413,53021,54473,5,27,0.0256410256410256,0.005661712668082,0.0003394881273457,57,2.111111111111111,0,1,1,1,1,1,1,1
crushing endgame long pawnEndgame,g2g3 e4f3 h8g7 f3g3 g7f6 g3f4,7K/8/8/5p2/4kP2/6P1/8/8 b - -,979,107,-1,517,524,316938,1,22,1000,0,0,-519,2,46,0,0,1000,-521.0,3.0,37.0,0.0,0.0,1000.0,1000,0,0,2,1,1,3,2,0,0,0,0,1,1,0,0,0,0,1,1,0,1,0,0,1,0,0,0,1,0,0,0,0,0,0,0,0,0,0,0,0,0,0,0,0,0,0,0,0,0,0,0,0,0,0,0,0,0,0,0,0,0,0,0,0,0,0,0,0,0,0,0,0,0,0,0,0,0,0,0,0,0,0,0,0,0,0,0,0,0,0,0,0,1,4,5,4.0,1.25,2.625,1,0,3,1,4,5,1,2,1,2,1,5,20,151,176,4,10,0.2,0.2,0.0331125827814569,10,1.0,1,1,1,1,1,1,1,1
crushing endgame rookEndgame short,h3h4 c2c1 g1h2 e4e3,8/8/5kp1/R7/4p1PP/5p2/2r2P2/6K1 b - -,1670,76,-1,378,405,225430,1,37,1000,0,0,39,2,24,17,983,0,39.0,3.0,24.0,17.0,983.0,0.0,1000,0,0,8,8,0,16,3,0,0,1,0,1,3,0,0,1,0,1,1,0,0,0,0,1,1,1,0,0,0,0,0,0,0,0,0,0,0,0,0,0,0,0,0,0,0,0,0,0,0,0,0,0,0,0,0,0,0,0,0,0,0,0,0,0,0,0,0,0,0,0,0,0,0,0,0,0,0,0,0,0,0,0,0,0,0,0,0,0,0,0,0,0,1,1,1,1.0,1.0,1.0,1,1,1,1,1,1,1,1,1,3,1,18,317,5137,5472,3,3,0.0555555555555555,0.0031545741324921,0.0001946661475569,3,1.0,0,0,1,1,1,1,1,1
crushing endgame exposedKing fork sacrifice veryLong,f1d1 g4h4 g3h4 h6h4 h1g2 h4g4 g2f1 g4d1,6k1/5p1p/B2bp2q/5p2/6rP/1P4P1/1Q3P2/3R3K b - -,1984,77,-1,281,290,121364,1,33,1000,0,0,24,2,21,7,993,0,-6.0,3.0,20.0,1.0,997.0,2.0,1000,0,0,21,21,0,42,4,0,1,1,1,1,4,0,1,1,1,1,1,0,0,0,0,1,0,0,1,0,0,0,0,0,0,0,1,0,1,0,0,0,0,0,0,0,0,1,0,0,0,0,0,0,0,0,0,0,0,0,0,0,0,0,0,0,0,0,0,0,0,0,0,0,0,0,0,0,0,0,0,0,0,0,0,0,0,0,0,0,0,0,0,0,1,1,1,1.0,1.0,1.0,1,1,1,1,1,2,1,1,1,3,1,36,1328,42412,43776,3,3,0.0277777777777777,0.0007530120481927,2.3578232575686127e-05,4,1.3333333333333333,0,0,0,1,1,1,1,1
endgame master mate mateIn1 oneMove,d3h7 h5f3,5k2/p1p4Q/1pPpBp2/2qP3b/8/2P5/P6P/7K b - -,908,86,-1,-1500,-1500,71353,1,2,1000,0,0,-327,2,39,0,0,1000,-943.0,3.0,27.0,0.0,0.0,1000.0,1000,0,0,17,17,0,34,5,0,1,0,1,1,5,0,1,0,1,1,0,0,0,0,0,1,0,0,0,0,1,0,0,1,0,0,0,0,0,0,1,1,0,0,0,0,0,0,0,0,0,0,0,0,0,0,0,0,0,0,0,0,0,0,0,0,0,0,0,0,0,0,0,0,0,0,0,0,0,0,0,0,0,0,0,0,0,0,0,0,0,0,0,0,0,0,0,0.0,0.0,0.0,0,0,0,0,0,0,0,0,0,0,0,24,593,11702,12319,0,0,0.0,0.0,0.0,0,0.0,1,1,1,1,1,1,1,1
crushing middlegame pin short,e7d7 c6d7 d4c5 d7c8,1Qbk1b1r/3r1pp1/p1BP3p/8/3q4/6P1/1PP3PP/1K5R w - -,1880,75,1,228,217,92413,1,27,999,1,0,-453,2,20,0,0,1000,-481.0,3.0,23.0,0.0,0.0,1000.0,1000,0,0,23,29,-6,52,6,0,1,1,1,1,4,0,2,2,1,1,1,0,0,1,0,0,1,0,0,0,0,0,0,0,0,0,0,0,0,0,0,0,0,1,0,0,0,0,0,0,0,0,0,0,0,0,0,0,0,0,0,0,0,0,0,0,0,0,0,0,0,0,0,0,0,0,0,0,0,0,0,0,0,0,0,0,0,0,0,0,0,0,0,0,1,1,1,1.0,1.0,1.0,1,1,1,1,3,4,1,1,1,3,1,32,1099,32441,33572,3,3,0.03125,0.0009099181073703,3.082519034555038e-05,8,2.6666666666666665,0,1,1,1,1,1,1,1
advantage interference middlegame short,b5e2 f5c2 d1a1 c2a4,5rk1/n1q2ppp/1p1bpn2/3p1b2/NP1P4/P3PN2/3BBPPP/3Q1RK1 b - -,1885,71,-1,388,368,161590,1,27,1000,0,0,-34,2,30,1,969,30,-76.0,3.0,22.0,0.0,781.0,219.0,1000,0,0,33,32,1,65,7,2,2,1,1,1,6,2,2,1,1,1,0,0,0,1,1,0,1,0,0,0,0,0,0,0,1,0,0,0,0,0,0,0,0,0,0,0,0,0,0,0,0,0,0,0,0,0,0,0,0,0,0,0,0,0,0,0,0,0,0,0,0,0,0,0,0,0,0,0,0,0,0,0,0,0,0,0,0,0,0,0,0,0,0,0,1,3,3,3.0,1.0,2.0,1,0,3,3,5,6,1,1,1,2,1,46,1296,58007,59349,4,7,0.0217391304347826,0.0023148148148148,5.1717896115986e-05,14,2.0,0,1,1,1,1,1,1,1
clearance kingsideAttack mate mateIn2 middlegame sacrifice short,g1h1 h5g3 h2g3 f5h5,r7/pp4kp/6p1/2P2q1n/1PBb1p2/P4P2/3B2PP/2Q1R2K b - -,1025,77,-1,-1500,-1500,79947,1,4,1000,0,0,-166,2,19,0,16,984,-183.0,3.0,22.0,0.0,5.0,995.0,1000,0,0,26,25,1,51,6,0,2,1,1,1,5,1,1,1,1,1,0,0,0,1,0,0,1,0,0,0,1,1,0,0,0,1,0,0,0,0,0,0,0,0,0,0,0,1,0,0,0,0,0,0,0,0,0,0,0,0,0,0,0,0,0,0,1,0,0,0,0,0,0,0,0,0,0,0,0,0,0,0,0,0,0,0,0,0,0,0,0,0,0,0,1,1,0,1.0,0.0,0.5,1,1,0,2,1,0,1,1,0,2,0,44,1571,62824,64439,2,2,0.0227272727272727,0.0006365372374283,0.0,3,1.5,0,1,1,1,1,1,1,1
crushing endgame fork short,b3f3 h3g1 e2f2 g1f3,8/5p2/4p1k1/4P3/8/5RPn/1P2Kp2/5N1r b - -,1313,145,-1,434,471,160700,1,36,1000,0,0,1,2,18,2,997,1,-22.0,3.0,16.0,0.0,994.0,6.0,1000,0,0,11,11,0,22,3,1,0,1,0,1,3,1,0,1,0,1,1,0,0,0,0,1,1,0,1,0,0,0,0,0,0,0,0,0,0,0,0,0,0,0,0,0,0,0,0,0,0,0,0,0,0,0,0,0,0,0,0,0,0,0,0,0,0,0,0,0,0,0,0,0,0,0,0,0,0,0,0,0,0,0,0,0,0,0,0,0,0,0,0,0,1,1,1,1.0,1.0,1.0,1,1,1,2,1,2,1,1,1,2,1,13,228,3306,3547,3,3,0.0769230769230769,0.0043859649122807,0.0003024803387779,5,1.6666666666666667,1,1,1,1,1,1,1,1
advantage hangingPiece long opening,f3e5 d6e5 d1h5 g7g6 h5e5 g8f6,rnbqk1nr/ppp1b1pp/3p4/4N3/2B1P3/8/PPPP2PP/RNBQK2R b KQkq -,1794,75,-1,277,283,326404,1,36,1000,0,0,-37,2,20,3,931,66,-196.0,3.0,20.0,0.0,18.0,982.0,1000,0,0,38,37,1,75,7,2,2,2,1,1,6,2,2,2,1,1,0,1,1,0,1,0,0,0,0,0,0,0,0,0,0,0,0,0,0,0,0,0,1,0,0,0,0,0,0,0,0,0,0,0,0,0,0,0,0,0,0,0,0,0,0,0,0,0,0,0,0,0,0,0,0,0,0,0,0,0,0,0,0,0,0,0,0,0,0,0,0,0,0,0,1,1,1,1.0,1.0,1.0,1,1,1,1,2,3,1,1,1,2,1,28,1068,29205,30301,3,3,0.0357142857142857,0.0009363295880149,3.42407122068139e-05,6,2.0,0,1,1,1,1,1,1,1
advantage endgame fork long,g3g4 f5e5 d4e5 d5e3 g4f3 e3f1,8/pp4k1/2p3p1/3nRr2/3P1PK1/2P5/PP6/5R2 b - -,1681,75,-1,288,314,118358,1,25,1000,0,0,-429,2,15,0,0,1000,-433.0,3.0,23.0,0.0,0.0,1000.0,1000,0,0,15,12,3,27,5,0,0,2,0,1,4,1,0,1,0,1,0,0,1,0,1,1,0,0,1,0,0,0,0,0,0,0,0,0,0,0,0,0,0,0,0,0,0,0,0,0,0,0,0,0,0,0,0,0,0,0,0,0,0,0,0,0,0,0,0,0,0,0,0,0,0,0,0,0,0,0,0,0,0,0,0,0,0,0,0,0,0,0,0,0,1,2,2,2.0,1.0,1.5,1,0,2,1,2,4,1,1,1,3,1,28,700,17361,18089,3,5,0.0357142857142857,0.0028571428571428,0.0001152007372847,7,1.4,0,1,1,1,1,1,1,1
advantage discoveredAttack discoveredCheck long middlegame pin sacrifice,g5e5 e2h5 e5h5 f1f4 f7e8 e7g6,r1b5/pppqNkp1/3p3p/4r2n/1PP2p1N/P5P1/4Q2P/4RRK1 w - -,2228,87,1,527,506,138849,1,29,1000,0,0,-145,2,26,0,76,924,-267.0,3.0,20.0,0.0,0.0,1000.0,1000,0,0,30,32,-2,62,5,2,0,2,1,1,7,1,1,2,1,1,0,0,1,1,1,0,0,0,0,0,0,0,0,0,0,0,0,0,0,0,0,0,0,1,0,0,1,1,0,0,0,0,0,0,0,0,0,0,0,0,0,0,0,0,0,0,0,0,0,0,0,0,1,0,0,0,0,0,0,0,0,0,0,0,0,0,0,0,0,0,0,0,0,0,1,1,1,1.0,1.0,1.0,1,1,1,3,1,3,1,1,1,3,1,40,1467,59241,60748,3,3,0.025,0.0006816632583503,1.6880201211998446e-05,7,2.333333333333333,1,1,1,1,1,1,1,1
discoveredCheck doubleCheck mate mateIn2 middlegame short,g8h7 g6g7 h7h6 d3h7,1r3b2/5p1k/3P1qRP/r1n1p3/ppB5/P2Q1P2/1PP5/1K6 w - -,1771,75,1,1500,1500,98274,1,4,1000,0,0,-224,2,21,0,0,1000,-447.0,3.0,27.0,0.0,0.0,1000.0,1000,0,0,23,29,-6,52,6,0,1,1,1,1,4,1,1,2,1,1,0,0,0,1,0,0,1,0,0,0,1,1,0,0,0,0,0,0,0,0,0,0,0,0,0,0,0,0,0,0,0,0,0,0,0,0,0,0,0,0,0,0,0,0,0,0,0,0,0,0,0,0,1,0,0,0,0,1,0,0,0,0,0,0,0,0,0,0,0,0,0,0,0,0,1,2,0,2.0,0.0,1.0,1,0,0,1,2,0,1,1,0,2,0,34,1073,37705,38812,1,3,0.0294117647058823,0.0018639328984156,0.0,3,1.0,1,1,1,1,1,1,1,1
advantage deflection opening short,c8e6 f3g5 f7g6 d5e6,r2q1b1r/pp3kpp/3pbn2/3Q4/2n1P3/5N2/PP3PPP/RNB1K2R w KQ -,2335,81,1,196,194,97367,1,19,989,11,0,-276,2,21,0,0,1000,-335.0,3.0,20.0,0.0,0.0,1000.0,991,9,0,34,36,-2,70,6,2,1,2,1,1,5,2,2,2,1,1,0,0,0,0,1,0,1,0,0,0,0,0,0,0,0,0,0,0,0,0,0,0,1,0,0,0,0,0,0,0,1,0,0,0,0,0,0,0,0,0,0,0,0,0,0,0,0,0,0,0,0,0,0,0,0,0,0,0,0,0,0,0,0,0,0,0,0,0,0,0,0,0,0,0,1,2,0,2.0,0.0,1.0,1,0,0,2,2,0,1,1,0,2,1,45,1637,69395,71077,1,3,0.0222222222222222,0.0012217470983506,0.0,4,1.3333333333333333,1,1,1,1,1,1,1,1
backRankMate mate mateIn2 middlegame short,f1f6 d8d1 f6f1 f8f1,rn1q1r1k/ppp5/1b2pRQ1/6B1/8/2P5/PP4PP/RN5K b - -,979,96,-1,-1500,-1500,110436,1,4,1000,0,0,-649,2,38,0,0,1000,-650.0,3.0,36.0,0.0,0.0,1000.0,1000,0,0,30,29,1,59,5,1,1,2,1,1,4,1,1,2,1,1,0,0,0,1,0,0,1,0,0,0,1,1,0,0,0,0,0,0,0,0,0,0,0,0,0,1,0,0,0,0,0,0,0,0,0,0,0,0,0,0,0,0,0,0,0,0,0,0,0,0,0,0,0,0,0,0,0,0,0,0,0,0,0,0,0,0,0,0,0,0,0,0,0,0,1,1,0,1.0,0.0,0.5,1,1,0,7,5,0,1,1,0,2,0,29,996,26714,27739,2,2,0.0344827586206896,0.001004016064257,0.0,12,6.0,0,0,0,0,0,0,0,1
endgame mate mateIn2 short,e4f5 d8h4 h1g1 h4h2,3q2k1/8/Q2p2p1/3P1P1p/1p4nP/1Pp5/2P3P1/5R1K b - -,884,84,-1,-1500,-1500,114906,1,4,1000,0,0,-119,2,24,0,224,776,-259.0,3.0,27.0,0.0,0.0,1000.0,1000,0,0,20,17,3,37,6,0,0,1,1,1,5,1,0,0,1,1,0,0,0,0,0,1,1,0,0,0,1,1,0,0,0,0,0,0,0,0,0,0,0,0,0,0,0,0,0,0,0,0,0,0,0,0,0,0,0,0,0,0,0,0,0,0,0,0,0,0,0,0,0,0,0,0,0,0,0,0,0,0,0,0,0,0,0,0,0,0,0,0,0,0,1,1,0,1.0,0.0,0.5,1,1,0,4,1,0,1,1,0,2,0,26,701,16995,17722,2,2,0.0384615384615384,0.0014265335235378,0.0,5,2.5,0,1,1,1,1,1,1,1
advancedPawn advantage endgame long master rookEndgame sacrifice,g5g4 d7f7 f8f7 a7f7 g7f7 a6a7,5r2/R2R1pk1/P7/5p2/6p1/1KP5/5r2/8 w - -,968,102,1,161,169,130429,1,47,989,11,0,-110,2,21,0,337,663,-174.0,3.0,22.0,0.0,8.0,992.0,997,3,0,12,13,-1,25,2,0,0,2,0,1,3,0,0,2,0,1,0,0,1,0,1,1,0,1,0,0,0,0,0,1,0,0,0,0,0,0,0,0,0,0,0,0,0,1,0,0,0,0,0,1,0,0,0,0,0,0,0,0,0,0,0,0,0,0,0,0,0,0,0,0,0,0,0,0,0,0,0,0,0,0,0,0,0,0,0,0,0,0,0,0,0,0,0,0.0,0.0,0.0,0,0,0,0,0,0,0,0,0,0,0,19,446,8873,9338,0,0,0.0,0.0,0.0,0,0.0,1,1,1,1,1,1,1,1
crushing fork master masterVsMaster middlegame short,d6d2 h4f3 h1f3 e2f3,8/1pr2pk1/5np1/6p1/p5Pn/1B2P2P/P2RqP2/3R2KQ b - -,969,81,-1,504,551,101837,1,27,1000,0,0,-22,2,27,0,992,8,-42.0,3.0,19.0,0.0,974.0,26.0,1000,0,0,27,25,2,52,5,0,1,2,1,1,5,2,0,1,1,1,1,0,0,1,0,0,1,0,1,0,0,0,0,1,0,0,0,0,0,0,0,0,0,0,0,0,0,0,0,0,0,0,0,0,0,0,0,1,0,0,0,0,0,0,0,0,0,0,0,0,0,0,0,0,0,0,0,0,0,0,0,0,0,0,0,0,0,0,0,0,0,0,0,0,1,2,2,2.0,1.0,1.5,1,0,2,2,3,3,1,2,2,3,1,41,1093,44391,45525,3,5,0.024390243902439,0.0018298261665141,4.505417764862247e-05,8,1.6,0,1,1,1,1,1,1,1
advantage defensiveMove endgame long,e4f4 f6e5 d6f7 e5f4 f7d8 c6d8,3r4/6pp/pNnNpk2/1p6/3p1R2/8/PPP2PPK/8 b - -,1065,84,-1,217,233,109127,1,17,1000,0,0,-221,2,25,0,0,1000,-275.0,3.0,23.0,0.0,0.0,1000.0,1000,0,0,16,14,2,30,5,2,0,1,0,1,6,1,0,1,0,1,0,0,1,0,1,1,0,0,0,0,0,0,0,0,0,0,0,0,0,0,0,0,0,0,0,0,0,0,0,0,0,0,0,0,0,0,0,0,0,0,0,0,1,0,0,0,0,0,0,0,0,0,0,0,0,0,0,0,0,0,0,0,0,0,0,0,0,0,0,0,0,0,0,0,0,0,0,0.0,0.0,0.0,0,0,0,0,0,0,0,0,0,0,0,4,144,3125,3273,0,0,0.0,0.0,0.0,0,0.0,0,0,1,1,1,1,1,1
crushing endgame long pin,g1h1 e3h3 h1g1 b6d4 d1d4 d5d4,2R5/5pk1/pb4p1/1p1q4/3P1P1p/P3r2P/1PQ3P1/3R3K b - -,1254,75,-1,703,698,326266,1,38,1000,0,0,-83,2,21,0,754,246,-102.0,3.0,20.0,0.0,474.0,526.0,1000,0,0,25,22,3,47,6,0,0,2,1,1,5,0,1,1,1,1,1,0,1,0,0,1,0,0,0,0,0,0,0,0,0,0,0,0,0,0,0,0,0,1,0,0,0,0,0,0,0,0,0,0,0,0,0,0,0,0,0,0,0,0,0,0,0,0,0,0,0,0,0,0,0,0,0,0,0,0,0,0,0,0,0,0,0,0,0,0,0,0,0,0,1,1,1,1.0,1.0,1.0,1,1,1,3,1,2,1,1,1,3,1,47,1861,75643,77551,3,3,0.0212765957446808,0.0005373455131649,1.3219993918802796e-05,6,2.0,0,0,1,1,1,1,1,1
advantage endgame rookEndgame short,e4e3 f2e3 f4e3 c7c3,8/2R5/1r2k1pp/1P6/K4p2/4p2P/5PP1/8 w - -,2152,81,1,288,300,79186,1,29,1000,0,0,-154,2,21,0,28,972,-185.0,3.0,24.0,0.0,4.0,996.0,1000,0,0,9,9,0,18,4,0,0,1,0,1,4,0,0,1,0,1,0,0,0,0,1,1,1,1,0,0,0,0,0,0,0,0,0,0,0,0,0,0,0,0,0,0,0,0,0,0,0,0,0,0,0,0,0,0,0,0,0,0,0,0,0,0,0,0,0,0,0,0,0,0,0,0,0,0,0,0,0,0,0,0,0,0,0,0,0,0,0,0,0,0,1,2,7,2.0,3.5,2.75,1,0,1,1,2,26,1,2,1,3,1,23,358,7190,7571,2,10,0.0434782608695652,0.0055865921787709,0.0009735744089012,29,2.9,0,1,1,1,1,1,1,1
endgame mate mateIn2 short,b6b4 d3h7 g8f8 h7h8,6k1/4bpp1/4p3/p2pP1N1/1q1P3P/1P1Q2K1/5P2/8 w - -,762,108,1,1500,1500,40408,1,4,1000,0,0,-10,2,18,1,996,3,-26.0,3.0,24.0,0.0,992.0,8.0,1000,0,0,17,17,0,34,5,1,0,0,1,1,5,0,1,0,1,1,0,0,0,0,0,1,1,0,0,0,1,1,0,0,0,0,0,0,0,0,0,0,0,0,0,0,0,0,0,0,0,0,0,0,0,0,0,0,0,0,0,0,0,0,0,0,0,0,0,0,0,0,0,0,0,0,0,0,0,0,0,0,0,0,0,0,0,0,0,0,0,0,0,0,1,1,0,1.0,0.0,0.5,1,1,0,4,1,0,1,1,0,2,0,31,787,21968,22786,2,2,0.032258064516129,0.0012706480304955,0.0,5,2.5,0,1,1,1,1,1,1,1
crushing middlegame short trappedPiece,c2c3 f8d6 c7d6 f6d6,r1b2bnr/ppQp3p/2n2q1k/6pP/2B1P3/2PP4/PP3PP1/RNB1K2R b KQ -,1382,75,-1,350,350,95280,1,26,1000,0,0,-50,2,24,1,904,95,-87.0,3.0,24.0,0.0,640.0,360.0,1000,0,0,36,36,0,72,8,1,2,2,1,1,5,2,2,2,1,1,1,0,0,1,0,0,1,0,0,0,0,0,0,0,0,0,0,0,0,0,0,0,0,0,0,0,0,0,0,0,0,0,0,0,0,0,0,0,0,0,0,0,0,0,0,0,0,0,0,0,1,0,0,0,0,0,0,0,0,0,0,0,0,0,0,0,0,0,0,0,0,0,0,0,1,2,4,2.0,2.0,2.0,1,0,1,2,3,5,1,2,3,3,1,36,1556,51382,52974,2,7,0.0277777777777777,0.0012853470437017,7.784827371453037e-05,10,1.4285714285714286,0,1,1,1,1,1,1,1
mate mateIn2 middlegame short,g7h8 h1h8 f8g7 f4e5,2rr1k1b/1q2p3/p1b1P1p1/np3pP1/3P1B2/1P1B1N2/P2N4/2R1K2R w K -,1198,78,1,1500,1500,344612,1,4,1000,0,0,-120,2,21,0,244,756,-179.0,3.0,22.0,0.0,10.0,990.0,1000,0,0,27,33,-6,60,5,2,2,2,0,1,5,1,2,2,1,1,0,0,0,1,0,0,1,0,0,0,1,1,0,0,0,0,0,0,0,0,0,0,0,0,0,0,0,0,0,0,0,0,0,0,0,0,0,0,0,0,0,0,0,0,0,0,0,0,0,0,0,0,0,0,0,0,0,0,0,0,0,0,0,0,0,0,0,0,0,0,0,0,0,0,1,1,0,1.0,0.0,0.5,1,1,0,7,1,0,1,1,0,2,0,49,1406,65277,66732,2,2,0.0204081632653061,0.0007112375533428,0.0,8,4.0,0,1,1,1,1,1,1,1
crushing endgame pin short,d8d7 c4b5 c6b5 b8b5,1Q6/3kr3/2q4p/2p1pp1P/2Bb4/1P6/P6K/4R3 w - -,1392,75,1,554,555,197981,1,36,1000,0,0,30,2,16,10,990,0,9.0,3.0,32.0,3.0,996.0,1.0,1000,0,0,20,21,-1,41,3,0,1,1,1,1,4,0,1,1,1,1,1,0,0,0,0,1,1,0,0,0,0,0,0,0,0,0,0,0,0,0,0,0,0,1,0,0,0,0,0,0,0,0,0,0,0,0,0,0,0,0,0,0,0,0,0,0,0,0,0,0,0,0,0,0,0,0,0,0,0,0,0,0,0,0,0,0,0,0,0,0,0,0,0,0,1,1,1,1.0,1.0,1.0,1,1,1,1,1,1,1,1,1,2,1,40,980,33641,34661,3,3,0.025,0.0010204081632653,2.9725632412829584e-05,3,1.0,1,1,1,1,1,1,1,1
mate mateIn1 middlegame oneMove,g7f6 e4f6,r1bqkn1r/ppb1n2p/2p1pp2/4N3/3PN3/3B4/PPPQ1PPP/R3K2R w KQkq -,950,80,1,1500,1500,108189,1,2,1000,0,0,-55,2,32,1,882,117,-202.0,3.0,23.0,0.0,10.0,990.0,1000,0,0,35,37,-2,72,7,2,1,2,1,1,6,2,2,2,1,1,0,0,0,1,0,0,0,0,0,0,1,0,0,0,0,0,0,0,0,0,1,1,0,0,0,0,0,0,0,0,0,0,0,0,0,0,0,0,0,0,0,0,0,0,0,0,0,0,0,0,0,0,0,0,0,0,0,0,0,0,0,0,0,0,0,0,0,0,0,0,0,0,0,0,0,0,0,0.0,0.0,0.0,0,0,0,0,0,0,0,0,0,0,0,51,1356,67332,68739,0,0,0.0,0.0,0.0,0,0.0,1,1,1,1,1,1,1,1
deflection kingsideAttack mate mateIn2 middlegame short,d1g4 h4f3 h2f3 h3g4,r3kb1r/ppp2pp1/3p4/1P2p3/2P3Qn/2N1P2q/PB1P1P1N/R4RK1 b kq -,1170,82,-1,-1500,-1500,95357,1,4,1000,0,0,-88,2,29,0,650,350,-193.0,3.0,22.0,0.0,8.0,992.0,1000,0,0,34,32,2,66,6,2,1,2,1,1,7,1,1,2,1,1,0,0,0,1,0,0,1,0,0,0,1,1,0,0,0,1,0,0,0,0,0,0,0,0,0,0,0,0,0,0,1,0,0,0,0,0,0,0,0,0,0,0,0,0,0,0,0,0,0,0,0,0,0,0,0,0,0,0,0,0,0,0,0,0,0,0,0,0,0,0,0,0,0,0,1,3,2,3.0,0.6666666666666666,1.8333333333333333,1,0,0,2,4,3,1,3,1,3,0,32,1168,37641,38841,1,6,0.03125,0.0025684931506849,5.313355118089318e-05,9,1.5,0,1,1,0,0,0,0,0
advancedPawn advantage defensiveMove endgame promotion short,e5c7 a7a8q c7c3 a8f3,8/P1q4p/5pk1/6p1/5P2/6KP/5QP1/7r w - -,1800,76,1,351,379,119079,1,16,1000,0,0,-559,2,27,0,0,1000,-584.0,3.0,24.0,0.0,0.0,1000.0,1000,0,0,13,17,-4,30,4,0,0,0,1,1,3,0,0,1,1,1,0,0,0,0,1,1,1,0,0,0,0,0,0,0,0,0,0,0,0,0,0,0,0,0,0,0,0,0,0,0,0,0,0,1,0,1,0,0,0,0,0,0,1,0,0,0,0,0,0,0,0,0,0,0,0,0,0,0,0,0,0,0,0,0,0,0,0,0,0,0,0,0,0,0,1,1,1,1.0,1.0,1.0,1,1,1,1,1,5,1,1,1,3,1,20,721,17207,17948,3,3,0.05,0.001386962552011,5.811588307084327e-05,7,2.333333333333333,1,1,1,1,1,1,1,1
advantage defensiveMove middlegame short,c8h3 g2h3 d8d7 f1f5,r2qk2r/bpp5/p5n1/3P4/4P3/6Bb/PP4BK/R2Q1R2 w kq -,1645,143,1,233,255,266583,1,34,1000,0,0,-309,2,18,0,0,1000,-607.0,3.0,16.0,0.0,0.0,1000.0,1000,0,0,29,31,-2,60,4,0,2,2,1,1,3,1,2,2,1,1,0,0,0,1,1,0,1,0,0,0,0,0,0,0,0,0,0,0,0,0,0,0,0,0,0,0,0,0,0,0,0,0,0,0,0,0,0,0,0,0,0,0,1,0,0,0,0,0,0,0,0,0,0,0,0,0,0,0,0,0,0,0,0,0,0,0,0,0,0,0,0,0,0,0,0,0,0,0.0,0.0,0.0,0,0,0,0,0,0,0,0,0,0,0,42,1678,60425,62145,0,0,0.0,0.0,0.0,0,0.0,1,1,1,1,1,1,1,1
crushing defensiveMove endgame long pawnEndgame,f5f4 g3f4 g5f4 e3d3 e5f6 h3h4,8/8/8/4k1pp/5p2/4KPPP/8/8 w - -,2106,79,1,563,664,820370,1,61,1000,0,0,-4,2,21,1,997,2,-741.0,3.0,29.0,0.0,0.0,1000.0,1000,0,0,3,3,0,6,3,0,0,0,0,1,3,0,0,0,0,1,1,0,1,0,0,1,0,0,0,1,0,0,0,0,0,0,0,0,0,0,0,0,0,0,0,0,0,0,0,0,0,0,0,0,0,0,0,0,0,0,0,0,1,0,0,0,0,0,0,0,0,0,0,0,0,0,0,0,0,0,0,0,0,0,0,0,0,0,0,0,0,0,0,0,1,2,6,2.0,3.0,2.5,1,0,1,1,2,6,1,1,2,2,1,5,41,357,403,2,9,0.2,0.048780487804878,0.0168067226890756,9,1.0,0,1,1,1,1,1,1,1
endgame mate mateIn1 oneMove,f8f7 e7e8,r2k4/pp1nRr2/2pP1N1p/8/3P3p/8/PPP3P1/6K1 w - -,1254,81,1,1500,1500,109696,1,2,1000,0,0,187,2,45,996,4,0,-239.0,3.0,25.0,0.0,0.0,1000.0,1000,0,0,14,18,-4,32,6,1,0,1,0,1,5,1,0,2,0,1,0,0,0,0,0,1,0,0,0,0,1,0,0,0,0,0,0,0,0,0,1,1,0,0,0,0,0,0,0,0,0,0,0,0,0,0,0,0,0,0,0,0,0,0,0,0,0,0,0,0,0,0,0,0,0,0,0,0,0,0,0,0,0,0,0,0,0,0,0,0,0,0,0,0,1,1,1,1.0,1.0,1.0,1,1,1,1,1,2,1,1,1,3,1,30,622,17078,17730,3,3,0.0333333333333333,0.0016077170418006,5.855486590935707e-05,4,1.3333333333333333,1,1,1,1,1,1,1,1
mate mateIn1 middlegame oneMove,d6e5 d1d8,r1b1k1nr/ppp2ppp/6q1/4p1B1/2B2P2/7P/P5P1/1N1Q2K1 w kq -,879,89,1,1500,1500,218376,1,2,1000,0,0,-204,2,27,0,2,998,-360.0,3.0,16.0,0.0,0.0,1000.0,1000,0,0,22,32,-10,54,4,1,2,0,1,1,7,1,1,2,1,1,0,0,0,1,0,0,0,0,0,0,1,0,0,0,0,0,0,0,0,0,1,1,0,0,0,0,0,0,0,0,0,0,0,0,0,0,0,0,0,0,0,0,0,0,0,0,0,0,0,0,0,0,0,0,0,0,0,0,0,0,0,0,0,0,0,0,0,0,0,0,0,0,0,0,0,0,0,0.0,0.0,0.0,0,0,0,0,0,0,0,0,0,0,0,45,1446,58472,59963,0,0,0.0,0.0,0.0,0,0.0,1,1,1,1,1,1,1,1
endgame mate mateIn2 short,e3d4 f6f3 g2f1 f3h1,4r1k1/p4p2/1p3q1p/1P6/3B2p1/P5P1/Q1P2PKP/4R3 b - -,1492,79,-1,-1500,-1500,491289,1,4,1000,0,0,-498,2,21,0,0,1000,-575.0,3.0,39.0,0.0,0.0,1000.0,1000,0,0,23,19,4,42,6,0,1,1,1,1,5,0,0,1,1,1,0,0,0,0,0,1,1,0,0,0,1,1,0,0,0,0,0,0,0,0,0,0,0,0,0,0,0,0,0,0,0,0,0,0,0,0,0,0,0,0,0,0,0,0,0,0,0,0,0,0,0,0,0,0,0,0,0,0,0,0,0,0,0,0,0,0,0,0,0,0,0,0,0,0,1,2,0,2.0,0.0,1.0,1,0,0,3,2,0,1,1,0,2,0,35,1257,36909,38201,1,3,0.0285714285714285,0.0015910898965791,0.0,5,1.6666666666666667,1,1,1,1,1,1,1,1
backRankMate mate mateIn2 middlegame sacrifice short,d8d5 e4e8 a8e8 e1e8,r5k1/pp3ppp/1qn2b2/3r4/4QB2/1P3N2/P4PPP/4R1K1 w - -,896,87,1,1500,1500,22523,1,4,1000,0,0,60,2,22,79,921,0,1.0,3.0,19.0,2.0,996.0,2.0,1000,0,0,25,30,-5,55,5,1,1,1,1,1,5,1,1,2,1,1,0,0,0,1,0,0,1,0,0,0,1,1,0,0,0,0,0,0,0,0,0,0,0,0,0,1,0,1,0,0,0,0,0,0,0,0,0,0,0,0,0,0,0,0,0,0,0,0,0,0,0,0,0,0,0,0,0,0,0,0,0,0,0,0,0,0,0,0,0,0,0,0,0,0,1,1,0,1.0,0.0,0.5,1,1,0,4,4,0,1,1,0,2,0,48,2408,110672,113128,2,2,0.0208333333333333,0.0004152823920265,0.0,8,4.0,1,1,1,1,1,1,1,1
clearance kingsideAttack mate mateIn2 middlegame sacrifice short,d5f4 e4f6 g7f6 d3h7,r2q1rk1/pp2bpp1/2p1b2p/4P3/3PNn2/1P1Q3P/P4BP1/1BR2RK1 w - -,1250,76,1,1500,1500,70739,1,4,1000,0,0,155,2,26,938,62,0,134.0,3.0,30.0,847.0,153.0,0.0,1000,0,0,34,34,0,68,6,1,2,2,1,1,6,1,2,2,1,1,0,0,0,1,0,0,1,0,0,0,1,1,0,0,0,1,0,0,0,0,0,0,0,0,0,0,0,1,0,0,0,0,0,0,0,0,0,0,0,0,0,0,0,0,0,0,1,0,0,0,0,0,0,0,0,0,0,0,0,0,0,0,0,0,0,0,0,0,0,0,0,0,0,0,1,3,1,3.0,0.3333333333333333,1.6666666666666667,1,0,1,2,3,3,1,3,1,5,0,41,1859,72791,74691,2,5,0.024390243902439,0.00161377084454,1.3737962110700498e-05,8,1.6,0,1,1,1,1,1,1,1
attraction mate mateIn2 middlegame queensideAttack sacrifice short,f3e2 a1b1 c1b1 a2a1,r5k1/1p3p2/2p1ppp1/3p4/2nP4/1QB4P/rPP1BPP1/qNKR3R b - -,1378,72,-1,-1500,-1500,30962,1,4,1000,0,0,-143,2,17,0,87,913,-228.0,3.0,21.0,0.0,1.0,999.0,1000,0,0,34,29,5,63,6,1,2,2,1,1,7,1,0,2,1,1,0,0,0,1,0,0,1,0,0,0,1,1,0,0,0,0,0,0,0,0,0,0,0,0,0,0,0,1,0,0,0,0,0,0,1,0,0,0,0,1,0,0,0,0,0,0,0,0,0,0,0,0,0,0,0,0,0,0,0,0,0,0,0,0,0,0,0,0,0,0,0,0,0,0,1,1,0,1.0,0.0,0.5,1,1,0,1,1,0,1,1,0,2,0,36,1128,36345,37509,2,2,0.0277777777777777,0.000886524822695,0.0,2,1.0,0,0,1,1,1,1,1,1
crushing fork middlegame short,g2a8 d4e2 c1d2 e2c3,Bn3rk1/p4p1p/1p4p1/2p5/3n2PP/2Q4N/qPP5/2KR3R b - -,1429,103,-1,496,501,341409,1,37,1000,0,0,8,2,24,4,995,1,-131.0,3.0,21.0,0.0,130.0,870.0,1000,0,0,29,26,3,55,4,1,1,2,1,1,6,2,0,1,1,1,1,0,0,1,0,0,1,0,1,0,0,0,0,0,0,0,0,0,0,0,0,0,0,0,0,0,0,0,0,0,0,0,0,0,0,0,0,0,0,0,0,0,0,0,0,0,0,0,0,0,0,0,0,0,0,0,0,0,0,0,0,0,0,0,0,0,0,0,0,0,0,0,0,0,1,1,1,1.0,1.0,1.0,1,1,1,2,1,2,1,1,1,2,1,36,1228,42255,43519,3,3,0.0277777777777777,0.000814332247557,2.3665838362323985e-05,5,1.6666666666666667,1,1,1,1,1,1,1,1
advantage endgame long pin quietMove,d6f5 c6b6 g1f1 b6b1 d1b1 b8b1,1r3k2/p4ppp/2r5/5N2/P2P4/8/2P2PPP/3Q2K1 b - -,1622,74,-1,169,173,193108,1,43,991,9,0,-363,2,18,0,0,1000,-388.0,3.0,19.0,0.0,0.0,1000.0,995,5,0,18,14,4,32,6,1,0,0,1,1,4,0,0,2,0,1,0,0,1,0,1,1,0,0,0,0,0,0,0,0,0,0,0,0,0,0,0,0,0,1,1,0,0,0,0,0,0,0,0,0,0,0,0,0,0,0,0,0,0,0,0,0,0,0,0,0,0,0,0,0,0,0,0,0,0,0,0,0,0,0,0,0,0,0,0,0,0,0,0,0,0,0,0,0.0,0.0,0.0,0,0,0,0,0,0,0,0,0,0,0,33,981,29658,30672,0,0,0.0,0.0,0.0,0,0.0,0,1,1,1,1,1,1,1
advantage endgame short,g6h7 f4f5 d1f3 f5f3,8/5prk/1Q6/p2pp3/5Rp1/6P1/5PKP/3q4 w - -,2010,80,1,399,475,117728,1,21,1000,0,0,36,2,21,16,984,0,-360.0,3.0,20.0,0.0,0.0,1000.0,1000,0,0,17,19,-2,36,3,0,0,1,1,1,5,0,0,1,1,1,0,0,0,0,1,1,1,0,0,0,0,0,0,0,0,0,0,0,0,0,0,0,0,0,0,0,0,0,0,0,0,0,0,0,0,0,0,0,0,0,0,0,0,0,0,0,0,0,0,0,0,0,0,0,0,0,0,0,0,0,0,0,0,0,0,0,0,0,0,0,0,0,0,0,1,1,1,1.0,1.0,1.0,1,1,1,1,2,1,1,1,1,3,1,34,832,21903,22769,3,3,0.0294117647058823,0.001201923076923,4.565584623110989e-05,4,1.3333333333333333,0,1,1,1,1,1,1,1
advantage middlegame short,d3b5 c8a6 b5a6 a8a6,r1b2rk1/2qnbppp/3p1n2/1Qp5/4PP2/1PN2N2/P3B1PP/1RB2RK1 b - -,1380,75,-1,283,311,390994,1,37,1000,0,0,9,2,20,18,974,8,-6.0,3.0,20.0,9.0,975.0,16.0,1000,0,0,37,36,1,73,6,2,2,2,1,1,5,2,2,2,1,1,0,0,0,1,1,0,1,0,0,0,0,0,0,0,0,0,0,0,0,0,0,0,0,0,0,0,0,0,0,0,0,0,0,0,0,0,0,0,0,0,0,0,0,0,0,0,0,0,0,0,0,0,0,0,0,0,0,0,0,0,0,0,0,0,0,0,0,0,0,0,0,0,0,0,1,1,1,1.0,1.0,1.0,1,1,1,2,1,2,1,1,1,3,1,34,1494,52554,54082,3,3,0.0294117647058823,0.000669344042838,1.9028047341781785e-05,5,1.6666666666666667,0,0,1,1,1,1,1,1
crushing endgame pawnEndgame quietMove veryLong,h6h7 c5c4 h7g8 f6g5 g8f7 b6b5 a4b5 a6b5 f7e6 b5b4,8/7K/pp3k2/2p4P/P7/2P5/8/8 b - -,2229,148,-1,316,355,136437,1,39,1000,0,0,15,2,38,4,996,0,-22.0,3.0,19.0,0.0,994.0,6.0,1000,0,0,3,3,0,6,3,0,0,0,0,1,3,0,0,0,0,1,1,0,0,0,0,1,0,0,0,1,0,0,0,0,0,0,1,0,0,0,0,0,0,0,1,0,0,0,0,0,0,0,0,0,0,0,0,0,0,0,0,0,0,0,0,0,0,0,0,0,0,0,0,0,0,0,0,0,0,0,0,0,0,0,0,0,0,0,0,0,0,0,0,0,1,1,1,1.0,1.0,1.0,1,1,1,1,1,1,1,1,1,2,1,9,59,537,605,3,3,0.1111111111111111,0.0169491525423728,0.0018621973929236,3,1.0,1,0,1,1,1,1,1,1
advantage fork middlegame short,e1e7 a5c5 f1f2 c5e7,3r2k1/pp2R2p/5pbQ/q2p4/6PP/1Br2P2/P1P5/5RK1 b - -,1245,84,-1,408,418,114024,1,24,1000,0,0,-257,2,20,0,0,1000,-399.0,3.0,20.0,0.0,0.0,1000.0,1000,0,0,27,27,0,54,5,0,1,2,1,1,5,0,1,2,1,1,0,0,0,1,1,0,1,0,1,0,0,0,0,0,0,0,0,0,0,0,0,0,0,0,0,0,0,0,0,0,0,0,0,0,0,0,0,0,0,0,0,0,0,0,0,0,0,0,0,0,0,0,0,0,0,0,0,0,0,0,0,0,0,0,0,0,0,0,0,0,0,0,0,0,1,3,4,3.0,1.3333333333333333,2.1666666666666665,1,0,2,2,3,7,1,2,1,3,1,38,1497,49083,50618,3,8,0.0263157894736842,0.002004008016032,8.149461116883646e-05,12,1.5,1,1,1,1,1,1,1,1
crushing endgame master pawnEndgame short,e5f4 c4b5 f4e5 b5a5,8/8/8/p6p/P1K2k1P/8/8/8 w - -,672,100,1,502,562,250828,1,49,1000,0,0,-36,2,36,0,986,14,-49.0,3.0,31.0,0.0,967.0,33.0,1000,0,0,2,2,0,4,2,0,0,0,0,1,2,0,0,0,0,1,1,0,0,0,0,1,1,0,0,1,0,0,0,1,0,0,0,0,0,0,0,0,0,0,0,0,0,0,0,0,0,0,0,0,0,0,0,0,0,0,0,0,0,0,0,0,0,0,0,0,0,0,0,0,0,0,0,0,0,0,0,0,0,0,0,0,0,0,0,0,0,0,0,0,1,1,3,1.0,3.0,2.0,1,1,0,1,1,3,1,1,1,1,1,7,42,266,315,2,5,0.1428571428571428,0.0238095238095238,0.0112781954887218,5,1.0,0,0,1,0,1,1,1,1
crushing master middlegame short,g8g7 h6f7 f8f7 d3g6,2rq1r2/p1n1bpk1/1p2p1pN/3nP2p/3P3P/P2Q1N2/1P4P1/RBB3K1 w - -,1737,77,1,385,340,103316,1,25,1000,0,0,44,2,30,52,947,1,-39.0,3.0,26.0,1.0,958.0,41.0,1000,0,0,32,34,-2,66,6,2,2,1,1,1,6,2,1,2,1,1,1,0,0,1,0,0,1,0,0,0,0,0,0,1,0,0,0,0,0,0,0,0,0,0,0,0,0,0,0,0,0,0,0,0,0,0,0,0,0,0,0,0,0,0,0,0,0,0,0,0,0,0,0,0,0,0,0,0,0,0,0,0,0,0,0,0,0,0,0,0,0,0,0,0,1,1,1,1.0,1.0,1.0,1,1,1,2,2,3,1,1,1,3,1,38,1156,44611,45805,3,3,0.0263157894736842,0.0008650519031141,2.241599605478469e-05,7,2.333333333333333,1,1,1,1,1,1,1,1
advancedPawn crushing endgame hangingPiece quietMove veryLong,b6d5 b3d5 f3f4 a4a5 e5e4 a5a6 e4e3 a6a7,8/6k1/8/1K1np1p1/P5P1/1B3r2/1PP5/8 w - -,2068,82,1,276,327,170136,1,33,1000,0,0,-250,2,21,0,0,1000,-276.0,3.0,25.0,0.0,0.0,1000.0,1000,0,0,7,10,-3,17,4,0,1,0,0,1,2,1,0,1,0,1,1,1,0,0,0,1,0,0,0,0,0,0,0,0,0,0,1,0,0,0,0,0,0,0,1,0,0,0,0,0,0,0,0,1,0,0,0,0,0,0,0,0,0,0,0,0,0,0,0,0,0,0,0,0,0,0,0,0,0,0,0,0,0,0,0,0,0,0,0,0,0,0,0,0,1,2,5,2.0,2.5,2.25,1,0,1,2,6,7,1,1,1,3,1,11,322,3780,4113,2,8,0.0909090909090909,0.0062111801242236,0.0013227513227513,15,1.875,1,0,1,1,1,1,1,1
mate mateIn1 oneMove opening,e5c3 d1d8,r1b1k2r/p1p2ppp/1pN2n2/2n5/2B1P3/P1b5/1PP2PPP/R1BR2K1 w kq -,720,100,1,1500,1500,30027,1,2,1000,0,0,99,2,17,481,519,0,54.0,3.0,23.0,56.0,944.0,0.0,1000,0,0,26,28,-2,54,7,1,2,2,0,1,6,2,2,2,0,1,0,0,0,0,0,0,0,0,0,0,1,0,0,0,0,0,0,0,0,0,1,1,1,0,0,0,0,0,0,0,0,0,0,0,0,0,0,0,0,0,0,0,0,0,0,0,0,0,0,0,0,0,0,0,0,0,0,0,0,0,0,0,0,0,0,0,0,0,0,0,0,0,0,0,0,0,0,0.0,0.0,0.0,0,0,0,0,0,0,0,0,0,0,0,47,1802,78898,80747,0,0,0.0,0.0,0.0,0,0.0,1,1,1,1,1,1,1,1
crushing endgame long pawnEndgame,b1b2 f5g4 h3g4 h7h5 g4h5 g6h5,6k1/7p/6p1/5p2/5PP1/7P/1K6/8 b - -,1939,74,-1,497,474,74717,1,26,1000,0,0,0,2,14,1,998,1,-4.0,3.0,14.0,1.0,997.0,2.0,1000,0,0,3,3,0,6,3,0,0,0,0,1,3,0,0,0,0,1,1,0,1,0,0,1,0,0,0,1,0,0,0,0,0,0,0,0,0,0,0,0,0,0,0,0,0,0,0,0,0,0,0,0,0,0,0,0,0,0,0,0,0,0,0,0,0,0,0,0,0,0,0,0,0,0,0,0,0,0,0,0,0,0,0,0,0,0,0,0,0,0,0,0,1,1,1,1.0,1.0,1.0,1,1,1,1,1,2,1,1,1,1,1,8,89,758,855,3,3,0.125,0.0112359550561797,0.0013192612137203,4,1.3333333333333333,0,1,1,1,1,1,1,1
crushing fork middlegame short,c6e5 d1a4 e8f8 a4b4,r1b1k2r/ppp2p2/3ppq1p/3Pn1p1/1bP3P1/2N2N2/PP2PPP1/2RQKB1R w Kkq -,1398,76,1,416,398,665946,1,36,1000,0,0,50,2,19,96,903,1,-31.0,3.0,19.0,3.0,954.0,43.0,1000,0,0,36,36,0,72,8,2,1,2,1,1,8,1,2,2,1,1,1,0,0,1,0,0,1,0,1,0,0,0,0,0,0,0,0,0,0,0,0,0,0,0,0,0,0,0,0,0,0,0,0,0,0,0,0,0,0,0,0,0,0,0,0,0,0,0,0,0,0,0,0,0,0,0,0,0,0,0,0,0,0,0,0,0,0,0,0,0,0,0,0,0,1,4,4,4.0,1.0,2.5,1,0,4,3,5,4,1,3,1,4,1,31,1095,31675,32801,5,9,0.032258064516129,0.0036529680365296,0.0001262825572217,12,1.3333333333333333,0,1,1,1,1,1,1,1
kingsideAttack mate mateIn1 middlegame oneMove,a3c4 e5h2,2kr3r/ppp2p2/2nb1n1p/4q1p1/Q1N5/2P1B3/PP2NPPP/R4RK1 b - -,913,85,-1,-1500,-1500,56402,1,2,1000,0,0,-42,2,21,1,946,53,-56.0,3.0,24.0,0.0,896.0,104.0,1000,0,0,34,34,0,68,6,2,1,2,1,1,6,2,1,2,1,1,0,0,0,1,0,0,0,0,0,0,1,0,0,0,0,1,0,0,0,0,1,1,0,0,0,0,0,0,0,0,0,0,0,0,0,0,0,0,0,0,0,0,0,0,0,0,0,0,0,0,0,0,0,0,0,0,0,0,0,0,0,0,0,0,0,0,0,0,0,0,0,0,0,0,0,0,0,0.0,0.0,0.0,0,0,0,0,0,0,0,0,0,0,0,49,2191,101079,103319,0,0,0.0,0.0,0.0,0,0.0,1,1,1,1,1,1,1,1
crushing deflection middlegame veryLong,f6f3 e5g5 g8f8 c2h7 d6h2 h1h2 f3h3 h7h3,3r2k1/1p5p/pbbqp3/3PR3/P5p1/2B2r1P/1PQ2P1P/3R3K w - -,1911,75,1,384,444,159436,1,33,1000,0,0,-90,2,25,0,646,354,-171.0,3.0,19.0,0.0,15.0,985.0,1000,0,0,28,30,-2,58,6,0,1,2,1,1,5,0,2,2,1,1,1,0,0,1,0,0,0,0,0,0,0,0,0,0,0,0,1,0,0,0,0,0,0,0,0,0,0,0,0,0,1,0,0,0,0,0,0,0,0,0,0,0,0,0,0,0,0,0,0,0,0,0,0,0,0,0,0,0,0,0,0,0,0,0,0,0,0,0,0,0,0,0,0,0,1,1,1,1.0,1.0,1.0,1,1,1,2,1,5,1,1,1,3,1,41,1870,75396,77307,3,3,0.024390243902439,0.0005347593582887,1.3263303093002282e-05,8,2.6666666666666665,1,0,1,1,1,1,1,1
crushing endgame short,h2h3 f6e4 c2e4 e5e4,8/5pp1/p4n1p/1p2k3/8/1PK1P2P/P1B2P2/8 b - -,1973,76,-1,163,248,326421,1,22,1000,0,0,56,2,20,52,948,0,29.0,3.0,37.0,9.0,991.0,0.0,1000,0,0,8,8,0,16,5,0,1,0,0,1,5,1,0,0,0,1,1,0,0,0,0,1,1,0,0,0,0,0,0,0,0,0,0,0,0,0,0,0,0,0,0,0,0,0,0,0,0,0,0,0,0,0,0,0,0,0,0,0,0,0,0,0,0,0,0,0,0,0,0,0,0,0,0,0,0,0,0,0,0,0,0,0,0,0,0,0,0,0,0,0,1,3,3,3.0,1.0,2.0,1,0,3,2,4,5,1,2,2,3,1,16,247,3695,3958,4,7,0.0625,0.0121457489878542,0.0008119079837618,11,1.5714285714285714,0,0,1,1,1,1,1,1
backRankMate endgame mate mateIn1 oneMove,d4b5 c1c8,6k1/5ppp/4p1b1/1n1pP3/1P6/r7/5PPP/2R2BK1 w - -,463,105,1,1500,1500,23909,1,2,1000,0,0,-78,2,27,0,805,195,-192.0,3.0,18.0,0.0,3.0,997.0,1000,0,0,13,16,-3,29,5,0,1,1,0,1,5,1,1,1,0,1,0,0,0,0,0,1,0,0,0,0,1,0,0,0,0,0,0,0,0,0,1,1,0,0,0,1,0,0,0,0,0,0,0,0,0,0,0,0,0,0,0,0,0,0,0,0,0,0,0,0,0,0,0,0,0,0,0,0,0,0,0,0,0,0,0,0,0,0,0,0,0,0,0,0,0,0,0,0.0,0.0,0.0,0,0,0,0,0,0,0,0,0,0,0,22,654,14348,15024,0,0,0.0,0.0,0.0,0,0.0,1,1,1,1,1,1,1,1
advantage long middlegame,f3g2 c4f7 g2d5 f7d5 a8e8 d5g5,r3B2k/pp4pp/2n5/q1p3b1/2Q5/8/PPP2PbP/R4RK1 w - -,2060,78,1,255,235,151377,1,22,1000,0,0,-50,2,24,0,956,44,-193.0,3.0,28.0,0.0,3.0,997.0,1000,0,0,27,28,-1,55,5,0,1,2,1,1,5,1,2,1,1,1,0,0,1,1,1,0,0,0,0,0,0,0,0,0,0,0,0,0,0,0,0,0,0,0,0,0,0,0,0,0,0,0,0,0,0,0,0,0,0,0,0,0,0,0,0,0,0,0,0,0,0,0,0,0,0,0,0,0,0,0,0,0,0,0,0,0,0,0,0,0,0,0,0,0,1,38,290,38.0,7.631578947368421,22.81578947368421,1,0,2,3,69,546,1,5,5,6,1,41,1726,69689,71456,3,329,0.024390243902439,0.0220162224797219,0.0041613454060181,618,1.878419452887538,0,0,1,1,1,1,1,1
endgame mate mateIn2 short,c1c3 b3d1 e4e1 d1e1,2r3k1/R4ppp/8/4P3/4Q3/1qR3B1/5PPP/6K1 b - -,1460,83,-1,-1500,-1500,59241,1,4,1000,0,0,-466,2,21,0,0,1000,-556.0,3.0,21.0,0.0,0.0,1000.0,1000,0,0,26,17,9,43,4,0,1,2,1,1,3,0,0,1,1,1,0,0,0,0,0,1,1,0,0,0,1,1,0,0,0,0,0,0,0,0,0,0,0,0,0,0,0,0,0,0,0,0,0,0,0,0,0,0,0,0,0,0,0,0,0,0,0,0,0,0,0,0,0,0,0,0,0,0,0,0,0,0,0,0,0,0,0,0,0,0,0,0,0,0,1,1,0,1.0,0.0,0.5,1,1,0,2,3,0,1,1,0,1,0,34,1647,52723,54404,2,2,0.0294117647058823,0.0006071645415907,0.0,5,2.5,1,1,1,1,1,1,1,1
crushing endgame master masterVsMaster short,d6c5 e8a4 b3c1 b2b4,4B3/8/1p3p1p/2k2Pp1/p1P3P1/1nK4P/1P6/8 w - -,1219,84,1,133,229,65901,1,16,1000,0,0,0,2,8,1,998,1,0.0,3.0,8.0,1.0,998.0,1.0,1000,0,0,8,8,0,16,5,0,1,0,0,1,5,1,0,0,0,1,1,0,0,0,0,1,1,0,0,0,0,0,0,1,0,0,0,0,0,0,0,0,0,0,0,0,0,0,0,0,0,0,0,0,0,0,0,1,0,0,0,0,0,0,0,0,0,0,0,0,0,0,0,0,0,0,0,0,0,0,0,0,0,0,0,0,0,0,0,0,0,0,0,0,0,0,0,0.0,0.0,0.0,0,0,0,0,0,0,0,0,0,0,0,10,96,1091,1197,0,0,0.0,0.0,0.0,0,0.0,0,0,0,1,1,1,1,1
backRankMate endgame mate mateIn2 sacrifice short,g8h8 f7f8 a8f8 f2f8,r6k/2p2Qpp/p7/4b3/8/8/1PP1KR2/2q5 w - -,621,81,1,1500,1500,137183,1,4,1000,0,0,-464,2,25,0,0,1000,-497.0,3.0,28.0,0.0,0.0,1000.0,1000,0,0,16,21,-5,37,2,0,0,1,1,1,4,0,1,1,1,1,0,0,0,0,0,1,1,0,0,0,1,1,0,0,0,0,0,0,0,0,0,0,0,0,0,1,0,1,0,0,0,0,0,0,0,0,0,0,0,0,0,0,0,0,0,0,0,0,0,0,0,0,0,0,0,0,0,0,0,0,0,0,0,0,0,0,0,0,0,0,0,0,0,0,1,1,0,1.0,0.0,0.5,1,1,0,1,5,0,1,1,0,2,0,31,980,26634,27645,2,2,0.032258064516129,0.0010204081632653,0.0,6,3.0,1,1,1,1,1,1,1,1
crushing endgame short,c5c6 d7f7 f1f7 e8f7,4q1r1/k2r1Rp1/ppQ4p/3p4/3P4/2P1P3/PP4P1/2K2R2 b - -,1739,74,-1,453,470,386346,1,34,1000,0,0,-256,2,23,0,0,1000,-350.0,3.0,29.0,0.0,0.0,1000.0,1000,0,0,25,24,1,49,6,0,0,2,1,1,5,0,0,2,1,1,1,0,0,0,0,1,1,0,0,0,0,0,0,0,0,0,0,0,0,0,0,0,0,0,0,0,0,0,0,0,0,0,0,0,0,0,0,0,0,0,0,0,0,0,0,0,0,0,0,0,0,0,0,0,0,0,0,0,0,0,0,0,0,0,0,0,0,0,0,0,0,0,0,0,1,2,2,2.0,1.0,1.5,1,0,2,2,6,12,1,2,1,3,1,23,998,23157,24178,3,5,0.0434782608695652,0.002004008016032,8.636697326942177e-05,20,4.0,1,1,1,1,1,1,1,1
kingsideAttack mate mateIn2 middlegame short,f8f6 h5e8 f6f8 e8f8,r1b4k/1pp3p1/1b1p1q1p/1p5Q/P1P1Bp2/3P4/6PP/5R1K w - -,740,80,1,1500,1500,68641,1,4,1000,0,0,-252,2,21,0,0,1000,-297.0,3.0,31.0,0.0,0.0,1000.0,1000,0,0,22,27,-5,49,5,0,1,1,1,1,7,0,2,1,1,1,0,0,0,1,0,0,1,0,0,0,1,1,0,0,0,1,0,0,0,0,0,0,0,0,0,0,0,0,0,0,0,0,0,0,0,0,0,0,0,0,0,0,0,0,0,0,0,0,0,0,0,0,0,0,0,0,0,0,0,0,0,0,0,0,0,0,0,0,0,0,0,0,0,0,1,1,0,1.0,0.0,0.5,1,1,0,3,2,0,1,1,0,1,0,41,1576,57955,59572,2,2,0.024390243902439,0.0006345177664974,0.0,5,2.5,1,1,1,1,1,1,1,1
endgame mate mateIn1 oneMove,b7b8q e2h5,1Q5R/5pk1/5rpp/8/8/4P1PK/4qPQP/8 b - -,999,77,-1,-1500,-1500,101939,1,2,1000,0,0,-694,2,38,0,0,1000,-752.0,3.0,25.0,0.0,0.0,1000.0,1000,0,0,27,17,10,44,4,0,0,1,2,1,3,0,0,1,1,1,0,0,0,0,0,1,0,0,0,0,1,0,0,0,0,0,0,0,0,0,1,1,0,0,0,0,0,0,0,0,0,0,0,0,0,0,0,0,0,0,0,0,0,0,0,0,0,0,0,0,0,0,0,0,0,0,0,0,0,0,0,0,0,0,0,0,0,0,0,0,0,0,0,0,0,0,0,0.0,0.0,0.0,0,0,0,0,0,0,0,0,0,0,0,27,946,24068,25041,0,0,0.0,0.0,0.0,0,0.0,1,1,1,1,1,1,1,1
kingsideAttack mate mateIn1 middlegame oneMove,f3d4 c7h2,4k2r/1bq2pb1/4p3/1p4p1/2pN4/R7/1P2BPPP/3Q1RK1 b k -,961,92,-1,-1500,-1500,27162,1,2,1000,0,0,80,2,19,224,776,0,-56.0,3.0,16.0,0.0,938.0,62.0,1000,0,0,29,25,4,54,4,1,1,2,1,1,5,0,2,1,1,1,0,0,0,1,0,0,0,0,0,0,1,0,0,0,0,1,0,0,0,0,1,1,0,0,0,0,0,0,0,0,0,0,0,0,0,0,0,0,0,0,0,0,0,0,0,0,0,0,0,0,0,0,0,0,0,0,0,0,0,0,0,0,0,0,0,0,0,0,0,0,0,0,0,0,0,0,0,0.0,0.0,0.0,0,0,0,0,0,0,0,0,0,0,0,46,1992,85756,87794,0,0,0.0,0.0,0.0,0,0.0,1,1,1,1,1,1,1,1
crushing endgame long,g5f5 h2h5 f6g5 h5f7 f5g4 f7c4,6k1/8/5B2/1R3K2/6p1/6P1/P4P1q/8 b - -,1749,87,-1,365,356,292348,1,45,1000,0,0,16,2,26,4,995,1,1.0,3.0,18.0,2.0,997.0,1.0,1000,0,0,11,10,1,21,3,0,1,1,0,1,1,0,0,0,1,1,1,0,1,0,0,1,0,0,0,0,0,0,0,0,0,0,0,0,0,0,0,0,0,0,0,0,0,0,0,0,0,0,0,0,0,0,0,0,0,0,0,0,0,0,0,0,0,0,0,0,0,0,0,0,0,0,0,0,0,0,0,0,0,0,0,0,0,0,0,0,0,0,0,0,1,1,1,1.0,1.0,1.0,1,1,1,3,1,2,1,1,1,2,1,14,366,5680,6060,3,3,0.0714285714285714,0.0027322404371584,0.0001760563380281,6,2.0,0,1,1,1,1,1,1,1
advantage long middlegame,g2e4 e8e4 c2e4 d5e4 d1d8 a8d8,r2qr1k1/pb3pp1/1p4n1/3p4/1P2B2p/P1P1N1P1/2Q1PP1P/3R1RK1 b - -,1568,75,-1,377,379,133456,1,33,1000,0,0,46,2,20,50,950,0,-186.0,3.0,19.0,0.0,9.0,991.0,1000,0,0,32,31,1,63,7,1,1,2,1,1,6,1,1,2,1,1,0,0,1,1,1,0,0,0,0,0,0,0,0,0,0,0,0,0,0,0,0,0,0,0,0,0,0,0,0,0,0,0,0,0,0,0,0,0,0,0,0,0,0,0,0,0,0,0,0,0,0,0,0,0,0,0,0,0,0,0,0,0,0,0,0,0,0,0,0,0,0,0,0,0,1,4,94,4.0,23.5,13.75,1,0,1,4,8,148,1,3,6,6,1,35,1358,48906,50299,2,99,0.0285714285714285,0.0029455081001472,0.0019220545536335,160,1.616161616161616,1,1,1,1,1,1,1,1
deflection equality middlegame short,f3b3 e8e1 b1e1 b7b3,4r1k1/1q3ppp/3B1n2/p2P4/8/PQ5P/5PPN/1R4K1 b - -,1780,91,-1,133,105,310382,1,42,577,423,0,-426,2,30,0,0,1000,-455.0,3.0,29.0,0.0,0.0,1000.0,958,42,0,25,21,4,46,5,1,1,1,1,1,4,1,0,1,1,1,0,0,0,1,0,0,1,0,0,0,0,0,0,0,0,0,0,0,0,0,0,0,0,0,0,0,0,0,0,0,1,0,0,0,0,0,0,0,0,0,0,0,0,0,0,0,0,0,1,0,0,0,0,0,0,0,0,0,0,0,0,0,0,0,0,0,0,0,0,0,0,0,0,0,0,0,0,0.0,0.0,0.0,0,0,0,0,0,0,0,0,0,0,0,37,1460,52850,54347,0,0,0.0,0.0,0.0,0,0.0,1,1,1,1,1,1,1,1
crushing endgame long,b8b7 e4e8 d8e8 e1e8 c8e8 f3b7,2rr2k1/1q3p2/p6p/6p1/4R3/1P3Q2/P5P1/4R2K w - -,1873,76,1,400,457,1094002,1,58,1000,0,0,10,2,23,3,996,1,-40.0,3.0,27.0,0.0,980.0,20.0,1000,0,0,22,23,-1,45,3,0,0,2,1,1,4,0,0,2,1,1,1,0,1,0,0,1,0,0,0,0,0,0,0,0,0,0,0,0,0,0,0,0,0,0,0,0,0,0,0,0,0,0,0,0,0,0,0,0,0,0,0,0,0,0,0,0,0,0,0,0,0,0,0,0,0,0,0,0,0,0,0,0,0,0,0,0,0,0,0,0,0,0,0,0,1,2,3,2.0,1.5,1.75,1,0,1,4,2,13,1,2,2,3,1,43,1638,69208,70889,2,6,0.0232558139534883,0.0012210012210012,4.3347589874003006e-05,19,3.1666666666666665,0,1,1,1,1,1,1,1
advantage long middlegame,b2b5 e6f7 b5f1 h1h2 f8c8 f7e6,1k3r2/ppp2r1p/1b1pQP1p/1q6/3P3P/2P3R1/P5P1/5R1K w - -,2693,117,1,245,271,179822,1,42,1000,0,0,-184,2,25,0,5,995,-231.0,3.0,26.0,0.0,0.0,1000.0,1000,0,0,25,28,-3,53,6,0,0,2,1,1,6,0,1,2,1,1,0,0,1,1,1,0,0,0,0,0,0,0,0,0,0,0,0,0,0,0,0,0,0,0,0,0,0,0,0,0,0,0,0,0,0,0,0,0,0,0,0,0,0,0,0,0,0,0,0,0,0,0,0,0,0,0,0,0,0,0,0,0,0,0,0,0,0,0,0,0,0,0,0,0,0,0,0,0.0,0.0,0.0,0,0,0,0,0,0,0,0,0,0,0,43,1582,61989,63614,0,0,0.0,0.0,0.0,0,0.0,0,0,0,0,1,1,1,1
endgame hookMate mate mateIn1 oneMove,c2d3 h2d2,7k/1p2R3/p3N3/3p4/2n5/2PK4/PP5r/8 b - -,1465,79,-1,-1500,-1500,88059,1,2,1000,0,0,48,2,36,34,966,0,3.0,3.0,18.0,2.0,997.0,1.0,1000,0,0,11,11,0,22,3,1,0,1,0,1,3,1,0,1,0,1,0,0,0,0,0,1,0,0,0,0,1,0,0,0,0,0,0,0,0,0,1,1,0,0,0,0,0,0,0,0,0,0,0,0,0,0,0,0,0,0,0,0,0,0,0,0,0,0,0,0,0,1,0,0,0,0,0,0,0,0,0,0,0,0,0,0,0,0,0,0,0,0,0,0,0,0,0,0.0,0.0,0.0,0,0,0,0,0,0,0,0,0,0,0,25,453,9519,9997,0,0,0.0,0.0,0.0,0,0.0,1,1,1,1,1,1,1,1
advantage deflection endgame short,c8d7 f1h3 d7c7 f8e7,5Q2/pp1kpp2/3p1n2/2pP4/2P1P3/2q2PK1/8/5B2 w - -,1878,76,1,200,204,105530,1,34,999,1,0,-196,2,21,0,2,998,-211.0,3.0,21.0,0.0,1.0,999.0,1000,0,0,16,18,-2,34,4,0,1,0,1,1,6,1,0,0,1,1,0,0,0,0,1,1,1,0,0,0,0,0,0,0,0,0,0,0,0,0,0,0,0,0,0,0,0,0,0,0,1,0,0,0,0,0,0,0,0,0,0,0,0,0,0,0,0,0,0,0,0,0,0,0,0,0,0,0,0,0,0,0,0,0,0,0,0,0,0,0,0,0,0,0,0,0,0,0.0,0.0,0.0,0,0,0,0,0,0,0,0,0,0,0,22,523,9979,10524,0,0,0.0,0.0,0.0,0,0.0,0,1,1,1,1,1,1,1
crushing exposedKing master middlegame pin skewer veryLong,f5e7 e6e7 g7f6 g5g6 f6e7 g6c6 e7d7 c6c5,r7/4n1k1/2b1R1n1/1p4R1/1P1p3p/3P1PpP/2N3P1/6K1 w - -,2210,78,1,381,414,127134,1,30,1000,0,0,-47,2,20,0,968,32,-221.0,3.0,21.0,0.0,0.0,1000.0,1000,0,0,18,18,0,36,5,1,0,2,0,1,4,2,1,1,0,1,1,0,0,1,0,0,0,0,0,0,0,0,0,1,0,0,1,0,1,1,0,0,0,1,0,0,0,0,0,0,0,0,0,0,0,0,0,0,0,0,0,0,0,0,0,0,0,0,0,0,0,0,0,0,0,0,0,0,0,0,0,0,0,0,0,0,0,0,0,0,0,0,0,0,1,1,6,1.0,6.0,3.5,1,1,0,1,1,18,1,1,1,2,1,27,753,18963,19743,2,8,0.037037037037037,0.0013280212483399,0.0003164056320202,20,2.5,0,1,0,1,1,1,1,1
advantage long middlegame,c8c2 a4a5 b6c5 d2b4 c5b4 a1a4,7r/pp1k1ppp/1q2p3/3pP3/Pb1n4/1P1Q4/2rB1PPP/RN3RK1 w - -,2496,88,1,282,283,189073,1,36,1000,0,0,-89,2,26,0,651,349,-99.0,3.0,16.0,0.0,518.0,482.0,1000,0,0,31,32,-1,63,6,1,1,2,1,1,7,1,1,2,1,1,0,0,1,1,1,0,0,0,0,0,0,0,0,0,0,0,0,0,0,0,0,0,0,0,0,0,0,0,0,0,0,0,0,0,0,0,0,0,0,0,0,0,0,0,0,0,0,0,0,0,0,0,0,0,0,0,0,0,0,0,0,0,0,0,0,0,0,0,0,0,0,0,0,0,1,2,2,2.0,1.0,1.5,1,0,2,1,2,4,1,2,2,5,1,38,1934,68868,70840,3,5,0.0263157894736842,0.0010341261633919,2.9041064064587326e-05,7,1.4,1,1,1,1,1,1,1,1
kingsideAttack master mate mateIn1 middlegame oneMove pillsburysMate,c1e1 e8e1,1kr1r3/1pp4p/p2b2p1/3N1p2/P7/3P1Q1P/2R2PP1/4R1K1 b - -,544,95,-1,-1500,-1500,123617,1,2,1000,0,0,-482,2,19,0,0,1000,-496.0,3.0,25.0,0.0,0.0,1000.0,1000,0,0,27,19,8,46,5,1,0,2,1,1,6,0,1,2,0,1,0,0,0,1,0,0,0,0,0,0,1,0,0,1,0,1,0,0,0,0,1,1,0,0,0,0,0,0,0,0,0,0,0,0,0,0,0,0,0,0,0,0,0,0,0,0,0,0,0,1,0,0,0,0,0,0,0,0,0,0,0,0,0,0,0,0,0,0,0,0,0,0,0,0,0,0,0,0.0,0.0,0.0,0,0,0,0,0,0,0,0,0,0,0,32,1358,40239,41629,0,0,0.0,0.0,0.0,0,0.0,1,1,1,1,1,1,1,1
advantage endgame long,c3g3 f1f8 g7g8 h8g8 g3g8 f8g8,7R/kppq2r1/p3p3/3p4/P2P4/BP4r1/1KP5/5Q2 w - -,1974,206,1,414,413,495337,1,45,1000,0,0,5,2,23,2,997,1,-192.0,3.0,21.0,0.0,3.0,997.0,1000,0,0,21,24,-3,45,4,0,1,1,1,1,5,0,0,2,1,1,0,0,1,0,1,1,0,0,0,0,0,0,0,0,0,0,0,0,0,0,0,0,0,0,0,0,0,0,0,0,0,0,0,0,0,0,0,0,0,0,0,0,0,0,0,0,0,0,0,0,0,0,0,0,0,0,0,0,0,0,0,0,0,0,0,0,0,0,0,0,0,0,0,0,1,1,1,1.0,1.0,1.0,1,1,1,7,1,1,1,1,1,1,1,48,1543,63789,65380,3,3,0.0208333333333333,0.000648088139987,1.567668406778598e-05,9,3.0,1,1,1,1,1,1,1,1
advantage fork master middlegame short,g2g7 e4d2 b1a1 d2f3,2r4k/6RP/8/3p4/pp1qn3/3N1Q2/PPP5/1K5R b - -,1101,88,-1,342,384,321845,1,28,1000,0,0,-157,2,26,0,24,976,-505.0,3.0,24.0,0.0,0.0,1000.0,1000,0,0,26,20,6,46,4,1,0,2,1,1,3,1,0,1,1,1,0,0,0,1,1,0,1,0,1,0,0,0,0,1,0,0,0,0,0,0,0,0,0,0,0,0,0,0,0,0,0,0,0,0,0,0,0,0,0,0,0,0,0,0,0,0,0,0,0,0,0,0,0,0,0,0,0,0,0,0,0,0,0,0,0,0,0,0,0,0,0,0,0,0,1,2,2,2.0,1.0,1.5,1,0,2,2,2,4,1,1,1,2,1,36,1637,55653,57326,3,5,0.0277777777777777,0.0012217470983506,3.593696656065262e-05,8,1.6,1,1,1,1,1,1,1,1
crushing middlegame short,e4e5 e7c5 e5d4 c5d4,2r1r1k1/3qbppp/pB6/3pQP2/2p5/P6P/BPP3P1/R4RK1 b - -,1021,85,-1,408,410,313274,1,29,1000,0,0,-73,2,24,0,831,169,-94.0,3.0,27.0,0.0,585.0,415.0,1000,0,0,31,28,3,59,6,0,2,2,1,1,6,0,1,2,1,1,1,0,0,1,0,0,1,0,0,0,0,0,0,0,0,0,0,0,0,0,0,0,0,0,0,0,0,0,0,0,0,0,0,0,0,0,0,0,0,0,0,0,0,0,0,0,0,0,0,0,0,0,0,0,0,0,0,0,0,0,0,0,0,0,0,0,0,0,0,0,0,0,0,0,1,2,2,2.0,1.0,1.5,1,0,2,2,2,4,1,2,2,3,1,37,1798,63668,65503,3,5,0.027027027027027,0.0011123470522803,3.141295470251932e-05,8,1.6,1,1,1,1,1,1,1,1
endgame mate mateIn1 oneMove,b7b3 d4g7,4b1k1/4P2p/p1p3pP/6q1/3Q4/Pr6/1PP3P1/1K6 w - -,1106,84,1,1500,1500,61640,1,2,1000,0,0,-211,2,22,0,1,999,-232.0,3.0,22.0,0.0,0.0,1000.0,1000,0,0,15,21,-6,36,6,0,0,0,1,1,4,0,1,1,1,1,0,0,0,0,0,1,0,0,0,0,1,0,0,0,0,0,0,0,0,0,1,1,0,0,0,0,0,0,0,0,0,0,0,0,0,0,0,0,0,0,0,0,0,0,0,0,0,0,0,0,0,0,0,0,0,0,0,0,0,0,0,0,0,0,0,0,0,0,0,0,0,0,0,0,0,0,0,0.0,0.0,0.0,0,0,0,0,0,0,0,0,0,0,0,33,1010,25561,26604,0,0,0.0,0.0,0.0,0,0.0,1,1,1,1,1,1,1,1
crushing endgame fork short,d4h4 g5f3 g1g2 f3h4,r7/8/p1k5/1p1p1pn1/7R/2P1P2P/5P2/R5K1 b - -,812,89,-1,441,477,1523989,1,52,1000,0,0,-37,2,15,0,983,17,-59.0,3.0,23.0,0.0,935.0,65.0,1000,0,0,14,12,2,26,4,0,0,2,0,1,4,1,0,1,0,1,1,0,0,0,0,1,1,0,1,0,0,0,0,0,0,0,0,0,0,0,0,0,0,0,0,0,0,0,0,0,0,0,0,0,0,0,0,0,0,0,0,0,0,0,0,0,0,0,0,0,0,0,0,0,0,0,0,0,0,0,0,0,0,0,0,0,0,0,0,0,0,0,0,0,1,3,3,3.0,1.0,2.0,1,0,3,2,3,6,1,1,1,2,1,24,633,14677,15334,4,7,0.0416666666666666,0.0047393364928909,0.0002044014444368,11,1.5714285714285714,1,1,1,1,1,1,1,1
advantage long middlegame skewer,c3d5 d6e5 d5f6 d8f6 d4c4 e5b2,1r1qr1k1/p1p2ppp/1p1b1n2/3N4/3Q4/1P4P1/PBP1PPKP/R3R3 b - -,2073,78,-1,394,408,378794,1,26,1000,0,0,-181,2,21,0,12,988,-191.0,3.0,19.0,0.0,7.0,993.0,1000,0,0,32,31,1,63,7,1,1,2,1,1,6,1,1,2,1,1,0,0,1,1,1,0,0,0,0,0,0,0,0,0,0,0,0,0,0,1,0,0,0,0,0,0,0,0,0,0,0,0,0,0,0,0,0,0,0,0,0,0,0,0,0,0,0,0,0,0,0,0,0,0,0,0,0,0,0,0,0,0,0,0,0,0,0,0,0,0,0,0,0,0,1,6,16,6.0,2.6666666666666665,4.333333333333333,1,0,2,1,10,40,1,2,5,5,1,37,1935,70267,72239,3,23,0.027027027027027,0.0031007751937984,0.0002277029046351,51,2.217391304347826,1,1,1,1,1,1,1,1
kingsideAttack mate mateIn1 middlegame oneMove,d1d7 g6g2,r4rk1/pb1Q2pp/1p2p1q1/2b5/2P5/P1N1B2P/1P2BPP1/R4RK1 b - -,924,88,-1,-1500,-1500,27220,1,2,1000,0,0,24,2,20,16,983,1,-54.0,3.0,24.0,0.0,923.0,77.0,1000,0,0,34,30,4,64,6,1,2,2,1,1,5,0,2,2,1,1,0,0,0,1,0,0,0,0,0,0,1,0,0,0,0,1,0,0,0,0,1,1,0,0,0,0,0,0,0,0,0,0,0,0,0,0,0,0,0,0,0,0,0,0,0,0,0,0,0,0,0,0,0,0,0,0,0,0,0,0,0,0,0,0,0,0,0,0,0,0,0,0,0,0,0,0,0,0.0,0.0,0.0,0,0,0,0,0,0,0,0,0,0,0,48,2603,112914,115565,0,0,0.0,0.0,0.0,0,0.0,1,1,1,1,1,1,1,1
crushing defensiveMove endgame knightEndgame master short,e6d7 d5b6 d7c6 b6a4,8/3k4/1p1n4/p2N4/2P1p3/PP2K3/8/8 w - -,2375,79,1,322,336,220201,1,43,1000,0,0,36,2,19,14,986,0,31.0,3.0,17.0,11.0,989.0,0.0,1000,0,0,6,6,0,12,3,1,0,0,0,1,3,1,0,0,0,1,1,0,0,0,0,1,1,0,0,0,0,0,0,1,0,0,0,0,0,0,0,0,0,0,0,0,0,0,0,0,0,0,0,0,0,0,0,0,0,0,1,0,1,0,0,0,0,0,0,0,0,0,0,0,0,0,0,0,0,0,0,0,0,0,0,0,0,0,0,0,0,0,0,0,1,6,28,6.0,4.666666666666667,5.333333333333334,1,0,1,2,6,37,1,1,3,3,1,15,205,2976,3196,2,35,0.0666666666666666,0.0292682926829268,0.0094086021505376,45,1.2857142857142858,0,1,0,1,1,1,1,1
crushing endgame short,f4d4 d5e4 d4e4 f3e4,8/2pR3p/1p1b3k/p2B2pP/P1Pr2P1/5P2/4r3/5R1K w - -,2255,83,1,283,333,97995,1,33,1000,0,0,4,2,20,2,997,1,-205.0,3.0,17.0,0.0,1.0,999.0,1000,0,0,18,18,0,36,5,0,1,2,0,1,5,0,1,2,0,1,1,0,0,0,0,1,1,0,0,0,0,0,0,0,0,0,0,0,0,0,0,0,0,0,0,0,0,0,0,0,0,0,0,0,0,0,0,0,0,0,0,0,0,0,0,0,0,0,0,0,0,0,0,0,0,0,0,0,0,0,0,0,0,0,0,0,0,0,0,0,0,0,0,0,1,1,1,1.0,1.0,1.0,1,1,1,1,1,1,1,1,1,2,1,24,738,17136,17898,3,3,0.0416666666666666,0.0013550135501355,5.835667600373483e-05,3,1.0,0,1,1,1,1,1,1,1
crushing endgame long pin,f3d5 f8f5 b7b8b c7b8 a5b5 f5d5,5r2/1Pk5/8/K2B4/8/1P6/8/8 b - -,1027,81,-1,445,477,73497,1,20,1000,0,0,6,2,17,2,997,1,0.0,3.0,18.0,1.0,998.0,1.0,1000,0,0,5,5,0,10,2,0,1,0,0,1,0,0,0,1,0,1,1,0,1,0,0,1,0,0,0,0,0,0,0,0,0,0,0,0,0,0,0,0,0,1,0,0,0,0,0,0,0,0,0,0,0,0,0,0,0,0,0,0,0,0,0,0,0,0,0,0,0,0,0,0,0,0,0,0,0,0,0,0,0,0,0,0,0,0,0,0,0,0,0,0,1,1,1,1.0,1.0,1.0,1,1,1,3,1,2,1,1,1,2,1,18,297,4317,4632,3,3,0.0555555555555555,0.0033670033670033,0.0002316423442205,6,2.0,0,1,1,1,1,1,1,1
advantage defensiveMove opening pin veryLong,b3b4 c7c5 b4c4 d8e7 f1e2 b6b5 c4d3 g4f5 d3d4 c5d4,r2q1k1r/p1p2ppp/1p6/8/1Q1n2b1/5NP1/PP1N1PP1/3RKB1R b K -,2464,85,-1,341,345,179150,1,31,1000,0,0,-509,2,20,0,0,1000,-511.0,3.0,31.0,0.0,0.0,1000.0,1000,0,0,33,31,2,64,5,2,1,2,1,1,6,1,1,2,1,1,0,0,0,0,1,0,0,0,0,0,0,0,0,0,0,0,1,0,0,0,0,0,1,1,0,0,0,0,0,0,0,0,0,0,0,0,0,0,0,0,0,0,1,0,0,0,0,0,0,0,0,0,0,0,0,0,0,0,0,0,0,0,0,0,0,0,0,0,0,0,0,0,0,0,1,2,4,2.0,2.0,2.0,1,0,0,2,7,4,1,2,1,3,1,5,163,6168,6336,1,7,0.2,0.0122699386503067,0.0006485084306095,13,1.8571428571428568,0,0,1,1,1,1,1,1
kingsideAttack mate mateIn1 middlegame oneMove,f4g5 h5h7,4rr1k/ppp3pp/3b1p2/6qQ/8/1PBB3P/P1P3P1/5RK1 w - -,790,83,1,1500,1500,424057,1,2,1000,0,0,-265,2,38,0,0,1000,-344.0,3.0,21.0,0.0,0.0,1000.0,1000,0,0,25,28,-3,53,5,0,2,1,1,1,6,0,1,2,1,1,0,0,0,1,0,0,0,0,0,0,1,0,0,0,0,1,0,0,0,0,1,1,0,0,0,0,0,0,0,0,0,0,0,0,0,0,0,0,0,0,0,0,0,0,0,0,0,0,0,0,0,0,0,0,0,0,0,0,0,0,0,0,0,0,0,0,0,0,0,0,0,0,0,0,0,0,0,0.0,0.0,0.0,0,0,0,0,0,0,0,0,0,0,0,46,2095,84423,86564,0,0,0.0,0.0,0.0,0,0.0,1,1,1,1,1,1,1,1
crushing fork master middlegame pin short,f8e6 f5e7 g8f8 e7g6,6k1/1pp2ppp/p3n1q1/4PN2/2P2Q2/1P1rBP1P/r4P1K/4R3 w - -,959,131,1,430,462,662917,1,32,1000,0,0,74,2,19,167,833,0,-328.0,3.0,22.0,0.0,0.0,1000.0,1000,0,0,26,28,-2,54,6,1,1,1,1,1,6,1,0,2,1,1,1,0,0,1,0,0,1,0,1,0,0,0,0,1,0,0,0,0,0,0,0,0,0,1,0,0,0,0,0,0,0,0,0,0,0,0,0,0,0,0,0,0,0,0,0,0,0,0,0,0,0,0,0,0,0,0,0,0,0,0,0,0,0,0,0,0,0,0,0,0,0,0,0,0,1,1,1,1.0,1.0,1.0,1,1,1,2,1,2,1,1,1,2,1,32,1313,41281,42626,3,3,0.03125,0.0007616146230007,2.4224219374530657e-05,5,1.6666666666666667,1,0,0,1,1,1,1,1
advantage intermezzo middlegame short,c7c8 g5f4 c1b1 f8c8,2Q2rk1/3R1p1p/p3p1p1/1p4q1/5P2/P1N5/BPP3bP/2K4R b - -,1602,77,-1,457,460,449724,1,34,1000,0,0,-346,2,21,0,0,1000,-365.0,3.0,17.0,0.0,0.0,1000.0,1000,0,0,30,23,7,53,5,1,1,2,1,1,6,0,1,1,1,1,0,0,0,1,1,0,1,0,0,0,0,0,0,0,0,0,0,0,0,0,0,0,0,0,0,0,0,0,0,0,0,0,0,0,0,0,0,0,0,0,0,0,0,0,0,0,0,1,0,0,0,0,0,0,0,0,0,0,0,0,0,0,0,0,0,0,0,0,0,0,0,0,0,0,1,1,1,1.0,1.0,1.0,1,1,1,1,1,3,1,1,1,3,1,34,1546,50658,52238,3,3,0.0294117647058823,0.000646830530401,1.9740218721623435e-05,5,1.6666666666666667,1,1,1,1,1,1,1,1
discoveredCheck doubleCheck mate mateIn2 middlegame operaMate short,f7f6 e2h5 e8f8 e1e8,r1b1k1nr/pppp2pp/3b1p2/3N2B1/3p4/8/PP1KBPPP/4R2R w kq -,1429,75,1,1500,1500,82860,1,4,1000,0,0,-143,2,22,0,63,937,-145.0,3.0,28.0,0.0,55.0,945.0,1000,0,0,24,27,-3,51,5,1,2,2,0,1,8,1,2,2,0,1,0,0,0,1,0,0,1,0,0,0,1,1,1,0,0,0,0,0,0,0,0,0,0,0,0,0,0,0,0,0,0,0,0,0,0,0,0,0,0,0,0,0,0,0,0,0,0,0,0,0,0,0,1,0,0,0,0,1,0,0,0,0,0,0,0,0,0,0,0,0,0,0,0,0,1,2,0,2.0,0.0,1.0,1,0,0,3,2,0,1,1,0,2,0,44,949,38450,39443,1,3,0.0227272727272727,0.0021074815595363,0.0,5,1.6666666666666667,0,0,1,1,1,1,1,1
endgame mate mateIn2 queenEndgame short,h5g4 c1f4 g4h5 f4f5,8/5p2/pq5p/1p6/6k1/6P1/P6P/2Q4K w - -,1893,76,1,1500,1500,93184,1,4,1000,0,0,-129,2,25,0,135,865,-132.0,3.0,31.0,0.0,115.0,885.0,1000,0,0,12,13,-1,25,3,0,0,0,1,1,4,0,0,0,1,1,0,0,0,0,0,1,1,0,0,0,1,1,0,0,0,0,0,0,0,0,0,0,0,0,0,0,0,0,0,0,0,0,0,0,0,0,0,0,0,0,0,0,0,1,0,0,0,0,0,0,0,0,0,0,0,0,0,0,0,0,0,0,0,0,0,0,0,0,0,0,0,0,0,0,1,2,1,2.0,0.5,1.25,1,0,1,3,2,3,1,1,1,2,0,25,488,10278,10791,2,4,0.04,0.0040983606557377,9.72951936174353e-05,8,2.0,0,1,1,1,1,1,1,1
advantage attraction long middlegame queensideAttack,d2c2 f5c2 b1c2 g4d1 g1d1 f4e3,r7/1pp4k/p2p3p/3Ppq2/2P2bb1/1N2R3/PPQ5/1K1N2R1 b - -,1861,76,-1,315,327,307820,1,41,1000,0,0,-211,2,18,0,1,999,-279.0,3.0,22.0,0.0,0.0,1000.0,1000,0,0,29,26,3,55,4,2,0,2,1,1,6,0,2,1,1,1,0,0,1,1,1,0,0,0,0,0,0,0,0,0,0,0,0,0,0,0,0,0,0,0,0,0,0,0,0,0,0,0,0,0,1,0,0,0,0,1,0,0,0,0,0,0,0,0,0,0,0,0,0,0,0,0,0,0,0,0,0,0,0,0,0,0,0,0,0,0,0,0,0,0,1,1,1,1.0,1.0,1.0,1,1,1,3,1,3,1,1,1,3,1,32,971,31036,32039,3,3,0.03125,0.0010298661174047,3.2220646990591574e-05,7,2.333333333333333,1,1,1,1,1,1,1,1
advantage fork intermezzo middlegame short,c3c1 f3f6 h8g8 d1c1,2r4k/p4p1p/b4p2/8/4P2P/1P1r1QP1/P4PB1/2qR2K1 w - -,1782,83,1,357,399,339858,1,40,1000,0,0,-533,2,25,0,0,1000,-547.0,3.0,26.0,0.0,0.0,1000.0,1000,0,0,23,26,-3,49,6,0,1,1,1,1,4,0,1,2,1,1,0,0,0,1,1,0,1,0,1,0,0,0,0,0,0,0,0,0,0,0,0,0,0,0,0,0,0,0,0,0,0,0,0,0,0,0,0,0,0,0,0,0,0,0,0,0,0,1,0,0,0,0,0,0,0,0,0,0,0,0,0,0,0,0,0,0,0,0,0,0,0,0,0,0,1,1,1,1.0,1.0,1.0,1,1,1,3,1,1,1,1,1,3,1,23,1009,26539,27571,3,3,0.0434782608695652,0.0009910802775024,3.768039489053845e-05,5,1.6666666666666667,1,1,1,1,1,1,1,1
attraction crushing long middlegame pin,f2g2 g4g2 g1g2 d5f4 g2g1 f4h5,8/6p1/4pk2/P2n1p1Q/2pP1Pr1/2P5/2qB2RP/R5K1 b - -,2147,77,-1,547,598,83844,1,20,1000,0,0,-90,2,17,0,662,338,-208.0,3.0,23.0,0.0,1.0,999.0,1000,0,0,27,21,6,48,5,0,1,2,1,1,4,1,0,1,1,1,1,0,1,1,0,0,0,0,0,0,0,0,0,0,0,0,0,0,0,0,0,0,0,1,0,0,0,0,0,0,0,0,0,0,1,0,0,0,0,0,0,0,0,0,0,0,0,0,0,0,0,0,0,0,0,0,0,0,0,0,0,0,0,0,0,0,0,0,0,0,0,0,0,0,1,1,1,1.0,1.0,1.0,1,1,1,2,1,2,1,1,1,3,1,28,761,17704,18493,3,3,0.0357142857142857,0.0013140604467805,5.648441030275644e-05,5,1.6666666666666667,1,1,1,1,1,1,1,1
advantage fork middlegame pin veryLong,d4e3 c7c1 b1c1 c8c1 e3c1 a5e1 g2f1 e1c1,2r3k1/2r1bppp/3ppn2/qp6/4P3/1Q2B1P1/PP3PBP/1RR3K1 b - -,1094,94,-1,314,368,90525,1,27,1000,0,0,19,2,17,11,988,1,-6.0,3.0,22.0,3.0,992.0,5.0,1000,0,0,31,31,0,62,6,0,2,2,1,1,6,1,1,2,1,1,0,0,0,1,1,0,0,0,1,0,0,0,0,0,0,0,1,0,0,0,0,0,0,1,0,0,0,0,0,0,0,0,0,0,0,0,0,0,0,0,0,0,0,0,0,0,0,0,0,0,0,0,0,0,0,0,0,0,0,0,0,0,0,0,0,0,0,0,0,0,0,0,0,0,1,2,2,2.0,1.0,1.5,1,0,2,6,3,11,1,2,2,3,1,42,1697,71710,73449,3,5,0.0238095238095238,0.0011785503830288,2.7890112954957463e-05,20,4.0,0,0,1,1,1,1,1,1
mate mateIn1 middlegame oneMove,g1h1 h3g2,r1r3k1/2p3p1/p2p3p/Pp1Pp3/4P3/3P1p1q/R1Q2P1N/4R2K b - -,850,78,-1,-1500,-1500,48965,1,2,1000,0,0,93,2,27,387,613,0,-36.0,3.0,23.0,0.0,981.0,19.0,1000,0,0,27,27,0,54,5,1,0,2,1,1,8,0,0,2,1,1,0,0,0,1,0,0,0,0,0,0,1,0,0,0,0,0,0,0,0,0,1,1,0,0,0,0,0,0,0,0,0,0,0,0,0,0,0,0,0,0,0,0,0,0,0,0,0,0,0,0,0,0,0,0,0,0,0,0,0,0,0,0,0,0,0,0,0,0,0,0,0,0,0,0,0,0,0,0.0,0.0,0.0,0,0,0,0,0,0,0,0,0,0,0,26,639,17302,17967,0,0,0.0,0.0,0.0,0,0.0,1,1,1,1,1,1,1,1
advantage middlegame short,e4d2 b1b4 d2f3 e5f3,4k1r1/p1p5/2P4p/3rNp2/1b1B1P1p/4PR1P/P2n3K/1R6 w - -,1465,84,1,333,338,156995,1,33,1000,0,0,-160,2,23,0,20,980,-240.0,3.0,27.0,0.0,0.0,1000.0,1000,0,0,21,21,0,42,5,1,1,2,0,1,5,1,1,2,0,1,0,0,0,1,1,0,1,0,0,0,0,0,0,0,0,0,0,0,0,0,0,0,0,0,0,0,0,0,0,0,0,0,0,0,0,0,0,0,0,0,0,0,0,0,0,0,0,0,0,0,0,0,0,0,0,0,0,0,0,0,0,0,0,0,0,0,0,0,0,0,0,0,0,0,1,1,1,1.0,1.0,1.0,1,1,1,3,2,2,1,1,1,2,1,29,1030,28010,29069,3,3,0.0344827586206896,0.0009708737864077,3.570153516601214e-05,7,2.333333333333333,1,1,1,1,1,1,1,1
discoveredCheck doubleCheck mate mateIn1 middlegame oneMove,g3h3 g4f2,rnb1k2r/ppB2p2/8/3p2p1/3Q2np/2N2N1K/PPP1B1PP/R6R b kq -,765,92,-1,-1500,-1500,116009,1,2,1000,0,0,-504,2,19,0,0,1000,-546.0,3.0,33.0,0.0,0.0,1000.0,1000,0,0,36,25,11,61,5,2,2,2,1,1,6,2,1,2,0,1,0,0,0,1,0,0,0,0,0,0,1,0,0,0,0,0,0,0,0,0,1,1,0,0,0,0,0,0,0,0,0,0,0,0,0,0,0,0,0,0,0,0,0,0,0,0,0,0,0,0,0,0,1,0,0,0,0,1,0,0,0,0,0,0,0,0,0,0,0,0,0,0,0,0,0,0,0,0.0,0.0,0.0,0,0,0,0,0,0,0,0,0,0,0,27,1331,33056,34414,0,0,0.0,0.0,0.0,0,0.0,1,1,1,1,1,1,1,1
mate mateIn1 middlegame oneMove,d5f4 h5h6,r5rk/pp3p2/5p1p/q4N1Q/5n2/8/P4PPP/R2R2K1 w - -,1116,145,1,1500,1500,62226,1,2,1000,0,0,-73,2,28,0,841,159,-290.0,3.0,26.0,0.0,0.0,1000.0,1000,0,0,26,27,-1,53,4,1,0,2,1,1,5,1,0,2,1,1,0,0,0,1,0,0,0,0,0,0,1,0,0,0,0,0,0,0,0,0,1,1,0,0,0,0,0,0,0,0,0,0,0,0,0,0,0,0,0,0,0,0,0,0,0,0,0,0,0,0,0,0,0,0,0,0,0,0,0,0,0,0,0,0,0,0,0,0,0,0,0,0,0,0,0,0,0,0.0,0.0,0.0,0,0,0,0,0,0,0,0,0,0,0,39,1679,60703,62421,0,0,0.0,0.0,0.0,0,0.0,1,1,1,1,1,1,1,1
kingsideAttack master mate mateIn1 middlegame oneMove,f8f6 g3g7,2r3k1/6pp/p1q2r2/1pn2p2/1B1pPP2/3Pn1QB/1PP2R1P/6RK w - -,400,98,1,1500,1500,145591,1,2,1000,0,0,4,2,34,5,992,3,-18.0,3.0,25.0,1.0,988.0,11.0,1000,0,0,31,31,0,62,6,0,2,2,1,1,6,2,0,2,1,1,0,0,0,1,0,0,0,0,0,0,1,0,0,1,0,1,0,0,0,0,1,1,0,0,0,0,0,0,0,0,0,0,0,0,0,0,0,0,0,0,0,0,0,0,0,0,0,0,0,0,0,0,0,0,0,0,0,0,0,0,0,0,0,0,0,0,0,0,0,0,0,0,0,0,0,0,0,0.0,0.0,0.0,0,0,0,0,0,0,0,0,0,0,0,33,1435,48218,49686,0,0,0.0,0.0,0.0,0,0.0,1,1,1,1,1,1,1,1
backRankMate endgame mate mateIn2 short,c8c1 a1a8 c1c8 a8c8,6k1/5ppp/8/8/1P2p3/3bQpP1/1q1P1K1P/R1r5 w - -,963,77,1,1500,1500,265838,1,4,1000,0,0,-187,2,18,0,4,996,-633.0,3.0,34.0,0.0,0.0,1000.0,1000,0,0,18,22,-4,40,4,0,0,1,1,1,5,0,1,1,1,1,0,0,0,0,0,1,1,0,0,0,1,1,0,0,0,0,0,0,0,0,0,0,0,0,0,1,0,0,0,0,0,0,0,0,0,0,0,0,0,0,0,0,0,0,0,0,0,0,0,0,0,0,0,0,0,0,0,0,0,0,0,0,0,0,0,0,0,0,0,0,0,0,0,0,1,1,0,1.0,0.0,0.5,1,1,0,7,7,0,1,1,0,1,0,25,967,25253,26245,2,2,0.04,0.0010341261633919,0.0,14,7.0,1,1,1,1,1,1,1,1
advancedPawn advantage attraction endgame exposedKing fork long sacrifice,e3e2 g6g7 f7g7 f5f6 g7f7 f6e7,8/4rkb1/R5R1/5P1p/P6P/6P1/1r2p3/4K3 w - -,1723,75,1,379,400,133682,1,39,1000,0,0,1500,2,17,0,0,1000,1500.0,3.0,17.0,0.0,0.0,1000.0,1000,0,0,14,15,-1,29,4,0,0,2,0,1,2,0,1,2,0,1,0,0,1,0,1,1,0,0,1,0,0,0,0,0,0,0,0,0,1,0,0,0,0,0,0,0,0,1,0,0,0,0,0,1,1,0,0,0,0,0,0,0,0,0,0,0,0,0,0,0,0,0,0,0,0,0,0,0,0,0,0,0,0,0,0,0,0,0,0,0,0,0,0,0,1,2,2,2.0,1.0,1.5,1,0,2,1,2,3,1,1,2,3,1,21,517,9967,10505,3,5,0.0476190476190476,0.0038684719535783,0.0002006621852111,6,1.2,0,1,1,1,1,1,1,1
crushing kingsideAttack middlegame short,f3g3 g6g3 f2g3 f5f1,r1b3k1/pp3p1p/6q1/2pp1r2/8/P1P1P1QP/1P3PP1/RN3R1K b - -,811,87,-1,665,677,372189,1,34,1000,0,0,92,2,22,381,619,0,-71.0,3.0,18.0,0.0,850.0,150.0,1000,0,0,29,28,1,57,7,1,0,2,1,1,6,0,1,2,1,1,1,0,0,1,0,0,1,0,0,0,0,0,0,0,0,1,0,0,0,0,0,0,0,0,0,0,0,0,0,0,0,0,0,0,0,0,0,0,0,0,0,0,0,0,0,0,0,0,0,0,0,0,0,0,0,0,0,0,0,0,0,0,0,0,0,0,0,0,0,0,0,0,0,0,1,4,4,4.0,1.0,2.5,1,0,4,3,7,12,1,1,1,2,1,26,682,20266,20974,5,9,0.0384615384615384,0.0058651026392961,0.0001973749136484,22,2.4444444444444446,0,1,1,1,1,1,1,1
endgame master mate mateIn1 oneMove,d2f2 f4h2,8/2R5/6pk/p3p2p/4Nq2/5n1P/P4RP1/7K b - -,1056,80,-1,-1500,-1500,344559,1,2,1000,0,0,32,2,30,12,988,0,-349.0,3.0,45.0,0.0,0.0,1000.0,1000,0,0,16,16,0,32,3,1,0,2,0,1,4,1,0,0,1,1,0,0,0,0,0,1,0,0,0,0,1,0,0,1,0,0,0,0,0,0,1,1,0,0,0,0,0,0,0,0,0,0,0,0,0,0,0,0,0,0,0,0,0,0,0,0,0,0,0,0,0,0,0,0,0,0,0,0,0,0,0,0,0,0,0,0,0,0,0,0,0,0,0,0,0,0,0,0.0,0.0,0.0,0,0,0,0,0,0,0,0,0,0,0,23,683,15429,16135,0,0,0.0,0.0,0.0,0,0.0,1,1,1,1,1,1,1,1
advancedPawn crushing endgame long rookEndgame,b5c5 e4e3 g5g6 e8f8 c5a5 e3e2,4k3/5p2/3r4/p1R3Pp/2P1p3/6P1/1KP4P/8 b - -,2591,89,-1,359,394,323429,1,29,1000,0,0,39,2,22,17,983,0,-56.0,3.0,16.0,0.0,946.0,54.0,1000,0,0,10,9,1,19,5,0,0,1,0,1,4,0,0,1,0,1,1,0,1,0,0,1,0,1,0,0,0,0,0,0,0,0,0,0,0,0,0,0,0,0,0,0,0,0,0,0,0,0,0,1,0,0,0,0,0,0,0,0,0,0,0,0,0,0,0,0,0,0,0,0,0,0,0,0,0,0,0,0,0,0,0,0,0,0,0,0,0,0,0,0,1,1,1,1.0,1.0,1.0,1,1,1,1,1,1,1,1,1,2,1,23,439,8138,8600,3,3,0.0434782608695652,0.0022779043280182,0.0001228803145736,3,1.0,0,1,1,1,1,1,1,1
crushing long middlegame,d2d3 e4d3 d1d3 c6c5 b2c3 c5d4,r4rk1/1p1b1pbp/p1pp2p1/8/2PNq3/1P1QP2P/PB3PP1/R2R2K1 b - -,1596,76,-1,359,351,146603,1,25,1000,0,0,-21,2,23,2,984,14,-26.0,3.0,20.0,1.0,980.0,19.0,1000,0,0,32,32,0,64,7,1,1,2,1,1,7,0,2,2,1,1,1,0,1,1,0,0,0,0,0,0,0,0,0,0,0,0,0,0,0,0,0,0,0,0,0,0,0,0,0,0,0,0,0,0,0,0,0,0,0,0,0,0,0,0,0,0,0,0,0,0,0,0,0,0,0,0,0,0,0,0,0,0,0,0,0,0,0,0,0,0,0,0,0,0,1,1,1,1.0,1.0,1.0,1,1,1,1,2,1,1,1,1,3,1,45,1602,69837,71484,3,3,0.0222222222222222,0.0006242197253433,1.431905723327176e-05,4,1.3333333333333333,0,1,0,1,1,1,1,1
mate mateIn1 middlegame oneMove queensideAttack,d2f3 e5b2,r5k1/ppp1p1b1/4N1Q1/3pq1Bp/7P/5N2/PPP2rP1/2KR4 b - -,996,78,-1,-1500,-1500,152334,1,2,1000,0,0,-437,2,17,0,0,1000,-558.0,3.0,27.0,0.0,0.0,1000.0,1000,0,0,28,28,0,56,5,2,1,1,1,1,6,0,1,2,1,1,0,0,0,1,0,0,0,0,0,0,1,0,0,0,0,0,0,0,0,0,1,1,0,0,0,0,0,0,0,0,0,0,0,0,0,0,0,0,0,1,0,0,0,0,0,0,0,0,0,0,0,0,0,0,0,0,0,0,0,0,0,0,0,0,0,0,0,0,0,0,0,0,0,0,0,0,0,0.0,0.0,0.0,0,0,0,0,0,0,0,0,0,0,0,34,1319,42593,43946,0,0,0.0,0.0,0.0,0,0.0,1,1,1,1,1,1,1,1
mate mateIn2 middlegame short,g4e3 e2h5 g7g6 h5g6,2bqkb1r/4p1p1/p6p/1pNPpp2/2r5/P1N1n3/1P2QPPP/R4RK1 w k -,1552,75,1,1500,1500,84257,1,4,1000,0,0,-10,2,26,3,987,10,-47.0,3.0,30.0,1.0,939.0,60.0,1000,0,0,31,35,-4,66,6,2,0,2,1,1,7,1,2,2,1,1,0,0,0,1,0,0,1,0,0,0,1,1,0,0,0,0,0,0,0,0,0,0,0,0,0,0,0,0,0,0,0,0,0,0,0,0,0,0,0,0,0,0,0,0,0,0,0,0,0,0,0,0,0,0,0,0,0,0,0,0,0,0,0,0,0,0,0,0,0,0,0,0,0,0,1,1,0,1.0,0.0,0.5,1,1,0,3,1,0,1,1,0,2,0,45,1547,66029,67621,2,2,0.0222222222222222,0.0006464124111182,0.0,4,2.0,1,1,1,1,1,1,1,1
crushing middlegame veryLong,c1f4 f8f4 e4h7 g8h8 h1g1 f4h4 f2f4 e5c5,4rrk1/pp4pp/2p1b3/4q3/4BB2/1PPQ4/P4PP1/R4R1K b - -,2232,77,-1,261,293,197258,1,35,1000,0,0,-25,2,24,1,988,11,-425.0,3.0,24.0,0.0,0.0,1000.0,1000,0,0,30,27,3,57,5,0,2,2,1,1,5,0,1,2,1,1,1,0,0,1,0,0,0,0,0,0,0,0,0,0,0,0,1,0,0,0,0,0,0,0,0,0,0,0,0,0,0,0,0,0,0,0,0,0,0,0,0,0,0,0,0,0,0,0,0,0,0,0,0,0,0,0,0,0,0,0,0,0,0,0,0,0,0,0,0,0,0,0,0,0,1,1,8,1.0,8.0,4.5,1,1,0,4,2,14,1,1,4,4,1,44,2096,88022,90162,2,10,0.0227272727272727,0.0004770992366412,9.088636931676173e-05,20,2.0,0,0,1,1,1,1,1,1
crushing endgame fork master short,c4f1 d5e3 f5e6 e3f1,8/5p2/6p1/1p1N1k2/1P1K4/2P3P1/8/5b2 w - -,967,80,1,519,487,59393,1,19,1000,0,0,20,2,19,5,995,0,1.0,3.0,27.0,1.0,998.0,1.0,1000,0,0,6,6,0,12,3,1,0,0,0,1,3,0,1,0,0,1,1,0,0,0,0,1,1,0,1,0,0,0,0,1,0,0,0,0,0,0,0,0,0,0,0,0,0,0,0,0,0,0,0,0,0,0,0,0,0,0,0,0,0,0,0,0,0,0,0,0,0,0,0,0,0,0,0,0,0,0,0,0,0,0,0,0,0,0,0,0,0,0,0,0,1,3,4,3.0,1.3333333333333333,2.1666666666666665,1,0,2,2,3,7,1,1,2,3,1,10,84,1017,1111,3,8,0.1,0.0357142857142857,0.0039331366764995,12,1.5,1,1,1,1,1,1,1,1
endgame mate mateIn2 short,c2b2 f4c1 b2a2 c8c2,2r5/3RQ2p/6pk/8/5q1P/1P6/1K6/8 b - -,2037,91,-1,-1500,-1500,164972,1,4,1000,0,0,19,2,21,5,995,0,0.0,3.0,35.0,2.0,996.0,2.0,1000,0,0,16,16,0,32,2,0,0,1,1,1,2,0,0,1,1,1,0,0,0,0,0,1,1,0,0,0,1,1,0,0,0,0,0,0,0,0,0,0,0,0,0,0,0,0,0,0,0,0,0,0,0,0,0,0,0,0,0,0,0,0,0,0,0,0,0,0,0,0,0,0,0,0,0,0,0,0,0,0,0,0,0,0,0,0,0,0,0,0,0,0,1,1,0,1.0,0.0,0.5,1,1,0,3,1,0,1,1,0,2,0,40,1104,32568,33712,2,2,0.025,0.0009057971014492,0.0,4,2.0,0,0,1,1,1,1,1,1
advantage fork long middlegame,g7g6 d2d4 e4h1 d4h8 e8d7 h8d8,r2qk2r/1p2bp2/p2pp1p1/8/4b2P/4B3/PPPQB3/2K3RR w kq -,1847,75,1,239,223,450073,1,40,999,1,0,-203,2,16,0,3,997,-265.0,3.0,23.0,0.0,0.0,1000.0,1000,0,0,29,31,-2,60,4,0,2,2,1,1,6,0,2,2,1,1,0,0,1,1,1,0,0,0,1,0,0,0,0,0,0,0,0,0,0,0,0,0,0,0,0,0,0,0,0,0,0,0,0,0,0,0,0,0,0,0,0,0,0,0,0,0,0,0,0,0,0,0,0,0,0,0,0,0,0,0,0,0,0,0,0,0,0,0,0,0,0,0,0,0,1,1,26,1.0,26.0,13.5,1,1,0,2,1,40,1,1,5,5,1,45,1662,76269,77976,2,28,0.0222222222222222,0.0006016847172081,0.0003408986613171,43,1.5357142857142858,1,0,1,1,1,1,1,1
advancedPawn advantage master middlegame pin short,h5h4 c5b6 e8c7 d6c7,2rknb2/3q1pp1/p1pP3r/1pQ1P3/5P1p/1P4P1/PB4K1/3R4 w - -,1184,76,1,265,309,437788,1,51,1000,0,0,-308,2,18,0,0,1000,-348.0,3.0,21.0,0.0,0.0,1000.0,1000,0,0,23,31,-8,54,6,0,1,1,1,1,6,1,1,2,1,1,0,0,0,1,1,0,1,0,0,0,0,0,0,1,0,0,0,0,0,0,0,0,0,1,0,0,0,0,0,0,0,0,0,1,0,0,0,0,0,0,0,0,0,0,0,0,0,0,0,0,0,0,0,0,0,0,0,0,0,0,0,0,0,0,0,0,0,0,0,0,0,0,0,0,0,0,0,0.0,0.0,0.0,0,0,0,0,0,0,0,0,0,0,0,44,1388,54431,55863,0,0,0.0,0.0,0.0,0,0.0,1,1,1,1,1,1,1,1
crushing kingsideAttack opening short,c1g5 e5f3 d1f3 d8g5,r2qk1nr/pbpp1pbp/1p2p1p1/3Pn1B1/2P1P3/3B1N2/PP3PPP/RN1Q1RK1 b kq -,1062,80,-1,440,442,437027,1,32,1000,0,0,-44,2,20,4,892,104,-85.0,3.0,23.0,1.0,639.0,360.0,1000,0,0,39,39,0,78,8,2,2,2,1,1,8,2,2,2,1,1,1,0,0,0,0,0,1,0,0,0,0,0,0,0,0,1,0,0,0,0,0,0,1,0,0,0,0,0,0,0,0,0,0,0,0,0,0,0,0,0,0,0,0,0,0,0,0,0,0,0,0,0,0,0,0,0,0,0,0,0,0,0,0,0,0,0,0,0,0,0,0,0,0,0,1,1,1,1.0,1.0,1.0,1,1,1,2,2,3,1,1,1,2,1,34,1278,44196,45508,3,3,0.0294117647058823,0.0007824726134585,2.2626482034573264e-05,7,2.333333333333333,1,1,1,1,1,1,1,1
advantage endgame long master,b1d1 f6f3 e2f3 e4f3 g2f3 d8d1,3r3k/p1p3p1/1p3q1p/4b3/2P1p3/1P2B1P1/P3QPKP/3R4 b - -,1691,75,-1,492,498,188752,1,31,1000,0,0,-20,2,19,0,994,6,-38.0,3.0,27.0,0.0,982.0,18.0,1000,0,0,23,23,0,46,6,0,1,1,1,1,6,0,1,1,1,1,0,0,1,0,1,1,0,0,0,0,0,0,0,1,0,0,0,0,0,0,0,0,0,0,0,0,0,0,0,0,0,0,0,0,0,0,0,0,0,0,0,0,0,0,0,0,0,0,0,0,0,0,0,0,0,0,0,0,0,0,0,0,0,0,0,0,0,0,0,0,0,0,0,0,1,1,1,1.0,1.0,1.0,1,1,1,3,1,7,1,1,1,3,1,43,1755,71057,72855,3,3,0.0232558139534883,0.0005698005698005,1.4073208832345865e-05,11,3.6666666666666665,1,1,1,1,1,1,1,1
endgame long mate mateIn3 pillsburysMate,g8h8 f1h1 c8h3 h1h3 e5h5 h3h5,2b2r1k/pp4p1/2p5/4r3/2B5/1P6/P4pK1/5R2 w - -,1090,84,1,1500,1500,129626,1,6,1000,0,0,-660,2,25,0,0,1000,-674.0,3.0,24.0,0.0,0.0,1000.0,1000,0,0,10,18,-8,28,2,0,1,1,0,1,5,0,1,2,0,1,0,0,1,0,0,1,0,0,0,0,1,0,0,0,0,0,0,0,0,0,0,0,0,0,0,0,0,0,0,0,0,0,0,0,0,0,1,0,0,0,0,0,0,0,0,0,0,0,0,1,0,0,0,0,0,0,0,0,0,0,0,0,0,0,0,0,0,0,0,0,0,0,0,0,1,1,1,1.0,1.0,1.0,1,1,1,2,5,2,1,1,1,2,0,22,759,15979,16760,3,3,0.0454545454545454,0.0013175230566534,6.258213905751299e-05,9,3.0,1,1,1,1,1,1,1,1
master mate mateIn1 middlegame oneMove,d1f3 d6h2,r1b1k2r/1p3p2/p1pqp3/2b2Ppp/4P1n1/2NB1Q1P/PPP3P1/R3BR1K b kq -,1018,84,-1,-1500,-1500,32930,1,2,1000,0,0,119,2,19,714,286,0,64.0,3.0,23.0,151.0,849.0,0.0,1000,0,0,35,35,0,70,7,1,2,2,1,1,7,1,2,2,1,1,0,0,0,1,0,0,0,0,0,0,1,0,0,1,0,0,0,0,0,0,1,1,0,0,0,0,0,0,0,0,0,0,0,0,0,0,0,0,0,0,0,0,0,0,0,0,0,0,0,0,0,0,0,0,0,0,0,0,0,0,0,0,0,0,0,0,0,0,0,0,0,0,0,0,0,0,0,0.0,0.0,0.0,0,0,0,0,0,0,0,0,0,0,0,46,1583,70942,72571,0,0,0.0,0.0,0.0,0,0.0,1,1,1,1,1,1,1,1
attraction crushing deflection master middlegame short,d8c7 e1e7 d7e7 a7c7,1r3r2/Q1qk3p/2pp1npb/2p2P2/8/2N5/PP3PPP/4RRK1 w - -,1111,82,1,730,809,4343323,1,59,1000,0,0,-256,2,19,0,0,1000,-291.0,3.0,18.0,0.0,0.0,1000.0,1000,0,0,28,30,-2,58,6,1,0,2,1,1,5,1,1,2,1,1,1,0,0,1,0,0,1,0,0,0,0,0,0,1,0,0,0,0,0,0,0,0,0,0,0,0,0,0,0,0,1,0,0,0,1,0,0,0,0,0,0,0,0,0,0,0,0,0,0,0,0,0,0,0,0,0,0,0,0,0,0,0,0,0,0,0,0,0,0,0,0,0,0,0,1,2,2,2.0,1.0,1.5,1,0,2,6,2,4,1,1,1,2,1,40,1381,53512,54933,3,5,0.025,0.001448225923244,3.737479443863059e-05,12,2.4,1,1,1,1,1,1,1,1
advantage middlegame short,b7d5 a3e7 d8d7 e6d7,rn1q2k1/p1p1nrpp/1p2Q3/3b4/3P4/B1P1P3/P3NPPP/R4RK1 w - -,1353,75,1,257,237,567285,1,44,999,1,0,-253,2,22,0,0,1000,-256.0,3.0,19.0,0.0,0.0,1000.0,1000,0,0,32,33,-1,65,7,1,1,2,1,1,5,2,1,2,1,1,0,0,0,1,1,0,1,0,0,0,0,0,0,0,0,0,0,0,0,0,0,0,0,0,0,0,0,0,0,0,0,0,0,0,0,0,0,0,0,0,0,0,0,0,0,0,0,0,0,0,0,0,0,0,0,0,0,0,0,0,0,0,0,0,0,0,0,0,0,0,0,0,0,0,1,1,1,1.0,1.0,1.0,1,1,1,4,2,2,1,1,1,2,1,42,1369,55754,57165,3,3,0.0238095238095238,0.0007304601899196,1.7935932847867417e-05,8,2.6666666666666665,0,1,1,1,1,1,1,1
kingsideAttack mate mateIn1 middlegame oneMove,a1c1 c7h2,1br2rk1/ppqn2pp/4p3/1P6/P3B3/8/1B3PPP/2RQ1RK1 b - -,850,79,-1,-1500,-1500,66151,1,2,1000,0,0,-59,2,31,0,915,85,-132.0,3.0,21.0,0.0,135.0,865.0,1000,0,0,30,30,0,60,5,0,2,2,1,1,5,1,1,2,1,1,0,0,0,1,0,0,0,0,0,0,1,0,0,0,0,1,0,0,0,0,1,1,0,0,0,0,0,0,0,0,0,0,0,0,0,0,0,0,0,0,0,0,0,0,0,0,0,0,0,0,0,0,0,0,0,0,0,0,0,0,0,0,0,0,0,0,0,0,0,0,0,0,0,0,0,0,0,0.0,0.0,0.0,0,0,0,0,0,0,0,0,0,0,0,38,1737,67972,69747,0,0,0.0,0.0,0.0,0,0.0,1,1,1,1,1,1,1,1
mate mateIn1 oneMove opening,f6d5 f4f7,r2q1k1r/pbp1bppp/1p2p3/1B1nN3/3P1Q2/8/PPP2PPP/R1B2RK1 w - -,453,109,1,1500,1500,81183,1,2,1000,0,0,166,2,26,958,42,0,132.0,3.0,25.0,818.0,182.0,0.0,1000,0,0,35,35,0,70,7,1,2,2,1,1,7,1,2,2,1,1,0,0,0,0,0,0,0,0,0,0,1,0,0,0,0,0,0,0,0,0,1,1,1,0,0,0,0,0,0,0,0,0,0,0,0,0,0,0,0,0,0,0,0,0,0,0,0,0,0,0,0,0,0,0,0,0,0,0,0,0,0,0,0,0,0,0,0,0,0,0,0,0,0,0,0,0,0,0.0,0.0,0.0,0,0,0,0,0,0,0,0,0,0,0,45,1435,64035,65515,0,0,0.0,0.0,0.0,0,0.0,1,1,1,1,1,1,1,1
crushing middlegame short,g1g2 b8h2 g2f3 h2f2,1q5k/1b2Q1pp/pb3p2/1p6/1P2P3/PB3n2/5PKP/3RR3 b - -,1829,77,-1,603,630,403221,1,51,1000,0,0,-391,2,18,0,0,1000,-437.0,3.0,16.0,0.0,0.0,1000.0,1000,0,0,27,23,4,50,5,0,1,2,1,1,5,1,2,0,1,1,1,0,0,1,0,0,1,0,0,0,0,0,0,0,0,0,0,0,0,0,0,0,0,0,0,0,0,0,0,0,0,0,0,0,0,0,0,0,0,0,0,0,0,0,0,0,0,0,0,0,0,0,0,0,0,0,0,0,0,0,0,0,0,0,0,0,0,0,0,0,0,0,0,0,1,1,0,1.0,0.0,0.5,1,1,0,6,1,0,1,1,0,2,1,40,1594,54033,55667,2,2,0.025,0.0006273525721455,0.0,7,3.5,0,1,1,1,1,1,1,1
crushing endgame fork short,f6d7 f4e6 g7g8 e6f8,5q2/3n1rk1/3p2p1/p1p5/1pP2NP1/3PNp1P/PP5K/3Q4 w - -,858,101,1,347,357,116090,1,21,1000,0,0,-193,2,28,0,2,998,-383.0,3.0,22.0,0.0,0.0,1000.0,1000,0,0,21,23,-2,44,6,2,0,0,1,1,6,1,0,1,1,1,1,0,0,0,0,1,1,0,1,0,0,0,0,0,0,0,0,0,0,0,0,0,0,0,0,0,0,0,0,0,0,0,0,0,0,0,0,0,0,0,0,0,0,0,0,0,0,0,0,0,0,0,0,0,0,0,0,0,0,0,0,0,0,0,0,0,0,0,0,0,0,0,0,0,1,2,2,2.0,1.0,1.5,1,0,2,2,2,4,1,1,1,2,1,33,790,24375,25198,3,5,0.0303030303030303,0.0025316455696202,8.205128205128205e-05,8,1.6,1,1,1,1,1,1,1,1
advantage endgame hangingPiece short,e6d5 e7d8 d5c6 e1d3,3r4/ppp1Q3/1b3P2/3k4/4qp2/P1Pr4/1P3P2/1K2N3 w - -,2019,80,1,279,248,124484,1,37,1000,0,0,0,2,11,2,997,1,-515.0,3.0,24.0,0.0,0.0,1000.0,1000,0,0,17,26,-9,43,5,1,0,0,1,1,4,0,1,2,1,1,0,1,0,0,1,1,1,0,0,0,0,0,0,0,0,0,0,0,0,0,0,0,0,0,0,0,0,0,0,0,0,0,0,0,0,0,0,0,0,0,0,0,0,0,0,0,0,0,0,0,0,0,0,0,0,0,0,0,0,0,0,0,0,0,0,0,0,0,0,0,0,0,0,0,1,1,2,1.0,2.0,1.5,1,1,0,1,1,2,1,1,1,2,1,28,881,20926,21835,2,4,0.0357142857142857,0.0011350737797956,9.557488292076844e-05,4,1.0,1,1,1,1,1,1,1,1
crushing fork middlegame short,e3d5 d4f3 g1g2 f3d2,4k2r/1pb3pp/p4p2/2PNp2b/1PBn4/P5P1/3B1P1P/5RK1 b k -,1251,78,-1,419,445,192582,1,30,1000,0,0,0,2,17,1,997,2,-6.0,3.0,22.0,1.0,997.0,2.0,1000,0,0,20,20,0,40,6,1,2,1,0,1,6,1,2,1,0,1,1,0,0,1,0,0,1,0,1,0,0,0,0,0,0,0,0,0,0,0,0,0,0,0,0,0,0,0,0,0,0,0,0,0,0,0,0,0,0,0,0,0,0,0,0,0,0,0,0,0,0,0,0,0,0,0,0,0,0,0,0,0,0,0,0,0,0,0,0,0,0,0,0,0,1,2,2,2.0,1.0,1.5,1,0,2,2,2,4,1,1,1,2,1,34,1116,34226,35376,3,5,0.0294117647058823,0.0017921146953405,5.843510781277391e-05,8,1.6,1,1,1,1,1,1,1,1
advantage endgame pin short,g5f4 f8h6 c1b1 h6f4,2r1kb2/5p1p/p3p3/1p2P3/1Pq2Q2/P1p3P1/2P4P/2KR1R2 b - -,2196,75,-1,477,543,760356,1,52,1000,0,0,-244,2,20,0,0,1000,-277.0,3.0,21.0,0.0,0.0,1000.0,1000,0,0,25,23,2,48,6,0,0,2,1,1,6,0,1,1,1,1,0,0,0,0,1,1,1,0,0,0,0,0,0,0,0,0,0,0,0,0,0,0,0,1,0,0,0,0,0,0,0,0,0,0,0,0,0,0,0,0,0,0,0,0,0,0,0,0,0,0,0,0,0,0,0,0,0,0,0,0,0,0,0,0,0,0,0,0,0,0,0,0,0,0,1,1,1,1.0,1.0,1.0,1,1,1,2,2,2,1,1,1,2,1,31,933,27370,28334,3,3,0.032258064516129,0.0010718113612004,3.653635367190354e-05,6,2.0,0,1,1,1,1,1,1,1
endgame mate mateIn2 short,c1b1 e3e1 c3d1 e1d1,7R/pp1n1p2/1kp1p3/3p4/5P2/2N1q3/PPP4Q/1K6 b - -,733,84,-1,-1500,-1500,82730,1,4,1000,0,0,-370,2,23,0,0,1000,-411.0,3.0,23.0,0.0,0.0,1000.0,1000,0,0,21,18,3,39,4,1,0,1,1,1,6,1,0,0,1,1,0,0,0,0,0,1,1,0,0,0,1,1,0,0,0,0,0,0,0,0,0,0,0,0,0,0,0,0,0,0,0,0,0,0,0,0,0,0,0,0,0,0,0,0,0,0,0,0,0,0,0,0,0,0,0,0,0,0,0,0,0,0,0,0,0,0,0,0,0,0,0,0,0,0,1,1,0,1.0,0.0,0.5,1,1,0,2,2,0,1,1,0,2,0,32,1044,30576,31652,2,2,0.03125,0.0009578544061302,0.0,4,2.0,1,1,1,1,1,1,1,1
crushing endgame fork master queenRookEndgame short,e3e2 a7a2 e2e3 a2b3,8/Q7/7r/8/6K1/1r4p1/4k1P1/8 w - -,1330,80,1,469,485,88804,1,25,1000,0,0,19,2,15,5,995,0,7.0,3.0,16.0,2.0,997.0,1.0,1000,0,0,10,11,-1,21,1,0,0,0,1,1,1,0,0,2,0,1,1,0,0,0,0,1,1,0,1,0,0,0,0,1,0,0,0,0,0,0,0,0,0,0,0,0,0,0,0,0,0,0,0,0,0,0,0,0,0,0,0,0,0,0,0,1,0,0,0,0,0,0,0,0,0,0,0,0,0,0,0,0,0,0,0,0,0,0,0,0,0,0,0,0,1,4,4,4.0,1.0,2.5,1,0,4,5,4,4,1,2,1,3,1,24,620,13246,13890,5,9,0.0416666666666666,0.0064516129032258,0.0003019779556092,13,1.4444444444444444,0,1,1,1,1,1,1,1
backRankMate endgame mate mateIn2 short,b4b5 c3c8 e5e8 c8e8,6k1/5ppp/8/1r2rP2/6P1/2RK3P/8/7B w - -,570,108,1,1500,1500,84897,1,4,1000,0,0,-269,2,19,0,0,1000,-288.0,3.0,23.0,0.0,0.0,1000.0,1000,0,0,11,13,-2,24,3,0,1,1,0,1,3,0,0,2,0,1,0,0,0,0,0,1,1,0,0,0,1,1,0,0,0,0,0,0,0,0,0,0,0,0,0,1,0,0,0,0,0,0,0,0,0,0,0,0,0,0,0,0,0,0,0,0,0,0,0,0,0,0,0,0,0,0,0,0,0,0,0,0,0,0,0,0,0,0,0,0,0,0,0,0,1,1,0,1.0,0.0,0.5,1,1,0,5,3,0,1,1,0,1,0,23,587,12684,13294,2,2,0.0434782608695652,0.0017035775127768,0.0,8,4.0,1,1,1,1,1,1,1,1
advantage discoveredAttack discoveredCheck middlegame short,f4f6 g2d5 h4g6 d5a8,r1b2rk1/5p1p/p3pq2/1p1p4/7n/1P5P/P1P1QPB1/1K1R2R1 w - -,1770,75,1,355,346,106092,1,23,1000,0,0,-256,2,21,0,0,1000,-301.0,3.0,27.0,0.0,0.0,1000.0,1000,0,0,27,31,-4,58,5,0,1,2,1,1,6,1,1,2,1,1,0,0,0,1,1,0,1,0,0,0,0,0,0,0,0,0,0,0,0,0,0,0,0,0,0,0,1,0,0,0,0,0,0,0,0,0,0,0,0,0,0,0,0,0,0,0,0,0,0,0,0,0,1,0,0,0,0,0,0,0,0,0,0,0,0,0,0,0,0,0,0,0,0,0,1,2,2,2.0,1.0,1.5,1,0,2,3,3,6,1,2,1,3,1,36,1046,35266,36348,3,5,0.0277777777777777,0.0019120458891013,5.67118471048602e-05,12,2.4,0,1,1,1,1,1,1,1
arabianMate endgame exposedKing fork long master mate mateIn3,a4a3 d4b5 a3a2 b5c3 a2a1 b4b1,Q7/8/3B4/2p5/1rkn4/K7/8/8 b - -,2194,76,-1,-1500,-1500,112291,1,6,1000,0,0,-182,2,16,0,5,995,-195.0,3.0,27.0,0.0,2.0,998.0,1000,0,0,12,9,3,21,0,0,1,0,1,1,1,1,0,1,0,1,0,0,1,0,0,1,0,0,1,0,1,0,0,1,0,0,0,0,1,0,0,0,0,0,0,0,0,0,0,0,0,0,0,0,0,0,1,0,0,0,0,0,0,0,0,0,0,0,0,0,0,0,0,0,0,0,0,0,1,0,0,0,0,0,0,0,0,0,0,0,0,0,0,0,1,1,1,1.0,1.0,1.0,1,1,1,2,1,2,1,1,1,2,0,19,415,7444,7878,3,3,0.0526315789473684,0.0024096385542168,0.0001343363782912,5,1.6666666666666667,0,0,1,1,1,1,1,1
advantage defensiveMove middlegame short,c6c1 a1c1 c7c1 g3f1,2r5/2r3k1/p3b1pp/3pn3/3R4/4P1N1/PQ4PP/R1q3K1 w - -,1860,77,1,230,234,379918,1,37,1000,0,0,-486,2,26,0,0,1000,-688.0,3.0,17.0,0.0,0.0,1000.0,1000,0,0,26,29,-3,55,4,1,0,2,1,1,4,1,1,2,1,1,0,0,0,1,1,0,1,0,0,0,0,0,0,0,0,0,0,0,0,0,0,0,0,0,0,0,0,0,0,0,0,0,0,0,0,0,0,0,0,0,0,0,1,0,0,0,0,0,0,0,0,0,0,0,0,0,0,0,0,0,0,0,0,0,0,0,0,0,0,0,0,0,0,0,0,0,0,0.0,0.0,0.0,0,0,0,0,0,0,0,0,0,0,0,5,230,8223,8458,0,0,0.0,0.0,0.0,0,0.0,0,1,1,1,1,1,1,1
advantage long master middlegame,f7e6 f6e5 d6e7 d8e7 f3e3 e7e6,2rq1r2/4p1kp/pn1PBbp1/1p2N3/3PR3/P4Q2/1P3PPP/3R2K1 b - -,1892,75,-1,146,137,59692,1,21,885,115,0,-254,2,24,0,0,1000,-316.0,3.0,19.0,0.0,0.0,1000.0,983,17,0,32,30,2,62,7,1,1,2,1,1,5,1,1,2,1,1,0,0,1,1,1,0,0,0,0,0,0,0,0,1,0,0,0,0,0,0,0,0,0,0,0,0,0,0,0,0,0,0,0,0,0,0,0,0,0,0,0,0,0,0,0,0,0,0,0,0,0,0,0,0,0,0,0,0,0,0,0,0,0,0,0,0,0,0,0,0,0,0,0,0,0,0,0,0.0,0.0,0.0,0,0,0,0,0,0,0,0,0,0,0,33,1796,61421,63250,0,0,0.0,0.0,0.0,0,0.0,0,1,1,1,1,1,1,1
endgame hangingPiece mate mateIn2 short,h2h1 f4f1 h1h2 f1g2,6k1/1Q4p1/p1p4p/3pP3/P3bq2/2N4P/1P4P1/5B1K b - -,976,75,-1,-1500,-1500,244125,1,4,1000,0,0,-260,2,29,0,0,1000,-328.0,3.0,20.0,0.0,0.0,1000.0,1000,0,0,20,17,3,37,5,1,1,0,1,1,5,0,1,0,1,1,0,1,0,0,0,1,1,0,0,0,1,1,0,0,0,0,0,0,0,0,0,0,0,0,0,0,0,0,0,0,0,0,0,0,0,0,0,0,0,0,0,0,0,0,0,0,0,0,0,0,0,0,0,0,0,0,0,0,0,0,0,0,0,0,0,0,0,0,0,0,0,0,0,0,1,1,0,1.0,0.0,0.5,1,1,0,3,1,0,1,1,0,2,0,33,1012,28857,29902,2,2,0.0303030303030303,0.0009881422924901,0.0,4,2.0,1,1,1,1,1,1,1,1
mate mateIn1 middlegame oneMove pillsburysMate,d8c8 e1e8,2k2b1r/1p1n1ppp/1B6/1p6/8/5K2/PPr2PPP/3RR3 w - -,835,105,1,1500,1500,108482,1,2,1000,0,0,-332,2,20,0,0,1000,-340.0,3.0,34.0,0.0,0.0,1000.0,1000,0,0,18,21,-3,39,5,0,1,2,0,1,5,1,1,2,0,1,0,0,0,1,0,0,0,0,0,0,1,0,0,0,0,0,0,0,0,0,1,1,0,0,0,0,0,0,0,0,0,0,0,0,0,0,0,0,0,0,0,0,0,0,0,0,0,0,0,1,0,0,0,0,0,0,0,0,0,0,0,0,0,0,0,0,0,0,0,0,0,0,0,0,0,0,0,0.0,0.0,0.0,0,0,0,0,0,0,0,0,0,0,0,39,1097,38235,39371,0,0,0.0,0.0,0.0,0,0.0,1,1,1,1,1,1,1,1
crushing endgame exposedKing long master,f8d8 f4d6 d8d6 c5d6 e7d6 d3d4,2rr4/1p2k1p1/p5p1/P1P3N1/3bPBpP/3K2P1/2P5/7R w - -,1474,81,1,494,495,105464,1,32,1000,0,0,-201,2,26,0,1,999,-229.0,3.0,25.0,0.0,0.0,1000.0,1000,0,0,17,18,-1,35,6,1,1,1,0,1,5,0,1,2,0,1,1,0,1,0,0,1,0,0,0,0,0,0,0,1,0,0,0,0,1,0,0,0,0,0,0,0,0,0,0,0,0,0,0,0,0,0,0,0,0,0,0,0,0,0,0,0,0,0,0,0,0,0,0,0,0,0,0,0,0,0,0,0,0,0,0,0,0,0,0,0,0,0,0,0,1,1,1,1.0,1.0,1.0,1,1,1,2,1,2,1,1,1,3,1,29,766,16321,17116,3,3,0.0344827586206896,0.0013054830287206,6.127075546841493e-05,5,1.6666666666666667,1,1,1,1,1,1,1,1
